Classifier1,Classifier2,Classifier3,Classifier4,UsingID,SWStart,SWEnd,HWStart,HWEnd,Min_since_last_Dist,Max_since_last_Dist,Last_Dist_ID,Min_tot_biom_C,Max_tot_biom_C,Min_merch_soft_biom_C,Max_merch_soft_biom_C,Min_merch_hard_biom_C,Max_merch_hard_biom_C,Min_tot_stem_snag_C,Max_tot_stem_snag_C,Min_tot_soft_stem_snag_C,Max_tot_soft_stem_snag_C,Min_tot_hard_stem_snag_C,Max_tot_hard_stem_snag_C,Min_tot_merch_stem_snag_C,Max_tot_merch_stem_snag_C,Min_tot_merch_soft_stem_snag_C,Max_tot_merch_soft_stem_snag_C,Min_tot_merch_hard_stem_snag_C,Max_tot_merch_hard_stem_snag_C,Efficency,Sort_Type,Measurement_type,Amount,Dist_Type_ID,Step
SNFGB-mineral,YC6,?,?,FALSE,30,200,30,200,-1,-1,-1,-1,-1,-1,-1,-1,-1,-1,-1,-1,-1,-1,-1,-1,-1,-1,-1,-1,-1,1,3,A,400,DISTID7,2
Cbmix-Bl,YC10,?,?,FALSE,30,200,30,200,-1,-1,-1,-1,-1,-1,-1,-1,-1,-1,-1,-1,-1,-1,-1,-1,-1,-1,-1,-1,-1,1,3,A,400,DISTID7,2
FGB,YC6,?,?,FALSE,30,200,30,200,-1,-1,-1,-1,-1,-1,-1,-1,-1,-1,-1,-1,-1,-1,-1,-1,-1,-1,-1,-1,-1,1,3,A,400,DISTID7,2
SNFGB-mineral,YC6,?,?,FALSE,30,200,30,200,-1,-1,-1,-1,-1,-1,-1,-1,-1,-1,-1,-1,-1,-1,-1,-1,-1,-1,-1,-1,-1,1,3,A,800,DISTID7,3
SNFGB-mineral,YC6,?,?,FALSE,30,200,30,200,-1,-1,-1,-1,-1,-1,-1,-1,-1,-1,-1,-1,-1,-1,-1,-1,-1,-1,-1,-1,-1,1,3,A,800,DISTID7,3
?,?,?,?,FALSE,0,210,0,210,-1,-1,-1,-1,-1,-1,-1,-1,-1,-1,-1,-1,-1,-1,-1,-1,-1,-1,-1,-1,-1,1,6,A,1069,DISTID3,1
?,?,?,?,FALSE,0,210,0,210,-1,-1,-1,-1,-1,-1,-1,-1,-1,-1,-1,-1,-1,-1,-1,-1,-1,-1,-1,-1,-1,1,6,A,278,DISTID3,2
?,?,?,?,FALSE,0,210,0,210,-1,-1,-1,-1,-1,-1,-1,-1,-1,-1,-1,-1,-1,-1,-1,-1,-1,-1,-1,-1,-1,1,6,A,32,DISTID3,3
?,?,?,?,FALSE,0,210,0,210,-1,-1,-1,-1,-1,-1,-1,-1,-1,-1,-1,-1,-1,-1,-1,-1,-1,-1,-1,-1,-1,1,6,A,177,DISTID3,4
?,?,?,?,FALSE,0,210,0,210,-1,-1,-1,-1,-1,-1,-1,-1,-1,-1,-1,-1,-1,-1,-1,-1,-1,-1,-1,-1,-1,1,6,A,160,DISTID3,35
?,?,?,?,FALSE,0,210,0,210,-1,-1,-1,-1,-1,-1,-1,-1,-1,-1,-1,-1,-1,-1,-1,-1,-1,-1,-1,-1,-1,1,6,A,160,DISTID3,36
?,?,?,?,FALSE,0,210,0,210,-1,-1,-1,-1,-1,-1,-1,-1,-1,-1,-1,-1,-1,-1,-1,-1,-1,-1,-1,-1,-1,1,6,A,160,DISTID3,37
?,?,?,?,FALSE,0,210,0,210,-1,-1,-1,-1,-1,-1,-1,-1,-1,-1,-1,-1,-1,-1,-1,-1,-1,-1,-1,-1,-1,1,6,A,160,DISTID3,38
?,?,?,?,FALSE,0,210,0,210,-1,-1,-1,-1,-1,-1,-1,-1,-1,-1,-1,-1,-1,-1,-1,-1,-1,-1,-1,-1,-1,1,6,A,160,DISTID3,39
?,?,?,?,FALSE,0,210,0,210,-1,-1,-1,-1,-1,-1,-1,-1,-1,-1,-1,-1,-1,-1,-1,-1,-1,-1,-1,-1,-1,1,6,A,160,DISTID3,40
?,?,?,?,FALSE,0,210,0,210,-1,-1,-1,-1,-1,-1,-1,-1,-1,-1,-1,-1,-1,-1,-1,-1,-1,-1,-1,-1,-1,1,6,A,160,DISTID3,41
?,?,?,?,FALSE,0,210,0,210,-1,-1,-1,-1,-1,-1,-1,-1,-1,-1,-1,-1,-1,-1,-1,-1,-1,-1,-1,-1,-1,1,6,A,160,DISTID3,42
?,?,?,?,FALSE,0,210,0,210,-1,-1,-1,-1,-1,-1,-1,-1,-1,-1,-1,-1,-1,-1,-1,-1,-1,-1,-1,-1,-1,1,6,A,160,DISTID3,43
?,?,?,?,FALSE,0,210,0,210,-1,-1,-1,-1,-1,-1,-1,-1,-1,-1,-1,-1,-1,-1,-1,-1,-1,-1,-1,-1,-1,1,6,A,160,DISTID3,44
?,?,?,?,FALSE,0,210,0,210,-1,-1,-1,-1,-1,-1,-1,-1,-1,-1,-1,-1,-1,-1,-1,-1,-1,-1,-1,-1,-1,1,6,A,160,DISTID3,45
?,?,?,?,FALSE,0,210,0,210,-1,-1,-1,-1,-1,-1,-1,-1,-1,-1,-1,-1,-1,-1,-1,-1,-1,-1,-1,-1,-1,1,6,A,160,DISTID3,46
?,?,?,?,FALSE,0,210,0,210,-1,-1,-1,-1,-1,-1,-1,-1,-1,-1,-1,-1,-1,-1,-1,-1,-1,-1,-1,-1,-1,1,6,A,160,DISTID3,47
?,?,?,?,FALSE,0,210,0,210,-1,-1,-1,-1,-1,-1,-1,-1,-1,-1,-1,-1,-1,-1,-1,-1,-1,-1,-1,-1,-1,1,6,A,160,DISTID3,48
?,?,?,?,FALSE,0,210,0,210,-1,-1,-1,-1,-1,-1,-1,-1,-1,-1,-1,-1,-1,-1,-1,-1,-1,-1,-1,-1,-1,1,6,A,160,DISTID3,49
?,?,?,?,FALSE,0,210,0,210,-1,-1,-1,-1,-1,-1,-1,-1,-1,-1,-1,-1,-1,-1,-1,-1,-1,-1,-1,-1,-1,1,6,A,160,DISTID3,50
?,?,?,?,FALSE,0,210,0,210,-1,-1,-1,-1,-1,-1,-1,-1,-1,-1,-1,-1,-1,-1,-1,-1,-1,-1,-1,-1,-1,1,6,A,160,DISTID3,51
?,?,?,?,FALSE,0,210,0,210,-1,-1,-1,-1,-1,-1,-1,-1,-1,-1,-1,-1,-1,-1,-1,-1,-1,-1,-1,-1,-1,1,6,A,160,DISTID3,52
?,?,?,?,FALSE,0,210,0,210,-1,-1,-1,-1,-1,-1,-1,-1,-1,-1,-1,-1,-1,-1,-1,-1,-1,-1,-1,-1,-1,1,6,A,160,DISTID3,53
?,?,?,?,FALSE,0,210,0,210,-1,-1,-1,-1,-1,-1,-1,-1,-1,-1,-1,-1,-1,-1,-1,-1,-1,-1,-1,-1,-1,1,6,A,160,DISTID3,54
?,?,?,?,FALSE,30,60,30,60,-1,-1,-1,-1,-1,-1,-1,-1,-1,-1,-1,-1,-1,-1,-1,-1,-1,-1,-1,-1,-1,1,3,A,993,DISTID7,35
?,?,?,?,FALSE,30,60,30,60,-1,-1,-1,-1,-1,-1,-1,-1,-1,-1,-1,-1,-1,-1,-1,-1,-1,-1,-1,-1,-1,1,3,A,993,DISTID7,36
?,?,?,?,FALSE,30,60,30,60,-1,-1,-1,-1,-1,-1,-1,-1,-1,-1,-1,-1,-1,-1,-1,-1,-1,-1,-1,-1,-1,1,3,A,993,DISTID7,37
?,?,?,?,FALSE,30,60,30,60,-1,-1,-1,-1,-1,-1,-1,-1,-1,-1,-1,-1,-1,-1,-1,-1,-1,-1,-1,-1,-1,1,3,A,993,DISTID7,38
?,?,?,?,FALSE,30,60,30,60,-1,-1,-1,-1,-1,-1,-1,-1,-1,-1,-1,-1,-1,-1,-1,-1,-1,-1,-1,-1,-1,1,3,A,993,DISTID7,39
?,?,?,?,FALSE,30,60,30,60,-1,-1,-1,-1,-1,-1,-1,-1,-1,-1,-1,-1,-1,-1,-1,-1,-1,-1,-1,-1,-1,1,3,A,993,DISTID7,40
?,?,?,?,FALSE,30,60,30,60,-1,-1,-1,-1,-1,-1,-1,-1,-1,-1,-1,-1,-1,-1,-1,-1,-1,-1,-1,-1,-1,1,3,A,993,DISTID7,41
?,?,?,?,FALSE,30,60,30,60,-1,-1,-1,-1,-1,-1,-1,-1,-1,-1,-1,-1,-1,-1,-1,-1,-1,-1,-1,-1,-1,1,3,A,993,DISTID7,42
?,?,?,?,FALSE,30,60,30,60,-1,-1,-1,-1,-1,-1,-1,-1,-1,-1,-1,-1,-1,-1,-1,-1,-1,-1,-1,-1,-1,1,3,A,993,DISTID7,43
?,?,?,?,FALSE,30,60,30,60,-1,-1,-1,-1,-1,-1,-1,-1,-1,-1,-1,-1,-1,-1,-1,-1,-1,-1,-1,-1,-1,1,3,A,993,DISTID7,44
?,?,?,?,FALSE,30,60,30,60,-1,-1,-1,-1,-1,-1,-1,-1,-1,-1,-1,-1,-1,-1,-1,-1,-1,-1,-1,-1,-1,1,3,A,993,DISTID7,45
?,?,?,?,FALSE,30,60,30,60,-1,-1,-1,-1,-1,-1,-1,-1,-1,-1,-1,-1,-1,-1,-1,-1,-1,-1,-1,-1,-1,1,3,A,993,DISTID7,46
?,?,?,?,FALSE,30,60,30,60,-1,-1,-1,-1,-1,-1,-1,-1,-1,-1,-1,-1,-1,-1,-1,-1,-1,-1,-1,-1,-1,1,3,A,993,DISTID7,47
?,?,?,?,FALSE,30,60,30,60,-1,-1,-1,-1,-1,-1,-1,-1,-1,-1,-1,-1,-1,-1,-1,-1,-1,-1,-1,-1,-1,1,3,A,993,DISTID7,48
?,?,?,?,FALSE,30,60,30,60,-1,-1,-1,-1,-1,-1,-1,-1,-1,-1,-1,-1,-1,-1,-1,-1,-1,-1,-1,-1,-1,1,3,A,993,DISTID7,49
?,?,?,?,FALSE,30,60,30,60,-1,-1,-1,-1,-1,-1,-1,-1,-1,-1,-1,-1,-1,-1,-1,-1,-1,-1,-1,-1,-1,1,3,A,993,DISTID7,50
?,?,?,?,FALSE,30,60,30,60,-1,-1,-1,-1,-1,-1,-1,-1,-1,-1,-1,-1,-1,-1,-1,-1,-1,-1,-1,-1,-1,1,3,A,993,DISTID7,51
?,?,?,?,FALSE,30,60,30,60,-1,-1,-1,-1,-1,-1,-1,-1,-1,-1,-1,-1,-1,-1,-1,-1,-1,-1,-1,-1,-1,1,3,A,993,DISTID7,52
?,?,?,?,FALSE,30,60,30,60,-1,-1,-1,-1,-1,-1,-1,-1,-1,-1,-1,-1,-1,-1,-1,-1,-1,-1,-1,-1,-1,1,3,A,993,DISTID7,53
?,?,?,?,FALSE,30,60,30,60,-1,-1,-1,-1,-1,-1,-1,-1,-1,-1,-1,-1,-1,-1,-1,-1,-1,-1,-1,-1,-1,1,3,A,993,DISTID7,54
?,?,?,?,FALSE,0,210,0,210,-1,-1,-1,-1,-1,-1,-1,-1,-1,-1,-1,-1,-1,-1,-1,-1,-1,-1,-1,-1,-1,1,6,A,169,DISTID3,5
?,?,?,?,FALSE,0,210,0,210,-1,-1,-1,-1,-1,-1,-1,-1,-1,-1,-1,-1,-1,-1,-1,-1,-1,-1,-1,-1,-1,1,6,A,169,DISTID3,6
?,?,?,?,FALSE,0,210,0,210,-1,-1,-1,-1,-1,-1,-1,-1,-1,-1,-1,-1,-1,-1,-1,-1,-1,-1,-1,-1,-1,1,6,A,169,DISTID3,7
?,?,?,?,FALSE,0,210,0,210,-1,-1,-1,-1,-1,-1,-1,-1,-1,-1,-1,-1,-1,-1,-1,-1,-1,-1,-1,-1,-1,1,6,A,169,DISTID3,8
?,?,?,?,FALSE,0,210,0,210,-1,-1,-1,-1,-1,-1,-1,-1,-1,-1,-1,-1,-1,-1,-1,-1,-1,-1,-1,-1,-1,1,6,A,169,DISTID3,9
?,?,?,?,FALSE,0,210,0,210,-1,-1,-1,-1,-1,-1,-1,-1,-1,-1,-1,-1,-1,-1,-1,-1,-1,-1,-1,-1,-1,1,6,A,169,DISTID3,10
?,?,?,?,FALSE,0,210,0,210,-1,-1,-1,-1,-1,-1,-1,-1,-1,-1,-1,-1,-1,-1,-1,-1,-1,-1,-1,-1,-1,1,6,A,169,DISTID3,11
?,?,?,?,FALSE,0,210,0,210,-1,-1,-1,-1,-1,-1,-1,-1,-1,-1,-1,-1,-1,-1,-1,-1,-1,-1,-1,-1,-1,1,6,A,169,DISTID3,12
?,?,?,?,FALSE,0,210,0,210,-1,-1,-1,-1,-1,-1,-1,-1,-1,-1,-1,-1,-1,-1,-1,-1,-1,-1,-1,-1,-1,1,6,A,169,DISTID3,13
?,?,?,?,FALSE,0,210,0,210,-1,-1,-1,-1,-1,-1,-1,-1,-1,-1,-1,-1,-1,-1,-1,-1,-1,-1,-1,-1,-1,1,6,A,169,DISTID3,14
?,?,?,?,FALSE,0,210,0,210,-1,-1,-1,-1,-1,-1,-1,-1,-1,-1,-1,-1,-1,-1,-1,-1,-1,-1,-1,-1,-1,1,6,A,169,DISTID3,15
?,?,?,?,FALSE,0,210,0,210,-1,-1,-1,-1,-1,-1,-1,-1,-1,-1,-1,-1,-1,-1,-1,-1,-1,-1,-1,-1,-1,1,6,A,169,DISTID3,16
?,?,?,?,FALSE,0,210,0,210,-1,-1,-1,-1,-1,-1,-1,-1,-1,-1,-1,-1,-1,-1,-1,-1,-1,-1,-1,-1,-1,1,6,A,169,DISTID3,17
?,?,?,?,FALSE,0,210,0,210,-1,-1,-1,-1,-1,-1,-1,-1,-1,-1,-1,-1,-1,-1,-1,-1,-1,-1,-1,-1,-1,1,6,A,169,DISTID3,18
?,?,?,?,FALSE,0,210,0,210,-1,-1,-1,-1,-1,-1,-1,-1,-1,-1,-1,-1,-1,-1,-1,-1,-1,-1,-1,-1,-1,1,6,A,169,DISTID3,29
?,?,?,?,FALSE,0,210,0,210,-1,-1,-1,-1,-1,-1,-1,-1,-1,-1,-1,-1,-1,-1,-1,-1,-1,-1,-1,-1,-1,1,6,A,169,DISTID3,30
?,?,?,?,FALSE,0,210,0,210,-1,-1,-1,-1,-1,-1,-1,-1,-1,-1,-1,-1,-1,-1,-1,-1,-1,-1,-1,-1,-1,1,6,A,169,DISTID3,31
?,?,?,?,FALSE,0,210,0,210,-1,-1,-1,-1,-1,-1,-1,-1,-1,-1,-1,-1,-1,-1,-1,-1,-1,-1,-1,-1,-1,1,6,A,169,DISTID3,32
?,?,?,?,FALSE,0,210,0,210,-1,-1,-1,-1,-1,-1,-1,-1,-1,-1,-1,-1,-1,-1,-1,-1,-1,-1,-1,-1,-1,1,6,A,169,DISTID3,33
?,?,?,?,FALSE,0,210,0,210,-1,-1,-1,-1,-1,-1,-1,-1,-1,-1,-1,-1,-1,-1,-1,-1,-1,-1,-1,-1,-1,1,6,A,169,DISTID3,34
?,?,?,?,FALSE,30,60,30,60,-1,-1,-1,-1,-1,-1,-1,-1,-1,-1,-1,-1,-1,-1,-1,-1,-1,-1,-1,-1,-1,1,3,A,993,DISTID7,5
?,?,?,?,FALSE,30,60,30,60,-1,-1,-1,-1,-1,-1,-1,-1,-1,-1,-1,-1,-1,-1,-1,-1,-1,-1,-1,-1,-1,1,3,A,993,DISTID7,6
?,?,?,?,FALSE,30,60,30,60,-1,-1,-1,-1,-1,-1,-1,-1,-1,-1,-1,-1,-1,-1,-1,-1,-1,-1,-1,-1,-1,1,3,A,993,DISTID7,7
?,?,?,?,FALSE,30,60,30,60,-1,-1,-1,-1,-1,-1,-1,-1,-1,-1,-1,-1,-1,-1,-1,-1,-1,-1,-1,-1,-1,1,3,A,993,DISTID7,8
?,?,?,?,FALSE,30,60,30,60,-1,-1,-1,-1,-1,-1,-1,-1,-1,-1,-1,-1,-1,-1,-1,-1,-1,-1,-1,-1,-1,1,3,A,993,DISTID7,9
?,?,?,?,FALSE,30,60,30,60,-1,-1,-1,-1,-1,-1,-1,-1,-1,-1,-1,-1,-1,-1,-1,-1,-1,-1,-1,-1,-1,1,3,A,993,DISTID7,10
?,?,?,?,FALSE,30,60,30,60,-1,-1,-1,-1,-1,-1,-1,-1,-1,-1,-1,-1,-1,-1,-1,-1,-1,-1,-1,-1,-1,1,3,A,993,DISTID7,11
?,?,?,?,FALSE,30,60,30,60,-1,-1,-1,-1,-1,-1,-1,-1,-1,-1,-1,-1,-1,-1,-1,-1,-1,-1,-1,-1,-1,1,3,A,993,DISTID7,12
?,?,?,?,FALSE,30,60,30,60,-1,-1,-1,-1,-1,-1,-1,-1,-1,-1,-1,-1,-1,-1,-1,-1,-1,-1,-1,-1,-1,1,3,A,993,DISTID7,13
?,?,?,?,FALSE,30,60,30,60,-1,-1,-1,-1,-1,-1,-1,-1,-1,-1,-1,-1,-1,-1,-1,-1,-1,-1,-1,-1,-1,1,3,A,993,DISTID7,14
?,?,?,?,FALSE,30,60,30,60,-1,-1,-1,-1,-1,-1,-1,-1,-1,-1,-1,-1,-1,-1,-1,-1,-1,-1,-1,-1,-1,1,3,A,993,DISTID7,15
?,?,?,?,FALSE,30,60,30,60,-1,-1,-1,-1,-1,-1,-1,-1,-1,-1,-1,-1,-1,-1,-1,-1,-1,-1,-1,-1,-1,1,3,A,993,DISTID7,16
?,?,?,?,FALSE,30,60,30,60,-1,-1,-1,-1,-1,-1,-1,-1,-1,-1,-1,-1,-1,-1,-1,-1,-1,-1,-1,-1,-1,1,3,A,993,DISTID7,17
?,?,?,?,FALSE,30,60,30,60,-1,-1,-1,-1,-1,-1,-1,-1,-1,-1,-1,-1,-1,-1,-1,-1,-1,-1,-1,-1,-1,1,3,A,993,DISTID7,18
?,?,?,?,FALSE,30,60,30,60,-1,-1,-1,-1,-1,-1,-1,-1,-1,-1,-1,-1,-1,-1,-1,-1,-1,-1,-1,-1,-1,1,3,A,993,DISTID7,19
?,?,?,?,FALSE,30,60,30,60,-1,-1,-1,-1,-1,-1,-1,-1,-1,-1,-1,-1,-1,-1,-1,-1,-1,-1,-1,-1,-1,1,3,A,993,DISTID7,20
?,?,?,?,FALSE,30,60,30,60,-1,-1,-1,-1,-1,-1,-1,-1,-1,-1,-1,-1,-1,-1,-1,-1,-1,-1,-1,-1,-1,1,3,A,993,DISTID7,21
?,?,?,?,FALSE,30,60,30,60,-1,-1,-1,-1,-1,-1,-1,-1,-1,-1,-1,-1,-1,-1,-1,-1,-1,-1,-1,-1,-1,1,3,A,993,DISTID7,22
?,?,?,?,FALSE,30,60,30,60,-1,-1,-1,-1,-1,-1,-1,-1,-1,-1,-1,-1,-1,-1,-1,-1,-1,-1,-1,-1,-1,1,3,A,993,DISTID7,23
?,?,?,?,FALSE,30,60,30,60,-1,-1,-1,-1,-1,-1,-1,-1,-1,-1,-1,-1,-1,-1,-1,-1,-1,-1,-1,-1,-1,1,3,A,993,DISTID7,24
?,?,?,?,FALSE,30,60,30,60,-1,-1,-1,-1,-1,-1,-1,-1,-1,-1,-1,-1,-1,-1,-1,-1,-1,-1,-1,-1,-1,1,3,A,993,DISTID7,25
?,?,?,?,FALSE,30,60,30,60,-1,-1,-1,-1,-1,-1,-1,-1,-1,-1,-1,-1,-1,-1,-1,-1,-1,-1,-1,-1,-1,1,3,A,993,DISTID7,26
?,?,?,?,FALSE,30,60,30,60,-1,-1,-1,-1,-1,-1,-1,-1,-1,-1,-1,-1,-1,-1,-1,-1,-1,-1,-1,-1,-1,1,3,A,993,DISTID7,27
?,?,?,?,FALSE,30,60,30,60,-1,-1,-1,-1,-1,-1,-1,-1,-1,-1,-1,-1,-1,-1,-1,-1,-1,-1,-1,-1,-1,1,3,A,993,DISTID7,28
?,?,?,?,FALSE,30,60,30,60,-1,-1,-1,-1,-1,-1,-1,-1,-1,-1,-1,-1,-1,-1,-1,-1,-1,-1,-1,-1,-1,1,3,A,993,DISTID7,29
?,?,?,?,FALSE,30,60,30,60,-1,-1,-1,-1,-1,-1,-1,-1,-1,-1,-1,-1,-1,-1,-1,-1,-1,-1,-1,-1,-1,1,3,A,993,DISTID7,30
?,?,?,?,FALSE,30,60,30,60,-1,-1,-1,-1,-1,-1,-1,-1,-1,-1,-1,-1,-1,-1,-1,-1,-1,-1,-1,-1,-1,1,3,A,993,DISTID7,31
?,?,?,?,FALSE,30,60,30,60,-1,-1,-1,-1,-1,-1,-1,-1,-1,-1,-1,-1,-1,-1,-1,-1,-1,-1,-1,-1,-1,1,3,A,993,DISTID7,32
?,?,?,?,FALSE,30,60,30,60,-1,-1,-1,-1,-1,-1,-1,-1,-1,-1,-1,-1,-1,-1,-1,-1,-1,-1,-1,-1,-1,1,3,A,993,DISTID7,33
?,?,?,?,FALSE,30,60,30,60,-1,-1,-1,-1,-1,-1,-1,-1,-1,-1,-1,-1,-1,-1,-1,-1,-1,-1,-1,-1,-1,1,3,A,993,DISTID7,34
?,?,?,?,FALSE,0,210,0,210,-1,-1,-1,-1,-1,-1,-1,-1,-1,-1,-1,-1,-1,-1,-1,-1,-1,-1,-1,-1,-1,1,6,A,169,DISTID3,19
?,?,?,?,FALSE,0,210,0,210,-1,-1,-1,-1,-1,-1,-1,-1,-1,-1,-1,-1,-1,-1,-1,-1,-1,-1,-1,-1,-1,1,6,A,169,DISTID3,20
?,?,?,?,FALSE,0,210,0,210,-1,-1,-1,-1,-1,-1,-1,-1,-1,-1,-1,-1,-1,-1,-1,-1,-1,-1,-1,-1,-1,1,6,A,169,DISTID3,21
?,?,?,?,FALSE,0,210,0,210,-1,-1,-1,-1,-1,-1,-1,-1,-1,-1,-1,-1,-1,-1,-1,-1,-1,-1,-1,-1,-1,1,6,A,169,DISTID3,22
?,?,?,?,FALSE,0,210,0,210,-1,-1,-1,-1,-1,-1,-1,-1,-1,-1,-1,-1,-1,-1,-1,-1,-1,-1,-1,-1,-1,1,6,A,169,DISTID3,23
?,?,?,?,FALSE,0,210,0,210,-1,-1,-1,-1,-1,-1,-1,-1,-1,-1,-1,-1,-1,-1,-1,-1,-1,-1,-1,-1,-1,1,6,A,169,DISTID3,24
?,?,?,?,FALSE,0,210,0,210,-1,-1,-1,-1,-1,-1,-1,-1,-1,-1,-1,-1,-1,-1,-1,-1,-1,-1,-1,-1,-1,1,6,A,169,DISTID3,25
?,?,?,?,FALSE,0,210,0,210,-1,-1,-1,-1,-1,-1,-1,-1,-1,-1,-1,-1,-1,-1,-1,-1,-1,-1,-1,-1,-1,1,6,A,169,DISTID3,26
?,?,?,?,FALSE,0,210,0,210,-1,-1,-1,-1,-1,-1,-1,-1,-1,-1,-1,-1,-1,-1,-1,-1,-1,-1,-1,-1,-1,1,6,A,169,DISTID3,27
?,?,?,?,FALSE,0,210,0,210,-1,-1,-1,-1,-1,-1,-1,-1,-1,-1,-1,-1,-1,-1,-1,-1,-1,-1,-1,-1,-1,1,6,A,169,DISTID3,28
Cbmix-Bl,YC10,?,?,FALSE,15,39,15,39,5,-1,-1,-1,-1,-1,-1,-1,-1,-1,-1,-1,-1,-1,-1,-1,-1,-1,-1,-1,-1,1,12,M,39162,DISTID2,5
Cbmix-Bl,YC10,?,?,FALSE,15,39,15,39,5,-1,-1,-1,-1,-1,-1,-1,-1,-1,-1,-1,-1,-1,-1,-1,-1,-1,-1,-1,-1,1,12,M,16192,DISTID2,6
Cbmix-Bl,YC10,?,?,FALSE,15,39,15,39,5,-1,-1,-1,-1,-1,-1,-1,-1,-1,-1,-1,-1,-1,-1,-1,-1,-1,-1,-1,-1,1,12,M,7090,DISTID2,7
Cbmix-Bl,YC10,?,?,FALSE,15,39,15,39,5,-1,-1,-1,-1,-1,-1,-1,-1,-1,-1,-1,-1,-1,-1,-1,-1,-1,-1,-1,-1,1,12,M,6672,DISTID2,8
Cbmix-Bl,YC10,?,?,FALSE,15,39,15,39,5,-1,-1,-1,-1,-1,-1,-1,-1,-1,-1,-1,-1,-1,-1,-1,-1,-1,-1,-1,-1,1,12,M,2101,DISTID2,9
Cbmix-Bl,YC10,?,?,FALSE,15,39,15,39,5,-1,-1,-1,-1,-1,-1,-1,-1,-1,-1,-1,-1,-1,-1,-1,-1,-1,-1,-1,-1,1,12,M,43674,DISTID2,10
Cbmix-Bl,YC10,?,?,FALSE,15,39,15,39,5,-1,-1,-1,-1,-1,-1,-1,-1,-1,-1,-1,-1,-1,-1,-1,-1,-1,-1,-1,-1,1,12,M,13113,DISTID2,11
Cbmix-Bl,YC10,?,?,FALSE,15,39,15,39,5,-1,-1,-1,-1,-1,-1,-1,-1,-1,-1,-1,-1,-1,-1,-1,-1,-1,-1,-1,-1,1,12,M,5539,DISTID2,12
Cbmix-Bl,YC10,?,?,FALSE,15,39,15,39,5,-1,-1,-1,-1,-1,-1,-1,-1,-1,-1,-1,-1,-1,-1,-1,-1,-1,-1,-1,-1,1,12,M,4415,DISTID2,13
Cbmix-Bl,YC10,?,?,FALSE,15,39,15,39,5,-1,-1,-1,-1,-1,-1,-1,-1,-1,-1,-1,-1,-1,-1,-1,-1,-1,-1,-1,-1,1,12,M,5879,DISTID2,14
Spruce25-32-thin,YC25_32,?,?,FALSE,15,26,15,26,3,-1,-1,-1,-1,-1,-1,-1,-1,-1,-1,-1,-1,-1,-1,-1,-1,-1,-1,-1,-1,1,3,M,28642,DISTID2,32
Spruce25-32-thin,YC25_32,?,?,FALSE,15,26,15,26,3,-1,-1,-1,-1,-1,-1,-1,-1,-1,-1,-1,-1,-1,-1,-1,-1,-1,-1,-1,-1,1,3,M,5995,DISTID2,33
Spruce25-32-thin,YC25_32,?,?,FALSE,15,26,15,26,3,-1,-1,-1,-1,-1,-1,-1,-1,-1,-1,-1,-1,-1,-1,-1,-1,-1,-1,-1,-1,1,3,M,3216,DISTID2,34
Spruce25-32-thin,YC25_32,?,?,FALSE,15,26,15,26,3,-1,-1,-1,-1,-1,-1,-1,-1,-1,-1,-1,-1,-1,-1,-1,-1,-1,-1,-1,-1,1,3,M,3216,DISTID2,35
Spruce25-32-thin,YC25_32,?,?,FALSE,15,26,15,26,3,-1,-1,-1,-1,-1,-1,-1,-1,-1,-1,-1,-1,-1,-1,-1,-1,-1,-1,-1,-1,1,3,M,3647,DISTID2,36
Spruce25-32-thin,YC25_32,?,?,FALSE,15,26,15,26,3,-1,-1,-1,-1,-1,-1,-1,-1,-1,-1,-1,-1,-1,-1,-1,-1,-1,-1,-1,-1,1,3,M,4846,DISTID2,37
Spruce25-32-thin,YC25_32,?,?,FALSE,15,26,15,26,3,-1,-1,-1,-1,-1,-1,-1,-1,-1,-1,-1,-1,-1,-1,-1,-1,-1,-1,-1,-1,1,3,M,4489,DISTID2,38
Spruce25-32-thin,YC25_32,?,?,FALSE,15,26,15,26,3,-1,-1,-1,-1,-1,-1,-1,-1,-1,-1,-1,-1,-1,-1,-1,-1,-1,-1,-1,-1,1,3,M,4947,DISTID2,39
Spruce25-32-thin,YC25_32,?,?,FALSE,15,26,15,26,3,-1,-1,-1,-1,-1,-1,-1,-1,-1,-1,-1,-1,-1,-1,-1,-1,-1,-1,-1,-1,1,3,M,4572,DISTID2,40
Spruce25-32-thin,YC25_32,?,?,FALSE,15,26,15,26,3,-1,-1,-1,-1,-1,-1,-1,-1,-1,-1,-1,-1,-1,-1,-1,-1,-1,-1,-1,-1,1,3,M,4527,DISTID2,41
Spruce25-32-thin,YC25_32,?,?,FALSE,15,26,15,26,3,-1,-1,-1,-1,-1,-1,-1,-1,-1,-1,-1,-1,-1,-1,-1,-1,-1,-1,-1,-1,1,3,M,4709,DISTID2,42
Spruce25-32-thin,YC25_32,?,?,FALSE,15,26,15,26,3,-1,-1,-1,-1,-1,-1,-1,-1,-1,-1,-1,-1,-1,-1,-1,-1,-1,-1,-1,-1,1,3,M,4798,DISTID2,43
Spruce25-32-thin,YC25_32,?,?,FALSE,15,26,15,26,3,-1,-1,-1,-1,-1,-1,-1,-1,-1,-1,-1,-1,-1,-1,-1,-1,-1,-1,-1,-1,1,3,M,4471,DISTID2,44
Spruce25-32-thin,YC25_32,?,?,FALSE,15,26,15,26,3,-1,-1,-1,-1,-1,-1,-1,-1,-1,-1,-1,-1,-1,-1,-1,-1,-1,-1,-1,-1,1,3,M,5172,DISTID2,45
Spruce25-32-thin,YC25_32,?,?,FALSE,15,26,15,26,3,-1,-1,-1,-1,-1,-1,-1,-1,-1,-1,-1,-1,-1,-1,-1,-1,-1,-1,-1,-1,1,3,M,4658,DISTID2,46
Spruce25-32-thin,YC25_32,?,?,FALSE,15,26,15,26,3,-1,-1,-1,-1,-1,-1,-1,-1,-1,-1,-1,-1,-1,-1,-1,-1,-1,-1,-1,-1,1,3,M,4943,DISTID2,47
Spruce25-32-thin,YC25_32,?,?,FALSE,15,26,15,26,3,-1,-1,-1,-1,-1,-1,-1,-1,-1,-1,-1,-1,-1,-1,-1,-1,-1,-1,-1,-1,1,3,M,6692,DISTID2,48
Spruce25-32-thin,YC25_32,?,?,FALSE,15,26,15,26,3,-1,-1,-1,-1,-1,-1,-1,-1,-1,-1,-1,-1,-1,-1,-1,-1,-1,-1,-1,-1,1,3,M,7687,DISTID2,49
Cbmix-Bl,YC10,?,?,FALSE,15,39,15,39,5,-1,-1,-1,-1,-1,-1,-1,-1,-1,-1,-1,-1,-1,-1,-1,-1,-1,-1,-1,-1,1,12,M,42551,DISTID2,15
Cbmix-Bl,YC10,?,?,FALSE,15,39,15,39,5,-1,-1,-1,-1,-1,-1,-1,-1,-1,-1,-1,-1,-1,-1,-1,-1,-1,-1,-1,-1,1,12,M,13003,DISTID2,16
Cbmix-Bl,YC10,?,?,FALSE,15,39,15,39,5,-1,-1,-1,-1,-1,-1,-1,-1,-1,-1,-1,-1,-1,-1,-1,-1,-1,-1,-1,-1,1,12,M,2574,DISTID2,17
Cbmix-Bl,YC10,?,?,FALSE,15,39,15,39,5,-1,-1,-1,-1,-1,-1,-1,-1,-1,-1,-1,-1,-1,-1,-1,-1,-1,-1,-1,-1,1,12,M,1,DISTID2,18
Cbmix-Bl,YC10,?,?,FALSE,15,39,15,39,5,-1,-1,-1,-1,-1,-1,-1,-1,-1,-1,-1,-1,-1,-1,-1,-1,-1,-1,-1,-1,1,12,M,4671,DISTID2,19
Cbmix-Bl,YC10,?,?,FALSE,15,39,15,39,5,-1,-1,-1,-1,-1,-1,-1,-1,-1,-1,-1,-1,-1,-1,-1,-1,-1,-1,-1,-1,1,12,M,65722,DISTID2,20
Cbmix-Bl,YC10,?,?,FALSE,15,39,15,39,5,-1,-1,-1,-1,-1,-1,-1,-1,-1,-1,-1,-1,-1,-1,-1,-1,-1,-1,-1,-1,1,12,M,4581,DISTID2,21
Cbmix-Bl,YC10,?,?,FALSE,15,39,15,39,5,-1,-1,-1,-1,-1,-1,-1,-1,-1,-1,-1,-1,-1,-1,-1,-1,-1,-1,-1,-1,1,12,M,170,DISTID2,22
Cbmix-Bl,YC10,?,?,FALSE,15,39,15,39,5,-1,-1,-1,-1,-1,-1,-1,-1,-1,-1,-1,-1,-1,-1,-1,-1,-1,-1,-1,-1,1,12,M,147,DISTID2,23
Cbmix-Bl,YC10,?,?,FALSE,15,39,15,39,5,-1,-1,-1,-1,-1,-1,-1,-1,-1,-1,-1,-1,-1,-1,-1,-1,-1,-1,-1,-1,1,12,M,83,DISTID2,24
Cbmix-Bl,YC10,?,?,FALSE,15,39,15,39,5,-1,-1,-1,-1,-1,-1,-1,-1,-1,-1,-1,-1,-1,-1,-1,-1,-1,-1,-1,-1,1,12,M,50921,DISTID2,25
Cbmix-Bl,YC10,?,?,FALSE,15,39,15,39,5,-1,-1,-1,-1,-1,-1,-1,-1,-1,-1,-1,-1,-1,-1,-1,-1,-1,-1,-1,-1,1,12,M,22136,DISTID2,26
Cbmix-Bl,YC10,?,?,FALSE,15,39,15,39,5,-1,-1,-1,-1,-1,-1,-1,-1,-1,-1,-1,-1,-1,-1,-1,-1,-1,-1,-1,-1,1,12,M,1239,DISTID2,27
Cbmix-Bl,YC10,?,?,FALSE,15,39,15,39,5,-1,-1,-1,-1,-1,-1,-1,-1,-1,-1,-1,-1,-1,-1,-1,-1,-1,-1,-1,-1,1,12,M,439,DISTID2,28
Cbmix-Bl,YC10,?,?,FALSE,15,39,15,39,5,-1,-1,-1,-1,-1,-1,-1,-1,-1,-1,-1,-1,-1,-1,-1,-1,-1,-1,-1,-1,1,12,M,415,DISTID2,29
Cbmix-Bl,YC10,?,?,FALSE,15,39,15,39,5,-1,-1,-1,-1,-1,-1,-1,-1,-1,-1,-1,-1,-1,-1,-1,-1,-1,-1,-1,-1,1,12,M,25463,DISTID2,30
Cbmix-Bl,YC10,?,?,FALSE,15,39,15,39,5,-1,-1,-1,-1,-1,-1,-1,-1,-1,-1,-1,-1,-1,-1,-1,-1,-1,-1,-1,-1,1,12,M,505,DISTID2,31
Cbmix-Bl,YC10,?,?,FALSE,15,39,15,39,5,-1,-1,-1,-1,-1,-1,-1,-1,-1,-1,-1,-1,-1,-1,-1,-1,-1,-1,-1,-1,1,12,M,3757,DISTID2,32
Cbmix-Bl,YC10,?,?,FALSE,15,39,15,39,5,-1,-1,-1,-1,-1,-1,-1,-1,-1,-1,-1,-1,-1,-1,-1,-1,-1,-1,-1,-1,1,12,M,13510,DISTID2,33
Cbmix-Bl,YC10,?,?,FALSE,15,39,15,39,5,-1,-1,-1,-1,-1,-1,-1,-1,-1,-1,-1,-1,-1,-1,-1,-1,-1,-1,-1,-1,1,12,M,14613,DISTID2,34
Cbmix-Bl,YC10,?,?,FALSE,15,39,15,39,5,-1,-1,-1,-1,-1,-1,-1,-1,-1,-1,-1,-1,-1,-1,-1,-1,-1,-1,-1,-1,1,12,M,7784,DISTID2,35
Cbmix-Bl,YC10,?,?,FALSE,15,39,15,39,5,-1,-1,-1,-1,-1,-1,-1,-1,-1,-1,-1,-1,-1,-1,-1,-1,-1,-1,-1,-1,1,12,M,6474,DISTID2,36
Cbmix-Bl,YC10,?,?,FALSE,15,39,15,39,5,-1,-1,-1,-1,-1,-1,-1,-1,-1,-1,-1,-1,-1,-1,-1,-1,-1,-1,-1,-1,1,12,M,7109,DISTID2,37
Cbmix-Bl,YC10,?,?,FALSE,15,39,15,39,5,-1,-1,-1,-1,-1,-1,-1,-1,-1,-1,-1,-1,-1,-1,-1,-1,-1,-1,-1,-1,1,12,M,7453,DISTID2,38
Cbmix-Bl,YC10,?,?,FALSE,15,39,15,39,5,-1,-1,-1,-1,-1,-1,-1,-1,-1,-1,-1,-1,-1,-1,-1,-1,-1,-1,-1,-1,1,12,M,3671,DISTID2,39
Cbmix-Bl,YC10,?,?,FALSE,15,39,15,39,5,-1,-1,-1,-1,-1,-1,-1,-1,-1,-1,-1,-1,-1,-1,-1,-1,-1,-1,-1,-1,1,12,M,192,DISTID2,40
Cbmix-Bl,YC10,?,?,FALSE,15,39,15,39,5,-1,-1,-1,-1,-1,-1,-1,-1,-1,-1,-1,-1,-1,-1,-1,-1,-1,-1,-1,-1,1,12,M,124,DISTID2,41
Cbmix-Bl,YC10,?,?,FALSE,15,39,15,39,5,-1,-1,-1,-1,-1,-1,-1,-1,-1,-1,-1,-1,-1,-1,-1,-1,-1,-1,-1,-1,1,12,M,132,DISTID2,42
Cbmix-Bl,YC10,?,?,FALSE,15,39,15,39,5,-1,-1,-1,-1,-1,-1,-1,-1,-1,-1,-1,-1,-1,-1,-1,-1,-1,-1,-1,-1,1,12,M,5258,DISTID2,43
Cbmix-Bl,YC10,?,?,FALSE,15,39,15,39,5,-1,-1,-1,-1,-1,-1,-1,-1,-1,-1,-1,-1,-1,-1,-1,-1,-1,-1,-1,-1,1,12,M,5493,DISTID2,44
Cbmix-Bl,YC10,?,?,FALSE,15,39,15,39,5,-1,-1,-1,-1,-1,-1,-1,-1,-1,-1,-1,-1,-1,-1,-1,-1,-1,-1,-1,-1,1,12,M,4078,DISTID2,45
Cbmix-Bl,YC10,?,?,FALSE,15,39,15,39,5,-1,-1,-1,-1,-1,-1,-1,-1,-1,-1,-1,-1,-1,-1,-1,-1,-1,-1,-1,-1,1,12,M,396,DISTID2,46
Cbmix-Bl,YC10,?,?,FALSE,15,39,15,39,5,-1,-1,-1,-1,-1,-1,-1,-1,-1,-1,-1,-1,-1,-1,-1,-1,-1,-1,-1,-1,1,12,M,112,DISTID2,47
Cbmix-Bl,YC10,?,?,FALSE,15,39,15,39,5,-1,-1,-1,-1,-1,-1,-1,-1,-1,-1,-1,-1,-1,-1,-1,-1,-1,-1,-1,-1,1,12,M,3479,DISTID2,48
Cbmix-Bl,YC10,?,?,FALSE,15,39,15,39,5,-1,-1,-1,-1,-1,-1,-1,-1,-1,-1,-1,-1,-1,-1,-1,-1,-1,-1,-1,-1,1,12,M,5947,DISTID2,49
Cbmix-Bl,YC10,?,?,FALSE,15,39,15,39,5,-1,-1,-1,-1,-1,-1,-1,-1,-1,-1,-1,-1,-1,-1,-1,-1,-1,-1,-1,-1,1,12,M,5424,DISTID2,50
Cbmix-Bl,YC10,?,?,FALSE,15,39,15,39,5,-1,-1,-1,-1,-1,-1,-1,-1,-1,-1,-1,-1,-1,-1,-1,-1,-1,-1,-1,-1,1,12,M,2798,DISTID2,51
Cbmix-Bl,YC10,?,?,FALSE,15,39,15,39,5,-1,-1,-1,-1,-1,-1,-1,-1,-1,-1,-1,-1,-1,-1,-1,-1,-1,-1,-1,-1,1,12,M,287,DISTID2,52
Cbmix-Bl,YC10,?,?,FALSE,15,39,15,39,5,-1,-1,-1,-1,-1,-1,-1,-1,-1,-1,-1,-1,-1,-1,-1,-1,-1,-1,-1,-1,1,12,M,125,DISTID2,53
Cbmix-Bl,YC10,?,?,FALSE,15,39,15,39,5,-1,-1,-1,-1,-1,-1,-1,-1,-1,-1,-1,-1,-1,-1,-1,-1,-1,-1,-1,-1,1,12,M,101,DISTID2,54
Cbmix-Conifer,YC10,?,?,FALSE,15,39,15,39,5,-1,-1,-1,-1,-1,-1,-1,-1,-1,-1,-1,-1,-1,-1,-1,-1,-1,-1,-1,-1,1,12,M,0,DISTID2,1
Cbmix-Conifer,YC10,?,?,FALSE,15,39,15,39,5,-1,-1,-1,-1,-1,-1,-1,-1,-1,-1,-1,-1,-1,-1,-1,-1,-1,-1,-1,-1,1,12,M,2432,DISTID2,2
Cbmix-Conifer,YC10,?,?,FALSE,15,39,15,39,5,-1,-1,-1,-1,-1,-1,-1,-1,-1,-1,-1,-1,-1,-1,-1,-1,-1,-1,-1,-1,1,12,M,7125,DISTID2,3
Cbmix-Conifer,YC10,?,?,FALSE,15,39,15,39,5,-1,-1,-1,-1,-1,-1,-1,-1,-1,-1,-1,-1,-1,-1,-1,-1,-1,-1,-1,-1,1,12,M,0,DISTID2,4
Cbmix-Conifer,YC10,?,?,FALSE,15,39,15,39,5,-1,-1,-1,-1,-1,-1,-1,-1,-1,-1,-1,-1,-1,-1,-1,-1,-1,-1,-1,-1,1,3,M,35678,DISTID2,5
Cbmix-Conifer,YC10,?,?,FALSE,15,39,15,39,5,-1,-1,-1,-1,-1,-1,-1,-1,-1,-1,-1,-1,-1,-1,-1,-1,-1,-1,-1,-1,1,3,M,50967,DISTID2,6
Cbmix-Conifer,YC10,?,?,FALSE,15,39,15,39,5,-1,-1,-1,-1,-1,-1,-1,-1,-1,-1,-1,-1,-1,-1,-1,-1,-1,-1,-1,-1,1,3,M,42304,DISTID2,7
Cbmix-Conifer,YC10,?,?,FALSE,15,39,15,39,5,-1,-1,-1,-1,-1,-1,-1,-1,-1,-1,-1,-1,-1,-1,-1,-1,-1,-1,-1,-1,1,3,M,3926,DISTID2,8
Cbmix-Conifer,YC10,?,?,FALSE,15,39,15,39,5,-1,-1,-1,-1,-1,-1,-1,-1,-1,-1,-1,-1,-1,-1,-1,-1,-1,-1,-1,-1,1,3,M,1301,DISTID2,9
Cbmix-Conifer,YC10,?,?,FALSE,15,39,15,39,5,-1,-1,-1,-1,-1,-1,-1,-1,-1,-1,-1,-1,-1,-1,-1,-1,-1,-1,-1,-1,1,3,M,15443,DISTID2,10
Cbmix-Conifer,YC10,?,?,FALSE,15,39,15,39,5,-1,-1,-1,-1,-1,-1,-1,-1,-1,-1,-1,-1,-1,-1,-1,-1,-1,-1,-1,-1,1,3,M,35004,DISTID2,11
Cbmix-Conifer,YC10,?,?,FALSE,15,39,15,39,5,-1,-1,-1,-1,-1,-1,-1,-1,-1,-1,-1,-1,-1,-1,-1,-1,-1,-1,-1,-1,1,3,M,26145,DISTID2,12
Cbmix-Conifer,YC10,?,?,FALSE,15,39,15,39,5,-1,-1,-1,-1,-1,-1,-1,-1,-1,-1,-1,-1,-1,-1,-1,-1,-1,-1,-1,-1,1,3,M,12704,DISTID2,13
Cbmix-Conifer,YC10,?,?,FALSE,15,39,15,39,5,-1,-1,-1,-1,-1,-1,-1,-1,-1,-1,-1,-1,-1,-1,-1,-1,-1,-1,-1,-1,1,3,M,4451,DISTID2,14
Cbmix-Conifer,YC10,?,?,FALSE,15,39,15,39,5,-1,-1,-1,-1,-1,-1,-1,-1,-1,-1,-1,-1,-1,-1,-1,-1,-1,-1,-1,-1,1,3,M,21716,DISTID2,15
Cbmix-Conifer,YC10,?,?,FALSE,15,39,15,39,5,-1,-1,-1,-1,-1,-1,-1,-1,-1,-1,-1,-1,-1,-1,-1,-1,-1,-1,-1,-1,1,3,M,19832,DISTID2,16
Cbmix-Conifer,YC10,?,?,FALSE,15,39,15,39,5,-1,-1,-1,-1,-1,-1,-1,-1,-1,-1,-1,-1,-1,-1,-1,-1,-1,-1,-1,-1,1,3,M,9075,DISTID2,17
Cbmix-Conifer,YC10,?,?,FALSE,15,39,15,39,5,-1,-1,-1,-1,-1,-1,-1,-1,-1,-1,-1,-1,-1,-1,-1,-1,-1,-1,-1,-1,1,3,M,12806,DISTID2,18
Cbmix-Conifer,YC10,?,?,FALSE,15,39,15,39,5,-1,-1,-1,-1,-1,-1,-1,-1,-1,-1,-1,-1,-1,-1,-1,-1,-1,-1,-1,-1,1,3,M,4170,DISTID2,19
Cbmix-Conifer,YC10,?,?,FALSE,15,39,15,39,5,-1,-1,-1,-1,-1,-1,-1,-1,-1,-1,-1,-1,-1,-1,-1,-1,-1,-1,-1,-1,1,3,M,27532,DISTID2,20
Cbmix-Conifer,YC10,?,?,FALSE,15,39,15,39,5,-1,-1,-1,-1,-1,-1,-1,-1,-1,-1,-1,-1,-1,-1,-1,-1,-1,-1,-1,-1,1,3,M,39484,DISTID2,21
Cbmix-Conifer,YC10,?,?,FALSE,15,39,15,39,5,-1,-1,-1,-1,-1,-1,-1,-1,-1,-1,-1,-1,-1,-1,-1,-1,-1,-1,-1,-1,1,3,M,2314,DISTID2,22
Cbmix-Conifer,YC10,?,?,FALSE,15,39,15,39,5,-1,-1,-1,-1,-1,-1,-1,-1,-1,-1,-1,-1,-1,-1,-1,-1,-1,-1,-1,-1,1,3,M,1234,DISTID2,23
Cbmix-Conifer,YC10,?,?,FALSE,15,39,15,39,5,-1,-1,-1,-1,-1,-1,-1,-1,-1,-1,-1,-1,-1,-1,-1,-1,-1,-1,-1,-1,1,3,M,320,DISTID2,24
Cbmix-Conifer,YC10,?,?,FALSE,15,39,15,39,5,-1,-1,-1,-1,-1,-1,-1,-1,-1,-1,-1,-1,-1,-1,-1,-1,-1,-1,-1,-1,1,3,M,2724,DISTID2,25
Cbmix-Conifer,YC10,?,?,FALSE,15,39,15,39,5,-1,-1,-1,-1,-1,-1,-1,-1,-1,-1,-1,-1,-1,-1,-1,-1,-1,-1,-1,-1,1,3,M,39587,DISTID2,26
Cbmix-Conifer,YC10,?,?,FALSE,15,39,15,39,5,-1,-1,-1,-1,-1,-1,-1,-1,-1,-1,-1,-1,-1,-1,-1,-1,-1,-1,-1,-1,1,3,M,25528,DISTID2,27
Cbmix-Conifer,YC10,?,?,FALSE,15,39,15,39,5,-1,-1,-1,-1,-1,-1,-1,-1,-1,-1,-1,-1,-1,-1,-1,-1,-1,-1,-1,-1,1,3,M,7346,DISTID2,28
Cbmix-Conifer,YC10,?,?,FALSE,15,39,15,39,5,-1,-1,-1,-1,-1,-1,-1,-1,-1,-1,-1,-1,-1,-1,-1,-1,-1,-1,-1,-1,1,3,M,2037,DISTID2,29
Cbmix-Conifer,YC10,?,?,FALSE,15,39,15,39,5,-1,-1,-1,-1,-1,-1,-1,-1,-1,-1,-1,-1,-1,-1,-1,-1,-1,-1,-1,-1,1,3,M,2735,DISTID2,30
Cbmix-Conifer,YC10,?,?,FALSE,15,39,15,39,5,-1,-1,-1,-1,-1,-1,-1,-1,-1,-1,-1,-1,-1,-1,-1,-1,-1,-1,-1,-1,1,3,M,28487,DISTID2,31
Cbmix-Conifer,YC10,?,?,FALSE,15,39,15,39,5,-1,-1,-1,-1,-1,-1,-1,-1,-1,-1,-1,-1,-1,-1,-1,-1,-1,-1,-1,-1,1,3,M,26770,DISTID2,32
Cbmix-Conifer,YC10,?,?,FALSE,15,39,15,39,5,-1,-1,-1,-1,-1,-1,-1,-1,-1,-1,-1,-1,-1,-1,-1,-1,-1,-1,-1,-1,1,3,M,20229,DISTID2,33
Cbmix-Conifer,YC10,?,?,FALSE,15,39,15,39,5,-1,-1,-1,-1,-1,-1,-1,-1,-1,-1,-1,-1,-1,-1,-1,-1,-1,-1,-1,-1,1,3,M,3646,DISTID2,34
Cbmix-Conifer,YC10,?,?,FALSE,15,39,15,39,5,-1,-1,-1,-1,-1,-1,-1,-1,-1,-1,-1,-1,-1,-1,-1,-1,-1,-1,-1,-1,1,3,M,3646,DISTID2,35
Cbmix-Conifer,YC10,?,?,FALSE,15,39,15,39,5,-1,-1,-1,-1,-1,-1,-1,-1,-1,-1,-1,-1,-1,-1,-1,-1,-1,-1,-1,-1,1,3,M,4134,DISTID2,36
Cbmix-Conifer,YC10,?,?,FALSE,15,39,15,39,5,-1,-1,-1,-1,-1,-1,-1,-1,-1,-1,-1,-1,-1,-1,-1,-1,-1,-1,-1,-1,1,3,M,5493,DISTID2,37
Cbmix-Conifer,YC10,?,?,FALSE,15,39,15,39,5,-1,-1,-1,-1,-1,-1,-1,-1,-1,-1,-1,-1,-1,-1,-1,-1,-1,-1,-1,-1,1,3,M,5089,DISTID2,38
Cbmix-Conifer,YC10,?,?,FALSE,15,39,15,39,5,-1,-1,-1,-1,-1,-1,-1,-1,-1,-1,-1,-1,-1,-1,-1,-1,-1,-1,-1,-1,1,3,M,5607,DISTID2,39
Cbmix-Conifer,YC10,?,?,FALSE,15,39,15,39,5,-1,-1,-1,-1,-1,-1,-1,-1,-1,-1,-1,-1,-1,-1,-1,-1,-1,-1,-1,-1,1,3,M,5185,DISTID2,40
Spruce25-32-thin,YC25_32,?,?,FALSE,15,26,15,26,3,-1,-1,-1,-1,-1,-1,-1,-1,-1,-1,-1,-1,-1,-1,-1,-1,-1,-1,-1,-1,1,3,M,2710,DISTID2,50
Spruce25-32-thin,YC25_32,?,?,FALSE,15,26,15,26,3,-1,-1,-1,-1,-1,-1,-1,-1,-1,-1,-1,-1,-1,-1,-1,-1,-1,-1,-1,-1,1,3,M,3520,DISTID2,51
Spruce25-32-thin,YC25_32,?,?,FALSE,15,26,15,26,3,-1,-1,-1,-1,-1,-1,-1,-1,-1,-1,-1,-1,-1,-1,-1,-1,-1,-1,-1,-1,1,3,M,6258,DISTID2,52
Spruce25-32-thin,YC25_32,?,?,FALSE,15,26,15,26,3,-1,-1,-1,-1,-1,-1,-1,-1,-1,-1,-1,-1,-1,-1,-1,-1,-1,-1,-1,-1,1,3,M,5978,DISTID2,53
Spruce25-32-thin,YC25_32,?,?,FALSE,15,26,15,26,3,-1,-1,-1,-1,-1,-1,-1,-1,-1,-1,-1,-1,-1,-1,-1,-1,-1,-1,-1,-1,1,3,M,522,DISTID2,54
Spruce4-12,YC4_12,?,?,FALSE,20,49,20,49,5,-1,-1,-1,-1,-1,-1,-1,-1,-1,-1,-1,-1,-1,-1,-1,-1,-1,-1,-1,-1,1,3,M,0,DISTID2,1
Spruce4-12,YC4_12,?,?,FALSE,20,49,20,49,5,-1,-1,-1,-1,-1,-1,-1,-1,-1,-1,-1,-1,-1,-1,-1,-1,-1,-1,-1,-1,1,3,M,392,DISTID2,2
Spruce4-12,YC4_12,?,?,FALSE,20,49,20,49,5,-1,-1,-1,-1,-1,-1,-1,-1,-1,-1,-1,-1,-1,-1,-1,-1,-1,-1,-1,-1,1,3,M,3006,DISTID2,3
Spruce4-12,YC4_12,?,?,FALSE,20,49,20,49,5,-1,-1,-1,-1,-1,-1,-1,-1,-1,-1,-1,-1,-1,-1,-1,-1,-1,-1,-1,-1,1,3,M,0,DISTID2,4
Cbmix-Bl,YC10,?,?,FALSE,40,60,40,60,-1,-1,-1,-1,-1,-1,-1,-1,-1,-1,-1,-1,-1,-1,-1,-1,-1,-1,-1,-1,-1,1,12,M,0,DISTID1,5
Cbmix-Bl,YC10,?,?,FALSE,40,60,40,60,-1,-1,-1,-1,-1,-1,-1,-1,-1,-1,-1,-1,-1,-1,-1,-1,-1,-1,-1,-1,-1,1,12,M,17063,DISTID1,6
Cbmix-Bl,YC10,?,?,FALSE,40,60,40,60,-1,-1,-1,-1,-1,-1,-1,-1,-1,-1,-1,-1,-1,-1,-1,-1,-1,-1,-1,-1,-1,1,12,M,7459,DISTID1,7
Cbmix-Bl,YC10,?,?,FALSE,40,60,40,60,-1,-1,-1,-1,-1,-1,-1,-1,-1,-1,-1,-1,-1,-1,-1,-1,-1,-1,-1,-1,-1,1,12,M,7012,DISTID1,8
Cbmix-Bl,YC10,?,?,FALSE,40,60,40,60,-1,-1,-1,-1,-1,-1,-1,-1,-1,-1,-1,-1,-1,-1,-1,-1,-1,-1,-1,-1,-1,1,12,M,2206,DISTID1,9
Cbmix-Bl,YC10,?,?,FALSE,40,60,40,60,-1,-1,-1,-1,-1,-1,-1,-1,-1,-1,-1,-1,-1,-1,-1,-1,-1,-1,-1,-1,-1,1,12,M,49959,DISTID1,10
Cbmix-Bl,YC10,?,?,FALSE,40,60,40,60,-1,-1,-1,-1,-1,-1,-1,-1,-1,-1,-1,-1,-1,-1,-1,-1,-1,-1,-1,-1,-1,1,12,M,20048,DISTID1,11
Cbmix-Bl,YC10,?,?,FALSE,40,60,40,60,-1,-1,-1,-1,-1,-1,-1,-1,-1,-1,-1,-1,-1,-1,-1,-1,-1,-1,-1,-1,-1,1,12,M,5808,DISTID1,12
Cbmix-Bl,YC10,?,?,FALSE,40,60,40,60,-1,-1,-1,-1,-1,-1,-1,-1,-1,-1,-1,-1,-1,-1,-1,-1,-1,-1,-1,-1,-1,1,12,M,4631,DISTID1,13
Cbmix-Bl,YC10,?,?,FALSE,40,60,40,60,-1,-1,-1,-1,-1,-1,-1,-1,-1,-1,-1,-1,-1,-1,-1,-1,-1,-1,-1,-1,-1,1,12,M,9553,DISTID1,14
Cbmix-Bl,YC10,?,?,FALSE,40,60,40,60,-1,-1,-1,-1,-1,-1,-1,-1,-1,-1,-1,-1,-1,-1,-1,-1,-1,-1,-1,-1,-1,1,12,M,18578,DISTID1,15
Cbmix-Bl,YC10,?,?,FALSE,40,60,40,60,-1,-1,-1,-1,-1,-1,-1,-1,-1,-1,-1,-1,-1,-1,-1,-1,-1,-1,-1,-1,-1,1,12,M,7078,DISTID1,16
Cbmix-Bl,YC10,?,?,FALSE,40,60,40,60,-1,-1,-1,-1,-1,-1,-1,-1,-1,-1,-1,-1,-1,-1,-1,-1,-1,-1,-1,-1,-1,1,12,M,8706,DISTID1,17
Cbmix-Bl,YC10,?,?,FALSE,40,60,40,60,-1,-1,-1,-1,-1,-1,-1,-1,-1,-1,-1,-1,-1,-1,-1,-1,-1,-1,-1,-1,-1,1,12,M,10852,DISTID1,18
Cbmix-Bl,YC10,?,?,FALSE,40,60,40,60,-1,-1,-1,-1,-1,-1,-1,-1,-1,-1,-1,-1,-1,-1,-1,-1,-1,-1,-1,-1,-1,1,12,M,10040,DISTID1,19
Cbmix-Bl,YC10,?,?,FALSE,40,60,40,60,-1,-1,-1,-1,-1,-1,-1,-1,-1,-1,-1,-1,-1,-1,-1,-1,-1,-1,-1,-1,-1,1,12,M,8919,DISTID1,20
Cbmix-Bl,YC10,?,?,FALSE,40,60,40,60,-1,-1,-1,-1,-1,-1,-1,-1,-1,-1,-1,-1,-1,-1,-1,-1,-1,-1,-1,-1,-1,1,12,M,40601,DISTID1,21
Cbmix-Bl,YC10,?,?,FALSE,40,60,40,60,-1,-1,-1,-1,-1,-1,-1,-1,-1,-1,-1,-1,-1,-1,-1,-1,-1,-1,-1,-1,-1,1,12,M,36104,DISTID1,22
Cbmix-Bl,YC10,?,?,FALSE,40,60,40,60,-1,-1,-1,-1,-1,-1,-1,-1,-1,-1,-1,-1,-1,-1,-1,-1,-1,-1,-1,-1,-1,1,12,M,45117,DISTID1,23
Cbmix-Bl,YC10,?,?,FALSE,40,60,40,60,-1,-1,-1,-1,-1,-1,-1,-1,-1,-1,-1,-1,-1,-1,-1,-1,-1,-1,-1,-1,-1,1,12,M,30984,DISTID1,24
Cbmix-Bl,YC10,?,?,FALSE,40,60,40,60,-1,-1,-1,-1,-1,-1,-1,-1,-1,-1,-1,-1,-1,-1,-1,-1,-1,-1,-1,-1,-1,1,12,M,48697,DISTID1,25
Cbmix-Conifer,YC10,?,?,FALSE,15,39,15,39,5,-1,-1,-1,-1,-1,-1,-1,-1,-1,-1,-1,-1,-1,-1,-1,-1,-1,-1,-1,-1,1,3,M,5133,DISTID2,41
Cbmix-Conifer,YC10,?,?,FALSE,15,39,15,39,5,-1,-1,-1,-1,-1,-1,-1,-1,-1,-1,-1,-1,-1,-1,-1,-1,-1,-1,-1,-1,1,3,M,5337,DISTID2,42
Cbmix-Conifer,YC10,?,?,FALSE,15,39,15,39,5,-1,-1,-1,-1,-1,-1,-1,-1,-1,-1,-1,-1,-1,-1,-1,-1,-1,-1,-1,-1,1,3,M,5441,DISTID2,43
Cbmix-Conifer,YC10,?,?,FALSE,15,39,15,39,5,-1,-1,-1,-1,-1,-1,-1,-1,-1,-1,-1,-1,-1,-1,-1,-1,-1,-1,-1,-1,1,3,M,5069,DISTID2,44
Cbmix-Conifer,YC10,?,?,FALSE,15,39,15,39,5,-1,-1,-1,-1,-1,-1,-1,-1,-1,-1,-1,-1,-1,-1,-1,-1,-1,-1,-1,-1,1,3,M,5863,DISTID2,45
Cbmix-Conifer,YC10,?,?,FALSE,15,39,15,39,5,-1,-1,-1,-1,-1,-1,-1,-1,-1,-1,-1,-1,-1,-1,-1,-1,-1,-1,-1,-1,1,3,M,5279,DISTID2,46
Cbmix-Conifer,YC10,?,?,FALSE,15,39,15,39,5,-1,-1,-1,-1,-1,-1,-1,-1,-1,-1,-1,-1,-1,-1,-1,-1,-1,-1,-1,-1,1,3,M,5602,DISTID2,47
Cbmix-Conifer,YC10,?,?,FALSE,15,39,15,39,5,-1,-1,-1,-1,-1,-1,-1,-1,-1,-1,-1,-1,-1,-1,-1,-1,-1,-1,-1,-1,1,3,M,7587,DISTID2,48
Cbmix-Conifer,YC10,?,?,FALSE,15,39,15,39,5,-1,-1,-1,-1,-1,-1,-1,-1,-1,-1,-1,-1,-1,-1,-1,-1,-1,-1,-1,-1,1,3,M,8718,DISTID2,49
Cbmix-Conifer,YC10,?,?,FALSE,15,39,15,39,5,-1,-1,-1,-1,-1,-1,-1,-1,-1,-1,-1,-1,-1,-1,-1,-1,-1,-1,-1,-1,1,3,M,7657,DISTID2,50
Cbmix-Conifer,YC10,?,?,FALSE,15,39,15,39,5,-1,-1,-1,-1,-1,-1,-1,-1,-1,-1,-1,-1,-1,-1,-1,-1,-1,-1,-1,-1,1,3,M,7263,DISTID2,51
Cbmix-Conifer,YC10,?,?,FALSE,15,39,15,39,5,-1,-1,-1,-1,-1,-1,-1,-1,-1,-1,-1,-1,-1,-1,-1,-1,-1,-1,-1,-1,1,3,M,7094,DISTID2,52
Cbmix-Conifer,YC10,?,?,FALSE,15,39,15,39,5,-1,-1,-1,-1,-1,-1,-1,-1,-1,-1,-1,-1,-1,-1,-1,-1,-1,-1,-1,-1,1,3,M,7304,DISTID2,53
Cbmix-Conifer,YC10,?,?,FALSE,15,39,15,39,5,-1,-1,-1,-1,-1,-1,-1,-1,-1,-1,-1,-1,-1,-1,-1,-1,-1,-1,-1,-1,1,3,M,10771,DISTID2,54
Cmix,YC10,?,?,FALSE,15,39,15,39,5,-1,-1,-1,-1,-1,-1,-1,-1,-1,-1,-1,-1,-1,-1,-1,-1,-1,-1,-1,-1,1,3,M,198,DISTID2,1
Cmix,YC10,?,?,FALSE,15,39,15,39,5,-1,-1,-1,-1,-1,-1,-1,-1,-1,-1,-1,-1,-1,-1,-1,-1,-1,-1,-1,-1,1,3,M,663,DISTID2,2
Cmix,YC10,?,?,FALSE,15,39,15,39,5,-1,-1,-1,-1,-1,-1,-1,-1,-1,-1,-1,-1,-1,-1,-1,-1,-1,-1,-1,-1,1,3,M,12479,DISTID2,3
Cmix,YC10,?,?,FALSE,15,39,15,39,5,-1,-1,-1,-1,-1,-1,-1,-1,-1,-1,-1,-1,-1,-1,-1,-1,-1,-1,-1,-1,1,3,M,1657,DISTID2,4
Cmix,YC10,?,?,FALSE,15,39,15,39,5,-1,-1,-1,-1,-1,-1,-1,-1,-1,-1,-1,-1,-1,-1,-1,-1,-1,-1,-1,-1,1,3,M,41785,DISTID2,5
Cmix,YC10,?,?,FALSE,15,39,15,39,5,-1,-1,-1,-1,-1,-1,-1,-1,-1,-1,-1,-1,-1,-1,-1,-1,-1,-1,-1,-1,1,3,M,66642,DISTID2,6
Cmix,YC10,?,?,FALSE,15,39,15,39,5,-1,-1,-1,-1,-1,-1,-1,-1,-1,-1,-1,-1,-1,-1,-1,-1,-1,-1,-1,-1,1,3,M,55194,DISTID2,7
Cmix,YC10,?,?,FALSE,15,39,15,39,5,-1,-1,-1,-1,-1,-1,-1,-1,-1,-1,-1,-1,-1,-1,-1,-1,-1,-1,-1,-1,1,3,M,2827,DISTID2,8
Cmix,YC10,?,?,FALSE,15,39,15,39,5,-1,-1,-1,-1,-1,-1,-1,-1,-1,-1,-1,-1,-1,-1,-1,-1,-1,-1,-1,-1,1,3,M,2336,DISTID2,9
Cmix,YC10,?,?,FALSE,15,39,15,39,5,-1,-1,-1,-1,-1,-1,-1,-1,-1,-1,-1,-1,-1,-1,-1,-1,-1,-1,-1,-1,1,3,M,20215,DISTID2,10
Cmix,YC10,?,?,FALSE,15,39,15,39,5,-1,-1,-1,-1,-1,-1,-1,-1,-1,-1,-1,-1,-1,-1,-1,-1,-1,-1,-1,-1,1,3,M,43435,DISTID2,11
Cmix,YC10,?,?,FALSE,15,39,15,39,5,-1,-1,-1,-1,-1,-1,-1,-1,-1,-1,-1,-1,-1,-1,-1,-1,-1,-1,-1,-1,1,3,M,34811,DISTID2,12
Cmix,YC10,?,?,FALSE,15,39,15,39,5,-1,-1,-1,-1,-1,-1,-1,-1,-1,-1,-1,-1,-1,-1,-1,-1,-1,-1,-1,-1,1,3,M,15833,DISTID2,13
Cmix,YC10,?,?,FALSE,15,39,15,39,5,-1,-1,-1,-1,-1,-1,-1,-1,-1,-1,-1,-1,-1,-1,-1,-1,-1,-1,-1,-1,1,3,M,5824,DISTID2,14
Cmix,YC10,?,?,FALSE,15,39,15,39,5,-1,-1,-1,-1,-1,-1,-1,-1,-1,-1,-1,-1,-1,-1,-1,-1,-1,-1,-1,-1,1,3,M,29962,DISTID2,15
Cmix,YC10,?,?,FALSE,15,39,15,39,5,-1,-1,-1,-1,-1,-1,-1,-1,-1,-1,-1,-1,-1,-1,-1,-1,-1,-1,-1,-1,1,3,M,36202,DISTID2,16
Cmix,YC10,?,?,FALSE,15,39,15,39,5,-1,-1,-1,-1,-1,-1,-1,-1,-1,-1,-1,-1,-1,-1,-1,-1,-1,-1,-1,-1,1,3,M,19905,DISTID2,17
Cmix,YC10,?,?,FALSE,15,39,15,39,5,-1,-1,-1,-1,-1,-1,-1,-1,-1,-1,-1,-1,-1,-1,-1,-1,-1,-1,-1,-1,1,3,M,21552,DISTID2,18
Cmix,YC10,?,?,FALSE,15,39,15,39,5,-1,-1,-1,-1,-1,-1,-1,-1,-1,-1,-1,-1,-1,-1,-1,-1,-1,-1,-1,-1,1,3,M,5713,DISTID2,19
Cmix,YC10,?,?,FALSE,15,39,15,39,5,-1,-1,-1,-1,-1,-1,-1,-1,-1,-1,-1,-1,-1,-1,-1,-1,-1,-1,-1,-1,1,3,M,46614,DISTID2,20
Cmix,YC10,?,?,FALSE,15,39,15,39,5,-1,-1,-1,-1,-1,-1,-1,-1,-1,-1,-1,-1,-1,-1,-1,-1,-1,-1,-1,-1,1,3,M,51505,DISTID2,21
Cmix,YC10,?,?,FALSE,15,39,15,39,5,-1,-1,-1,-1,-1,-1,-1,-1,-1,-1,-1,-1,-1,-1,-1,-1,-1,-1,-1,-1,1,3,M,4787,DISTID2,22
Cmix,YC10,?,?,FALSE,15,39,15,39,5,-1,-1,-1,-1,-1,-1,-1,-1,-1,-1,-1,-1,-1,-1,-1,-1,-1,-1,-1,-1,1,3,M,9795,DISTID2,23
Cmix,YC10,?,?,FALSE,15,39,15,39,5,-1,-1,-1,-1,-1,-1,-1,-1,-1,-1,-1,-1,-1,-1,-1,-1,-1,-1,-1,-1,1,3,M,1891,DISTID2,24
Cmix,YC10,?,?,FALSE,15,39,15,39,5,-1,-1,-1,-1,-1,-1,-1,-1,-1,-1,-1,-1,-1,-1,-1,-1,-1,-1,-1,-1,1,3,M,17429,DISTID2,25
Cmix,YC10,?,?,FALSE,15,39,15,39,5,-1,-1,-1,-1,-1,-1,-1,-1,-1,-1,-1,-1,-1,-1,-1,-1,-1,-1,-1,-1,1,3,M,73107,DISTID2,26
Cmix,YC10,?,?,FALSE,15,39,15,39,5,-1,-1,-1,-1,-1,-1,-1,-1,-1,-1,-1,-1,-1,-1,-1,-1,-1,-1,-1,-1,1,3,M,34287,DISTID2,27
Cmix,YC10,?,?,FALSE,15,39,15,39,5,-1,-1,-1,-1,-1,-1,-1,-1,-1,-1,-1,-1,-1,-1,-1,-1,-1,-1,-1,-1,1,3,M,8275,DISTID2,28
Cmix,YC10,?,?,FALSE,15,39,15,39,5,-1,-1,-1,-1,-1,-1,-1,-1,-1,-1,-1,-1,-1,-1,-1,-1,-1,-1,-1,-1,1,3,M,3983,DISTID2,29
Cmix,YC10,?,?,FALSE,15,39,15,39,5,-1,-1,-1,-1,-1,-1,-1,-1,-1,-1,-1,-1,-1,-1,-1,-1,-1,-1,-1,-1,1,3,M,5913,DISTID2,30
Cmix,YC10,?,?,FALSE,15,39,15,39,5,-1,-1,-1,-1,-1,-1,-1,-1,-1,-1,-1,-1,-1,-1,-1,-1,-1,-1,-1,-1,1,3,M,58512,DISTID2,31
Cmix,YC10,?,?,FALSE,15,39,15,39,5,-1,-1,-1,-1,-1,-1,-1,-1,-1,-1,-1,-1,-1,-1,-1,-1,-1,-1,-1,-1,1,3,M,41844,DISTID2,32
Cmix,YC10,?,?,FALSE,15,39,15,39,5,-1,-1,-1,-1,-1,-1,-1,-1,-1,-1,-1,-1,-1,-1,-1,-1,-1,-1,-1,-1,1,3,M,18686,DISTID2,33
Cmix,YC10,?,?,FALSE,15,39,15,39,5,-1,-1,-1,-1,-1,-1,-1,-1,-1,-1,-1,-1,-1,-1,-1,-1,-1,-1,-1,-1,1,3,M,5666,DISTID2,34
Cmix,YC10,?,?,FALSE,15,39,15,39,5,-1,-1,-1,-1,-1,-1,-1,-1,-1,-1,-1,-1,-1,-1,-1,-1,-1,-1,-1,-1,1,3,M,5666,DISTID2,35
Cmix,YC10,?,?,FALSE,15,39,15,39,5,-1,-1,-1,-1,-1,-1,-1,-1,-1,-1,-1,-1,-1,-1,-1,-1,-1,-1,-1,-1,1,3,M,6425,DISTID2,36
Cmix,YC10,?,?,FALSE,15,39,15,39,5,-1,-1,-1,-1,-1,-1,-1,-1,-1,-1,-1,-1,-1,-1,-1,-1,-1,-1,-1,-1,1,3,M,8536,DISTID2,37
Cmix,YC10,?,?,FALSE,15,39,15,39,5,-1,-1,-1,-1,-1,-1,-1,-1,-1,-1,-1,-1,-1,-1,-1,-1,-1,-1,-1,-1,1,3,M,7908,DISTID2,38
Cmix,YC10,?,?,FALSE,15,39,15,39,5,-1,-1,-1,-1,-1,-1,-1,-1,-1,-1,-1,-1,-1,-1,-1,-1,-1,-1,-1,-1,1,3,M,8713,DISTID2,39
Cmix,YC10,?,?,FALSE,15,39,15,39,5,-1,-1,-1,-1,-1,-1,-1,-1,-1,-1,-1,-1,-1,-1,-1,-1,-1,-1,-1,-1,1,3,M,8055,DISTID2,40
Cmix,YC10,?,?,FALSE,15,39,15,39,5,-1,-1,-1,-1,-1,-1,-1,-1,-1,-1,-1,-1,-1,-1,-1,-1,-1,-1,-1,-1,1,3,M,7976,DISTID2,41
Cmix,YC10,?,?,FALSE,15,39,15,39,5,-1,-1,-1,-1,-1,-1,-1,-1,-1,-1,-1,-1,-1,-1,-1,-1,-1,-1,-1,-1,1,3,M,8296,DISTID2,42
Cmix,YC10,?,?,FALSE,15,39,15,39,5,-1,-1,-1,-1,-1,-1,-1,-1,-1,-1,-1,-1,-1,-1,-1,-1,-1,-1,-1,-1,1,3,M,8455,DISTID2,43
Cmix,YC10,?,?,FALSE,15,39,15,39,5,-1,-1,-1,-1,-1,-1,-1,-1,-1,-1,-1,-1,-1,-1,-1,-1,-1,-1,-1,-1,1,3,M,7878,DISTID2,44
Cmix,YC10,?,?,FALSE,15,39,15,39,5,-1,-1,-1,-1,-1,-1,-1,-1,-1,-1,-1,-1,-1,-1,-1,-1,-1,-1,-1,-1,1,3,M,9111,DISTID2,45
Cmix,YC10,?,?,FALSE,15,39,15,39,5,-1,-1,-1,-1,-1,-1,-1,-1,-1,-1,-1,-1,-1,-1,-1,-1,-1,-1,-1,-1,1,3,M,8205,DISTID2,46
Cmix,YC10,?,?,FALSE,15,39,15,39,5,-1,-1,-1,-1,-1,-1,-1,-1,-1,-1,-1,-1,-1,-1,-1,-1,-1,-1,-1,-1,1,3,M,8707,DISTID2,47
Cmix,YC10,?,?,FALSE,15,39,15,39,5,-1,-1,-1,-1,-1,-1,-1,-1,-1,-1,-1,-1,-1,-1,-1,-1,-1,-1,-1,-1,1,3,M,11790,DISTID2,48
Cmix,YC10,?,?,FALSE,15,39,15,39,5,-1,-1,-1,-1,-1,-1,-1,-1,-1,-1,-1,-1,-1,-1,-1,-1,-1,-1,-1,-1,1,3,M,13544,DISTID2,49
Cmix,YC10,?,?,FALSE,15,39,15,39,5,-1,-1,-1,-1,-1,-1,-1,-1,-1,-1,-1,-1,-1,-1,-1,-1,-1,-1,-1,-1,1,3,M,11900,DISTID2,50
Cmix,YC10,?,?,FALSE,15,39,15,39,5,-1,-1,-1,-1,-1,-1,-1,-1,-1,-1,-1,-1,-1,-1,-1,-1,-1,-1,-1,-1,1,3,M,11289,DISTID2,51
Cmix,YC10,?,?,FALSE,15,39,15,39,5,-1,-1,-1,-1,-1,-1,-1,-1,-1,-1,-1,-1,-1,-1,-1,-1,-1,-1,-1,-1,1,3,M,11025,DISTID2,52
Cmix,YC10,?,?,FALSE,15,39,15,39,5,-1,-1,-1,-1,-1,-1,-1,-1,-1,-1,-1,-1,-1,-1,-1,-1,-1,-1,-1,-1,1,3,M,11353,DISTID2,53
Cmix,YC10,?,?,FALSE,15,39,15,39,5,-1,-1,-1,-1,-1,-1,-1,-1,-1,-1,-1,-1,-1,-1,-1,-1,-1,-1,-1,-1,1,3,M,16737,DISTID2,54
FGB,YC6,?,?,FALSE,15,37,15,37,5,-1,-1,-1,-1,-1,-1,-1,-1,-1,-1,-1,-1,-1,-1,-1,-1,-1,-1,-1,-1,1,3,M,0,DISTID2,1
FGB,YC6,?,?,FALSE,15,37,15,37,5,-1,-1,-1,-1,-1,-1,-1,-1,-1,-1,-1,-1,-1,-1,-1,-1,-1,-1,-1,-1,1,3,M,452,DISTID2,2
FGB,YC6,?,?,FALSE,15,37,15,37,5,-1,-1,-1,-1,-1,-1,-1,-1,-1,-1,-1,-1,-1,-1,-1,-1,-1,-1,-1,-1,1,3,M,0,DISTID2,3
FGB,YC6,?,?,FALSE,15,37,15,37,5,-1,-1,-1,-1,-1,-1,-1,-1,-1,-1,-1,-1,-1,-1,-1,-1,-1,-1,-1,-1,1,3,M,0,DISTID2,4
FGB,YC6,?,?,FALSE,15,37,15,37,5,-1,-1,-1,-1,-1,-1,-1,-1,-1,-1,-1,-1,-1,-1,-1,-1,-1,-1,-1,-1,1,12,M,22404,DISTID2,5
FGB,YC6,?,?,FALSE,15,37,15,37,5,-1,-1,-1,-1,-1,-1,-1,-1,-1,-1,-1,-1,-1,-1,-1,-1,-1,-1,-1,-1,1,12,M,10959,DISTID2,6
FGB,YC6,?,?,FALSE,15,37,15,37,5,-1,-1,-1,-1,-1,-1,-1,-1,-1,-1,-1,-1,-1,-1,-1,-1,-1,-1,-1,-1,1,12,M,8306,DISTID2,7
FGB,YC6,?,?,FALSE,15,37,15,37,5,-1,-1,-1,-1,-1,-1,-1,-1,-1,-1,-1,-1,-1,-1,-1,-1,-1,-1,-1,-1,1,12,M,12589,DISTID2,8
FGB,YC6,?,?,FALSE,15,37,15,37,5,-1,-1,-1,-1,-1,-1,-1,-1,-1,-1,-1,-1,-1,-1,-1,-1,-1,-1,-1,-1,1,12,M,4784,DISTID2,9
FGB,YC6,?,?,FALSE,15,37,15,37,5,-1,-1,-1,-1,-1,-1,-1,-1,-1,-1,-1,-1,-1,-1,-1,-1,-1,-1,-1,-1,1,12,M,11036,DISTID2,10
FGB,YC6,?,?,FALSE,15,37,15,37,5,-1,-1,-1,-1,-1,-1,-1,-1,-1,-1,-1,-1,-1,-1,-1,-1,-1,-1,-1,-1,1,12,M,4340,DISTID2,11
FGB,YC6,?,?,FALSE,15,37,15,37,5,-1,-1,-1,-1,-1,-1,-1,-1,-1,-1,-1,-1,-1,-1,-1,-1,-1,-1,-1,-1,1,12,M,6064,DISTID2,12
FGB,YC6,?,?,FALSE,15,37,15,37,5,-1,-1,-1,-1,-1,-1,-1,-1,-1,-1,-1,-1,-1,-1,-1,-1,-1,-1,-1,-1,1,12,M,7382,DISTID2,13
FGB,YC6,?,?,FALSE,15,37,15,37,5,-1,-1,-1,-1,-1,-1,-1,-1,-1,-1,-1,-1,-1,-1,-1,-1,-1,-1,-1,-1,1,12,M,11257,DISTID2,14
FGB,YC6,?,?,FALSE,15,37,15,37,5,-1,-1,-1,-1,-1,-1,-1,-1,-1,-1,-1,-1,-1,-1,-1,-1,-1,-1,-1,-1,1,12,M,17937,DISTID2,15
FGB,YC6,?,?,FALSE,15,37,15,37,5,-1,-1,-1,-1,-1,-1,-1,-1,-1,-1,-1,-1,-1,-1,-1,-1,-1,-1,-1,-1,1,12,M,1632,DISTID2,16
FGB,YC6,?,?,FALSE,15,37,15,37,5,-1,-1,-1,-1,-1,-1,-1,-1,-1,-1,-1,-1,-1,-1,-1,-1,-1,-1,-1,-1,1,12,M,4309,DISTID2,17
FGB,YC6,?,?,FALSE,15,37,15,37,5,-1,-1,-1,-1,-1,-1,-1,-1,-1,-1,-1,-1,-1,-1,-1,-1,-1,-1,-1,-1,1,12,M,8229,DISTID2,18
FGB,YC6,?,?,FALSE,15,37,15,37,5,-1,-1,-1,-1,-1,-1,-1,-1,-1,-1,-1,-1,-1,-1,-1,-1,-1,-1,-1,-1,1,12,M,12809,DISTID2,19
FGB,YC6,?,?,FALSE,15,37,15,37,5,-1,-1,-1,-1,-1,-1,-1,-1,-1,-1,-1,-1,-1,-1,-1,-1,-1,-1,-1,-1,1,12,M,24418,DISTID2,20
FGB,YC6,?,?,FALSE,15,37,15,37,5,-1,-1,-1,-1,-1,-1,-1,-1,-1,-1,-1,-1,-1,-1,-1,-1,-1,-1,-1,-1,1,12,M,3934,DISTID2,21
FGB,YC6,?,?,FALSE,15,37,15,37,5,-1,-1,-1,-1,-1,-1,-1,-1,-1,-1,-1,-1,-1,-1,-1,-1,-1,-1,-1,-1,1,12,M,614,DISTID2,22
FGB,YC6,?,?,FALSE,15,37,15,37,5,-1,-1,-1,-1,-1,-1,-1,-1,-1,-1,-1,-1,-1,-1,-1,-1,-1,-1,-1,-1,1,12,M,1205,DISTID2,23
FGB,YC6,?,?,FALSE,15,37,15,37,5,-1,-1,-1,-1,-1,-1,-1,-1,-1,-1,-1,-1,-1,-1,-1,-1,-1,-1,-1,-1,1,12,M,4591,DISTID2,24
FGB,YC6,?,?,FALSE,15,37,15,37,5,-1,-1,-1,-1,-1,-1,-1,-1,-1,-1,-1,-1,-1,-1,-1,-1,-1,-1,-1,-1,1,12,M,28388,DISTID2,25
FGB,YC6,?,?,FALSE,15,37,15,37,5,-1,-1,-1,-1,-1,-1,-1,-1,-1,-1,-1,-1,-1,-1,-1,-1,-1,-1,-1,-1,1,12,M,13925,DISTID2,26
FGB,YC6,?,?,FALSE,15,37,15,37,5,-1,-1,-1,-1,-1,-1,-1,-1,-1,-1,-1,-1,-1,-1,-1,-1,-1,-1,-1,-1,1,12,M,3179,DISTID2,27
FGB,YC6,?,?,FALSE,15,37,15,37,5,-1,-1,-1,-1,-1,-1,-1,-1,-1,-1,-1,-1,-1,-1,-1,-1,-1,-1,-1,-1,1,12,M,949,DISTID2,28
FGB,YC6,?,?,FALSE,15,37,15,37,5,-1,-1,-1,-1,-1,-1,-1,-1,-1,-1,-1,-1,-1,-1,-1,-1,-1,-1,-1,-1,1,12,M,1698,DISTID2,29
FGB,YC6,?,?,FALSE,15,37,15,37,5,-1,-1,-1,-1,-1,-1,-1,-1,-1,-1,-1,-1,-1,-1,-1,-1,-1,-1,-1,-1,1,12,M,16143,DISTID2,30
FGB,YC6,?,?,FALSE,15,37,15,37,5,-1,-1,-1,-1,-1,-1,-1,-1,-1,-1,-1,-1,-1,-1,-1,-1,-1,-1,-1,-1,1,12,M,13194,DISTID2,31
FGB,YC6,?,?,FALSE,15,37,15,37,5,-1,-1,-1,-1,-1,-1,-1,-1,-1,-1,-1,-1,-1,-1,-1,-1,-1,-1,-1,-1,1,12,M,6755,DISTID2,32
FGB,YC6,?,?,FALSE,15,37,15,37,5,-1,-1,-1,-1,-1,-1,-1,-1,-1,-1,-1,-1,-1,-1,-1,-1,-1,-1,-1,-1,1,12,M,11939,DISTID2,33
FGB,YC6,?,?,FALSE,15,37,15,37,5,-1,-1,-1,-1,-1,-1,-1,-1,-1,-1,-1,-1,-1,-1,-1,-1,-1,-1,-1,-1,1,12,M,4134,DISTID2,34
FGB,YC6,?,?,FALSE,15,37,15,37,5,-1,-1,-1,-1,-1,-1,-1,-1,-1,-1,-1,-1,-1,-1,-1,-1,-1,-1,-1,-1,1,12,M,2481,DISTID2,35
FGB,YC6,?,?,FALSE,15,37,15,37,5,-1,-1,-1,-1,-1,-1,-1,-1,-1,-1,-1,-1,-1,-1,-1,-1,-1,-1,-1,-1,1,12,M,2063,DISTID2,36
FGB,YC6,?,?,FALSE,15,37,15,37,5,-1,-1,-1,-1,-1,-1,-1,-1,-1,-1,-1,-1,-1,-1,-1,-1,-1,-1,-1,-1,1,12,M,2266,DISTID2,37
FGB,YC6,?,?,FALSE,15,37,15,37,5,-1,-1,-1,-1,-1,-1,-1,-1,-1,-1,-1,-1,-1,-1,-1,-1,-1,-1,-1,-1,1,12,M,2375,DISTID2,38
FGB,YC6,?,?,FALSE,15,37,15,37,5,-1,-1,-1,-1,-1,-1,-1,-1,-1,-1,-1,-1,-1,-1,-1,-1,-1,-1,-1,-1,1,12,M,2520,DISTID2,39
FGB,YC6,?,?,FALSE,15,37,15,37,5,-1,-1,-1,-1,-1,-1,-1,-1,-1,-1,-1,-1,-1,-1,-1,-1,-1,-1,-1,-1,1,12,M,2603,DISTID2,40
FGB,YC6,?,?,FALSE,15,37,15,37,5,-1,-1,-1,-1,-1,-1,-1,-1,-1,-1,-1,-1,-1,-1,-1,-1,-1,-1,-1,-1,1,12,M,1996,DISTID2,41
FGB,YC6,?,?,FALSE,15,37,15,37,5,-1,-1,-1,-1,-1,-1,-1,-1,-1,-1,-1,-1,-1,-1,-1,-1,-1,-1,-1,-1,1,12,M,1877,DISTID2,42
FGB,YC6,?,?,FALSE,15,37,15,37,5,-1,-1,-1,-1,-1,-1,-1,-1,-1,-1,-1,-1,-1,-1,-1,-1,-1,-1,-1,-1,1,12,M,1699,DISTID2,43
FGB,YC6,?,?,FALSE,15,37,15,37,5,-1,-1,-1,-1,-1,-1,-1,-1,-1,-1,-1,-1,-1,-1,-1,-1,-1,-1,-1,-1,1,12,M,1750,DISTID2,44
FGB,YC6,?,?,FALSE,15,37,15,37,5,-1,-1,-1,-1,-1,-1,-1,-1,-1,-1,-1,-1,-1,-1,-1,-1,-1,-1,-1,-1,1,12,M,1909,DISTID2,45
FGB,YC6,?,?,FALSE,15,37,15,37,5,-1,-1,-1,-1,-1,-1,-1,-1,-1,-1,-1,-1,-1,-1,-1,-1,-1,-1,-1,-1,1,12,M,2242,DISTID2,46
FGB,YC6,?,?,FALSE,15,37,15,37,5,-1,-1,-1,-1,-1,-1,-1,-1,-1,-1,-1,-1,-1,-1,-1,-1,-1,-1,-1,-1,1,12,M,2596,DISTID2,47
FGB,YC6,?,?,FALSE,15,37,15,37,5,-1,-1,-1,-1,-1,-1,-1,-1,-1,-1,-1,-1,-1,-1,-1,-1,-1,-1,-1,-1,1,12,M,2478,DISTID2,48
FGB,YC6,?,?,FALSE,15,37,15,37,5,-1,-1,-1,-1,-1,-1,-1,-1,-1,-1,-1,-1,-1,-1,-1,-1,-1,-1,-1,-1,1,12,M,1895,DISTID2,49
FGB,YC6,?,?,FALSE,15,37,15,37,5,-1,-1,-1,-1,-1,-1,-1,-1,-1,-1,-1,-1,-1,-1,-1,-1,-1,-1,-1,-1,1,12,M,1729,DISTID2,50
FGB,YC6,?,?,FALSE,15,37,15,37,5,-1,-1,-1,-1,-1,-1,-1,-1,-1,-1,-1,-1,-1,-1,-1,-1,-1,-1,-1,-1,1,12,M,1934,DISTID2,51
FGB,YC6,?,?,FALSE,15,37,15,37,5,-1,-1,-1,-1,-1,-1,-1,-1,-1,-1,-1,-1,-1,-1,-1,-1,-1,-1,-1,-1,1,12,M,2235,DISTID2,52
FGB,YC6,?,?,FALSE,15,37,15,37,5,-1,-1,-1,-1,-1,-1,-1,-1,-1,-1,-1,-1,-1,-1,-1,-1,-1,-1,-1,-1,1,12,M,2247,DISTID2,53
FGB,YC6,?,?,FALSE,15,37,15,37,5,-1,-1,-1,-1,-1,-1,-1,-1,-1,-1,-1,-1,-1,-1,-1,-1,-1,-1,-1,-1,1,12,M,2306,DISTID2,54
OC,YC10,?,?,FALSE,15,39,15,39,5,-1,-1,-1,-1,-1,-1,-1,-1,-1,-1,-1,-1,-1,-1,-1,-1,-1,-1,-1,-1,1,3,M,0,DISTID2,1
OC,YC10,?,?,FALSE,15,39,15,39,5,-1,-1,-1,-1,-1,-1,-1,-1,-1,-1,-1,-1,-1,-1,-1,-1,-1,-1,-1,-1,1,3,M,4424,DISTID2,2
OC,YC10,?,?,FALSE,15,39,15,39,5,-1,-1,-1,-1,-1,-1,-1,-1,-1,-1,-1,-1,-1,-1,-1,-1,-1,-1,-1,-1,1,3,M,7564,DISTID2,3
OC,YC10,?,?,FALSE,15,39,15,39,5,-1,-1,-1,-1,-1,-1,-1,-1,-1,-1,-1,-1,-1,-1,-1,-1,-1,-1,-1,-1,1,3,M,0,DISTID2,4
OC,YC10,?,?,FALSE,15,39,15,39,5,-1,-1,-1,-1,-1,-1,-1,-1,-1,-1,-1,-1,-1,-1,-1,-1,-1,-1,-1,-1,1,3,M,22229,DISTID2,5
OC,YC10,?,?,FALSE,15,39,15,39,5,-1,-1,-1,-1,-1,-1,-1,-1,-1,-1,-1,-1,-1,-1,-1,-1,-1,-1,-1,-1,1,3,M,34767,DISTID2,6
OC,YC10,?,?,FALSE,15,39,15,39,5,-1,-1,-1,-1,-1,-1,-1,-1,-1,-1,-1,-1,-1,-1,-1,-1,-1,-1,-1,-1,1,3,M,29212,DISTID2,7
OC,YC10,?,?,FALSE,15,39,15,39,5,-1,-1,-1,-1,-1,-1,-1,-1,-1,-1,-1,-1,-1,-1,-1,-1,-1,-1,-1,-1,1,3,M,2469,DISTID2,8
OC,YC10,?,?,FALSE,15,39,15,39,5,-1,-1,-1,-1,-1,-1,-1,-1,-1,-1,-1,-1,-1,-1,-1,-1,-1,-1,-1,-1,1,3,M,673,DISTID2,9
OC,YC10,?,?,FALSE,15,39,15,39,5,-1,-1,-1,-1,-1,-1,-1,-1,-1,-1,-1,-1,-1,-1,-1,-1,-1,-1,-1,-1,1,3,M,24251,DISTID2,10
OC,YC10,?,?,FALSE,15,39,15,39,5,-1,-1,-1,-1,-1,-1,-1,-1,-1,-1,-1,-1,-1,-1,-1,-1,-1,-1,-1,-1,1,3,M,29823,DISTID2,11
OC,YC10,?,?,FALSE,15,39,15,39,5,-1,-1,-1,-1,-1,-1,-1,-1,-1,-1,-1,-1,-1,-1,-1,-1,-1,-1,-1,-1,1,3,M,19624,DISTID2,12
OC,YC10,?,?,FALSE,15,39,15,39,5,-1,-1,-1,-1,-1,-1,-1,-1,-1,-1,-1,-1,-1,-1,-1,-1,-1,-1,-1,-1,1,3,M,9072,DISTID2,13
OC,YC10,?,?,FALSE,15,39,15,39,5,-1,-1,-1,-1,-1,-1,-1,-1,-1,-1,-1,-1,-1,-1,-1,-1,-1,-1,-1,-1,1,3,M,1701,DISTID2,14
OC,YC10,?,?,FALSE,15,39,15,39,5,-1,-1,-1,-1,-1,-1,-1,-1,-1,-1,-1,-1,-1,-1,-1,-1,-1,-1,-1,-1,1,3,M,11370,DISTID2,15
OC,YC10,?,?,FALSE,15,39,15,39,5,-1,-1,-1,-1,-1,-1,-1,-1,-1,-1,-1,-1,-1,-1,-1,-1,-1,-1,-1,-1,1,3,M,22590,DISTID2,16
OC,YC10,?,?,FALSE,15,39,15,39,5,-1,-1,-1,-1,-1,-1,-1,-1,-1,-1,-1,-1,-1,-1,-1,-1,-1,-1,-1,-1,1,3,M,14599,DISTID2,17
OC,YC10,?,?,FALSE,15,39,15,39,5,-1,-1,-1,-1,-1,-1,-1,-1,-1,-1,-1,-1,-1,-1,-1,-1,-1,-1,-1,-1,1,3,M,15344,DISTID2,18
OC,YC10,?,?,FALSE,15,39,15,39,5,-1,-1,-1,-1,-1,-1,-1,-1,-1,-1,-1,-1,-1,-1,-1,-1,-1,-1,-1,-1,1,3,M,1251,DISTID2,19
OC,YC10,?,?,FALSE,15,39,15,39,5,-1,-1,-1,-1,-1,-1,-1,-1,-1,-1,-1,-1,-1,-1,-1,-1,-1,-1,-1,-1,1,3,M,16089,DISTID2,20
OC,YC10,?,?,FALSE,15,39,15,39,5,-1,-1,-1,-1,-1,-1,-1,-1,-1,-1,-1,-1,-1,-1,-1,-1,-1,-1,-1,-1,1,3,M,5070,DISTID2,21
OC,YC10,?,?,FALSE,15,39,15,39,5,-1,-1,-1,-1,-1,-1,-1,-1,-1,-1,-1,-1,-1,-1,-1,-1,-1,-1,-1,-1,1,3,M,2227,DISTID2,22
OC,YC10,?,?,FALSE,15,39,15,39,5,-1,-1,-1,-1,-1,-1,-1,-1,-1,-1,-1,-1,-1,-1,-1,-1,-1,-1,-1,-1,1,3,M,19194,DISTID2,23
OC,YC10,?,?,FALSE,15,39,15,39,5,-1,-1,-1,-1,-1,-1,-1,-1,-1,-1,-1,-1,-1,-1,-1,-1,-1,-1,-1,-1,1,3,M,1310,DISTID2,24
OC,YC10,?,?,FALSE,15,39,15,39,5,-1,-1,-1,-1,-1,-1,-1,-1,-1,-1,-1,-1,-1,-1,-1,-1,-1,-1,-1,-1,1,3,M,11473,DISTID2,25
OC,YC10,?,?,FALSE,15,39,15,39,5,-1,-1,-1,-1,-1,-1,-1,-1,-1,-1,-1,-1,-1,-1,-1,-1,-1,-1,-1,-1,1,3,M,27248,DISTID2,26
OC,YC10,?,?,FALSE,15,39,15,39,5,-1,-1,-1,-1,-1,-1,-1,-1,-1,-1,-1,-1,-1,-1,-1,-1,-1,-1,-1,-1,1,3,M,6290,DISTID2,27
OC,YC10,?,?,FALSE,15,39,15,39,5,-1,-1,-1,-1,-1,-1,-1,-1,-1,-1,-1,-1,-1,-1,-1,-1,-1,-1,-1,-1,1,3,M,5264,DISTID2,28
OC,YC10,?,?,FALSE,15,39,15,39,5,-1,-1,-1,-1,-1,-1,-1,-1,-1,-1,-1,-1,-1,-1,-1,-1,-1,-1,-1,-1,1,3,M,1227,DISTID2,29
OC,YC10,?,?,FALSE,15,39,15,39,5,-1,-1,-1,-1,-1,-1,-1,-1,-1,-1,-1,-1,-1,-1,-1,-1,-1,-1,-1,-1,1,3,M,9606,DISTID2,30
OC,YC10,?,?,FALSE,15,39,15,39,5,-1,-1,-1,-1,-1,-1,-1,-1,-1,-1,-1,-1,-1,-1,-1,-1,-1,-1,-1,-1,1,3,M,21785,DISTID2,31
OC,YC10,?,?,FALSE,15,39,15,39,5,-1,-1,-1,-1,-1,-1,-1,-1,-1,-1,-1,-1,-1,-1,-1,-1,-1,-1,-1,-1,1,3,M,15079,DISTID2,32
OC,YC10,?,?,FALSE,15,39,15,39,5,-1,-1,-1,-1,-1,-1,-1,-1,-1,-1,-1,-1,-1,-1,-1,-1,-1,-1,-1,-1,1,3,M,20785,DISTID2,33
OC,YC10,?,?,FALSE,15,39,15,39,5,-1,-1,-1,-1,-1,-1,-1,-1,-1,-1,-1,-1,-1,-1,-1,-1,-1,-1,-1,-1,1,3,M,790,DISTID2,34
OC,YC10,?,?,FALSE,15,39,15,39,5,-1,-1,-1,-1,-1,-1,-1,-1,-1,-1,-1,-1,-1,-1,-1,-1,-1,-1,-1,-1,1,3,M,790,DISTID2,35
OC,YC10,?,?,FALSE,15,39,15,39,5,-1,-1,-1,-1,-1,-1,-1,-1,-1,-1,-1,-1,-1,-1,-1,-1,-1,-1,-1,-1,1,3,M,896,DISTID2,36
OC,YC10,?,?,FALSE,15,39,15,39,5,-1,-1,-1,-1,-1,-1,-1,-1,-1,-1,-1,-1,-1,-1,-1,-1,-1,-1,-1,-1,1,3,M,1190,DISTID2,37
OC,YC10,?,?,FALSE,15,39,15,39,5,-1,-1,-1,-1,-1,-1,-1,-1,-1,-1,-1,-1,-1,-1,-1,-1,-1,-1,-1,-1,1,3,M,1102,DISTID2,38
OC,YC10,?,?,FALSE,15,39,15,39,5,-1,-1,-1,-1,-1,-1,-1,-1,-1,-1,-1,-1,-1,-1,-1,-1,-1,-1,-1,-1,1,3,M,1214,DISTID2,39
OC,YC10,?,?,FALSE,15,39,15,39,5,-1,-1,-1,-1,-1,-1,-1,-1,-1,-1,-1,-1,-1,-1,-1,-1,-1,-1,-1,-1,1,3,M,1123,DISTID2,40
OC,YC10,?,?,FALSE,15,39,15,39,5,-1,-1,-1,-1,-1,-1,-1,-1,-1,-1,-1,-1,-1,-1,-1,-1,-1,-1,-1,-1,1,3,M,1111,DISTID2,41
OC,YC10,?,?,FALSE,15,39,15,39,5,-1,-1,-1,-1,-1,-1,-1,-1,-1,-1,-1,-1,-1,-1,-1,-1,-1,-1,-1,-1,1,3,M,1157,DISTID2,42
OC,YC10,?,?,FALSE,15,39,15,39,5,-1,-1,-1,-1,-1,-1,-1,-1,-1,-1,-1,-1,-1,-1,-1,-1,-1,-1,-1,-1,1,3,M,1179,DISTID2,43
OC,YC10,?,?,FALSE,15,39,15,39,5,-1,-1,-1,-1,-1,-1,-1,-1,-1,-1,-1,-1,-1,-1,-1,-1,-1,-1,-1,-1,1,3,M,1098,DISTID2,44
OC,YC10,?,?,FALSE,15,39,15,39,5,-1,-1,-1,-1,-1,-1,-1,-1,-1,-1,-1,-1,-1,-1,-1,-1,-1,-1,-1,-1,1,3,M,1271,DISTID2,45
OC,YC10,?,?,FALSE,15,39,15,39,5,-1,-1,-1,-1,-1,-1,-1,-1,-1,-1,-1,-1,-1,-1,-1,-1,-1,-1,-1,-1,1,3,M,1143,DISTID2,46
OC,YC10,?,?,FALSE,15,39,15,39,5,-1,-1,-1,-1,-1,-1,-1,-1,-1,-1,-1,-1,-1,-1,-1,-1,-1,-1,-1,-1,1,3,M,1214,DISTID2,47
OC,YC10,?,?,FALSE,15,39,15,39,5,-1,-1,-1,-1,-1,-1,-1,-1,-1,-1,-1,-1,-1,-1,-1,-1,-1,-1,-1,-1,1,3,M,1644,DISTID2,48
OC,YC10,?,?,FALSE,15,39,15,39,5,-1,-1,-1,-1,-1,-1,-1,-1,-1,-1,-1,-1,-1,-1,-1,-1,-1,-1,-1,-1,1,3,M,1889,DISTID2,49
OC,YC10,?,?,FALSE,15,39,15,39,5,-1,-1,-1,-1,-1,-1,-1,-1,-1,-1,-1,-1,-1,-1,-1,-1,-1,-1,-1,-1,1,3,M,1658,DISTID2,50
OC,YC10,?,?,FALSE,15,39,15,39,5,-1,-1,-1,-1,-1,-1,-1,-1,-1,-1,-1,-1,-1,-1,-1,-1,-1,-1,-1,-1,1,3,M,1574,DISTID2,51
OC,YC10,?,?,FALSE,15,39,15,39,5,-1,-1,-1,-1,-1,-1,-1,-1,-1,-1,-1,-1,-1,-1,-1,-1,-1,-1,-1,-1,1,3,M,1537,DISTID2,52
OC,YC10,?,?,FALSE,15,39,15,39,5,-1,-1,-1,-1,-1,-1,-1,-1,-1,-1,-1,-1,-1,-1,-1,-1,-1,-1,-1,-1,1,3,M,1583,DISTID2,53
OC,YC10,?,?,FALSE,15,39,15,39,5,-1,-1,-1,-1,-1,-1,-1,-1,-1,-1,-1,-1,-1,-1,-1,-1,-1,-1,-1,-1,1,3,M,2332,DISTID2,54
SGB,YC6,?,?,FALSE,25,64,25,64,7,-1,-1,-1,-1,-1,-1,-1,-1,-1,-1,-1,-1,-1,-1,-1,-1,-1,-1,-1,-1,1,12,M,1432,DISTID2,1
SGB,YC6,?,?,FALSE,25,64,25,64,7,-1,-1,-1,-1,-1,-1,-1,-1,-1,-1,-1,-1,-1,-1,-1,-1,-1,-1,-1,-1,1,12,M,0,DISTID2,2
SGB,YC6,?,?,FALSE,25,64,25,64,7,-1,-1,-1,-1,-1,-1,-1,-1,-1,-1,-1,-1,-1,-1,-1,-1,-1,-1,-1,-1,1,12,M,5866,DISTID2,3
SGB,YC6,?,?,FALSE,25,64,25,64,7,-1,-1,-1,-1,-1,-1,-1,-1,-1,-1,-1,-1,-1,-1,-1,-1,-1,-1,-1,-1,1,12,M,9121,DISTID2,4
SGB,YC6,?,?,FALSE,25,64,25,64,7,-1,-1,-1,-1,-1,-1,-1,-1,-1,-1,-1,-1,-1,-1,-1,-1,-1,-1,-1,-1,1,12,M,26642,DISTID2,5
SGB,YC6,?,?,FALSE,25,64,25,64,7,-1,-1,-1,-1,-1,-1,-1,-1,-1,-1,-1,-1,-1,-1,-1,-1,-1,-1,-1,-1,1,12,M,10263,DISTID2,6
SGB,YC6,?,?,FALSE,25,64,25,64,7,-1,-1,-1,-1,-1,-1,-1,-1,-1,-1,-1,-1,-1,-1,-1,-1,-1,-1,-1,-1,1,12,M,3465,DISTID2,7
SGB,YC6,?,?,FALSE,25,64,25,64,7,-1,-1,-1,-1,-1,-1,-1,-1,-1,-1,-1,-1,-1,-1,-1,-1,-1,-1,-1,-1,1,12,M,2824,DISTID2,8
SGB,YC6,?,?,FALSE,25,64,25,64,7,-1,-1,-1,-1,-1,-1,-1,-1,-1,-1,-1,-1,-1,-1,-1,-1,-1,-1,-1,-1,1,12,M,995,DISTID2,9
SGB,YC6,?,?,FALSE,25,64,25,64,7,-1,-1,-1,-1,-1,-1,-1,-1,-1,-1,-1,-1,-1,-1,-1,-1,-1,-1,-1,-1,1,12,M,290,DISTID2,10
SGB,YC6,?,?,FALSE,25,64,25,64,7,-1,-1,-1,-1,-1,-1,-1,-1,-1,-1,-1,-1,-1,-1,-1,-1,-1,-1,-1,-1,1,12,M,1089,DISTID2,11
SGB,YC6,?,?,FALSE,25,64,25,64,7,-1,-1,-1,-1,-1,-1,-1,-1,-1,-1,-1,-1,-1,-1,-1,-1,-1,-1,-1,-1,1,12,M,36962,DISTID2,12
SGB,YC6,?,?,FALSE,25,64,25,64,7,-1,-1,-1,-1,-1,-1,-1,-1,-1,-1,-1,-1,-1,-1,-1,-1,-1,-1,-1,-1,1,12,M,7596,DISTID2,13
SGB,YC6,?,?,FALSE,25,64,25,64,7,-1,-1,-1,-1,-1,-1,-1,-1,-1,-1,-1,-1,-1,-1,-1,-1,-1,-1,-1,-1,1,12,M,3230,DISTID2,14
SGB,YC6,?,?,FALSE,25,64,25,64,7,-1,-1,-1,-1,-1,-1,-1,-1,-1,-1,-1,-1,-1,-1,-1,-1,-1,-1,-1,-1,1,12,M,1888,DISTID2,15
SGB,YC6,?,?,FALSE,25,64,25,64,7,-1,-1,-1,-1,-1,-1,-1,-1,-1,-1,-1,-1,-1,-1,-1,-1,-1,-1,-1,-1,1,12,M,2443,DISTID2,16
SGB,YC6,?,?,FALSE,25,64,25,64,7,-1,-1,-1,-1,-1,-1,-1,-1,-1,-1,-1,-1,-1,-1,-1,-1,-1,-1,-1,-1,1,12,M,1947,DISTID2,17
SGB,YC6,?,?,FALSE,25,64,25,64,7,-1,-1,-1,-1,-1,-1,-1,-1,-1,-1,-1,-1,-1,-1,-1,-1,-1,-1,-1,-1,1,12,M,2330,DISTID2,18
SGB,YC6,?,?,FALSE,25,64,25,64,7,-1,-1,-1,-1,-1,-1,-1,-1,-1,-1,-1,-1,-1,-1,-1,-1,-1,-1,-1,-1,1,12,M,39785,DISTID2,19
SGB,YC6,?,?,FALSE,25,64,25,64,7,-1,-1,-1,-1,-1,-1,-1,-1,-1,-1,-1,-1,-1,-1,-1,-1,-1,-1,-1,-1,1,12,M,5111,DISTID2,20
SGB,YC6,?,?,FALSE,25,64,25,64,7,-1,-1,-1,-1,-1,-1,-1,-1,-1,-1,-1,-1,-1,-1,-1,-1,-1,-1,-1,-1,1,12,M,4532,DISTID2,21
SGB,YC6,?,?,FALSE,25,64,25,64,7,-1,-1,-1,-1,-1,-1,-1,-1,-1,-1,-1,-1,-1,-1,-1,-1,-1,-1,-1,-1,1,12,M,1008,DISTID2,22
SGB,YC6,?,?,FALSE,25,64,25,64,7,-1,-1,-1,-1,-1,-1,-1,-1,-1,-1,-1,-1,-1,-1,-1,-1,-1,-1,-1,-1,1,12,M,2533,DISTID2,23
SGB,YC6,?,?,FALSE,25,64,25,64,7,-1,-1,-1,-1,-1,-1,-1,-1,-1,-1,-1,-1,-1,-1,-1,-1,-1,-1,-1,-1,1,12,M,2921,DISTID2,24
SGB,YC6,?,?,FALSE,25,64,25,64,7,-1,-1,-1,-1,-1,-1,-1,-1,-1,-1,-1,-1,-1,-1,-1,-1,-1,-1,-1,-1,1,12,M,3342,DISTID2,25
SGB,YC6,?,?,FALSE,25,64,25,64,7,-1,-1,-1,-1,-1,-1,-1,-1,-1,-1,-1,-1,-1,-1,-1,-1,-1,-1,-1,-1,1,12,M,20186,DISTID2,26
SGB,YC6,?,?,FALSE,25,64,25,64,7,-1,-1,-1,-1,-1,-1,-1,-1,-1,-1,-1,-1,-1,-1,-1,-1,-1,-1,-1,-1,1,12,M,23295,DISTID2,27
SGB,YC6,?,?,FALSE,25,64,25,64,7,-1,-1,-1,-1,-1,-1,-1,-1,-1,-1,-1,-1,-1,-1,-1,-1,-1,-1,-1,-1,1,12,M,7704,DISTID2,28
SGB,YC6,?,?,FALSE,25,64,25,64,7,-1,-1,-1,-1,-1,-1,-1,-1,-1,-1,-1,-1,-1,-1,-1,-1,-1,-1,-1,-1,1,12,M,7411,DISTID2,29
SGB,YC6,?,?,FALSE,25,64,25,64,7,-1,-1,-1,-1,-1,-1,-1,-1,-1,-1,-1,-1,-1,-1,-1,-1,-1,-1,-1,-1,1,12,M,1432,DISTID2,30
SGB,YC6,?,?,FALSE,25,64,25,64,7,-1,-1,-1,-1,-1,-1,-1,-1,-1,-1,-1,-1,-1,-1,-1,-1,-1,-1,-1,-1,1,12,M,1767,DISTID2,31
SGB,YC6,?,?,FALSE,25,64,25,64,7,-1,-1,-1,-1,-1,-1,-1,-1,-1,-1,-1,-1,-1,-1,-1,-1,-1,-1,-1,-1,1,12,M,2003,DISTID2,32
SGB,YC6,?,?,FALSE,25,64,25,64,7,-1,-1,-1,-1,-1,-1,-1,-1,-1,-1,-1,-1,-1,-1,-1,-1,-1,-1,-1,-1,1,12,M,179,DISTID2,33
SGB,YC6,?,?,FALSE,25,64,25,64,7,-1,-1,-1,-1,-1,-1,-1,-1,-1,-1,-1,-1,-1,-1,-1,-1,-1,-1,-1,-1,1,12,M,25096,DISTID2,34
SGB,YC6,?,?,FALSE,25,64,25,64,7,-1,-1,-1,-1,-1,-1,-1,-1,-1,-1,-1,-1,-1,-1,-1,-1,-1,-1,-1,-1,1,12,M,13368,DISTID2,35
SGB,YC6,?,?,FALSE,25,64,25,64,7,-1,-1,-1,-1,-1,-1,-1,-1,-1,-1,-1,-1,-1,-1,-1,-1,-1,-1,-1,-1,1,12,M,11118,DISTID2,36
SGB,YC6,?,?,FALSE,25,64,25,64,7,-1,-1,-1,-1,-1,-1,-1,-1,-1,-1,-1,-1,-1,-1,-1,-1,-1,-1,-1,-1,1,12,M,8089,DISTID2,37
SGB,YC6,?,?,FALSE,25,64,25,64,7,-1,-1,-1,-1,-1,-1,-1,-1,-1,-1,-1,-1,-1,-1,-1,-1,-1,-1,-1,-1,1,12,M,404,DISTID2,38
SGB,YC6,?,?,FALSE,25,64,25,64,7,-1,-1,-1,-1,-1,-1,-1,-1,-1,-1,-1,-1,-1,-1,-1,-1,-1,-1,-1,-1,1,12,M,694,DISTID2,39
SGB,YC6,?,?,FALSE,25,64,25,64,7,-1,-1,-1,-1,-1,-1,-1,-1,-1,-1,-1,-1,-1,-1,-1,-1,-1,-1,-1,-1,1,12,M,44,DISTID2,40
SGB,YC6,?,?,FALSE,25,64,25,64,7,-1,-1,-1,-1,-1,-1,-1,-1,-1,-1,-1,-1,-1,-1,-1,-1,-1,-1,-1,-1,1,12,M,3540,DISTID2,41
SGB,YC6,?,?,FALSE,25,64,25,64,7,-1,-1,-1,-1,-1,-1,-1,-1,-1,-1,-1,-1,-1,-1,-1,-1,-1,-1,-1,-1,1,12,M,8049,DISTID2,42
SGB,YC6,?,?,FALSE,25,64,25,64,7,-1,-1,-1,-1,-1,-1,-1,-1,-1,-1,-1,-1,-1,-1,-1,-1,-1,-1,-1,-1,1,12,M,8660,DISTID2,43
SGB,YC6,?,?,FALSE,25,64,25,64,7,-1,-1,-1,-1,-1,-1,-1,-1,-1,-1,-1,-1,-1,-1,-1,-1,-1,-1,-1,-1,1,12,M,8691,DISTID2,44
SGB,YC6,?,?,FALSE,25,64,25,64,7,-1,-1,-1,-1,-1,-1,-1,-1,-1,-1,-1,-1,-1,-1,-1,-1,-1,-1,-1,-1,1,12,M,575,DISTID2,45
SGB,YC6,?,?,FALSE,25,64,25,64,7,-1,-1,-1,-1,-1,-1,-1,-1,-1,-1,-1,-1,-1,-1,-1,-1,-1,-1,-1,-1,1,12,M,779,DISTID2,46
SGB,YC6,?,?,FALSE,25,64,25,64,7,-1,-1,-1,-1,-1,-1,-1,-1,-1,-1,-1,-1,-1,-1,-1,-1,-1,-1,-1,-1,1,12,M,672,DISTID2,47
SGB,YC6,?,?,FALSE,25,64,25,64,7,-1,-1,-1,-1,-1,-1,-1,-1,-1,-1,-1,-1,-1,-1,-1,-1,-1,-1,-1,-1,1,12,M,1104,DISTID2,48
SGB,YC6,?,?,FALSE,25,64,25,64,7,-1,-1,-1,-1,-1,-1,-1,-1,-1,-1,-1,-1,-1,-1,-1,-1,-1,-1,-1,-1,1,12,M,7521,DISTID2,49
SGB,YC6,?,?,FALSE,25,64,25,64,7,-1,-1,-1,-1,-1,-1,-1,-1,-1,-1,-1,-1,-1,-1,-1,-1,-1,-1,-1,-1,1,12,M,8338,DISTID2,50
SGB,YC6,?,?,FALSE,25,64,25,64,7,-1,-1,-1,-1,-1,-1,-1,-1,-1,-1,-1,-1,-1,-1,-1,-1,-1,-1,-1,-1,1,12,M,10423,DISTID2,51
SGB,YC6,?,?,FALSE,25,64,25,64,7,-1,-1,-1,-1,-1,-1,-1,-1,-1,-1,-1,-1,-1,-1,-1,-1,-1,-1,-1,-1,1,12,M,1682,DISTID2,52
SGB,YC6,?,?,FALSE,25,64,25,64,7,-1,-1,-1,-1,-1,-1,-1,-1,-1,-1,-1,-1,-1,-1,-1,-1,-1,-1,-1,-1,1,12,M,1382,DISTID2,53
SGB,YC6,?,?,FALSE,25,64,25,64,7,-1,-1,-1,-1,-1,-1,-1,-1,-1,-1,-1,-1,-1,-1,-1,-1,-1,-1,-1,-1,1,12,M,1226,DISTID2,54
SNFGB-mineral,YC6,?,?,FALSE,15,37,15,37,5,-1,-1,-1,-1,-1,-1,-1,-1,-1,-1,-1,-1,-1,-1,-1,-1,-1,-1,-1,-1,1,12,M,2596,DISTID2,1
SNFGB-mineral,YC6,?,?,FALSE,15,37,15,37,5,-1,-1,-1,-1,-1,-1,-1,-1,-1,-1,-1,-1,-1,-1,-1,-1,-1,-1,-1,-1,1,12,M,3427,DISTID2,2
SNFGB-mineral,YC6,?,?,FALSE,15,37,15,37,5,-1,-1,-1,-1,-1,-1,-1,-1,-1,-1,-1,-1,-1,-1,-1,-1,-1,-1,-1,-1,1,12,M,3134,DISTID2,3
SNFGB-mineral,YC6,?,?,FALSE,15,37,15,37,5,-1,-1,-1,-1,-1,-1,-1,-1,-1,-1,-1,-1,-1,-1,-1,-1,-1,-1,-1,-1,1,12,M,0,DISTID2,4
SNFGB-mineral,YC6,?,?,FALSE,15,37,15,37,5,-1,-1,-1,-1,-1,-1,-1,-1,-1,-1,-1,-1,-1,-1,-1,-1,-1,-1,-1,-1,1,12,M,3839,DISTID2,5
SNFGB-mineral,YC6,?,?,FALSE,15,37,15,37,5,-1,-1,-1,-1,-1,-1,-1,-1,-1,-1,-1,-1,-1,-1,-1,-1,-1,-1,-1,-1,1,12,M,12456,DISTID2,6
SNFGB-mineral,YC6,?,?,FALSE,15,37,15,37,5,-1,-1,-1,-1,-1,-1,-1,-1,-1,-1,-1,-1,-1,-1,-1,-1,-1,-1,-1,-1,1,12,M,23840,DISTID2,7
SNFGB-mineral,YC6,?,?,FALSE,15,37,15,37,5,-1,-1,-1,-1,-1,-1,-1,-1,-1,-1,-1,-1,-1,-1,-1,-1,-1,-1,-1,-1,1,12,M,36755,DISTID2,8
SNFGB-mineral,YC6,?,?,FALSE,15,37,15,37,5,-1,-1,-1,-1,-1,-1,-1,-1,-1,-1,-1,-1,-1,-1,-1,-1,-1,-1,-1,-1,1,12,M,1020,DISTID2,9
SNFGB-mineral,YC6,?,?,FALSE,15,37,15,37,5,-1,-1,-1,-1,-1,-1,-1,-1,-1,-1,-1,-1,-1,-1,-1,-1,-1,-1,-1,-1,1,12,M,2026,DISTID2,10
SNFGB-mineral,YC6,?,?,FALSE,15,37,15,37,5,-1,-1,-1,-1,-1,-1,-1,-1,-1,-1,-1,-1,-1,-1,-1,-1,-1,-1,-1,-1,1,12,M,536,DISTID2,11
SNFGB-mineral,YC6,?,?,FALSE,15,37,15,37,5,-1,-1,-1,-1,-1,-1,-1,-1,-1,-1,-1,-1,-1,-1,-1,-1,-1,-1,-1,-1,1,12,M,6634,DISTID2,12
SNFGB-mineral,YC6,?,?,FALSE,15,37,15,37,5,-1,-1,-1,-1,-1,-1,-1,-1,-1,-1,-1,-1,-1,-1,-1,-1,-1,-1,-1,-1,1,12,M,8628,DISTID2,13
SNFGB-mineral,YC6,?,?,FALSE,15,37,15,37,5,-1,-1,-1,-1,-1,-1,-1,-1,-1,-1,-1,-1,-1,-1,-1,-1,-1,-1,-1,-1,1,12,M,20009,DISTID2,14
SNFGB-mineral,YC6,?,?,FALSE,15,37,15,37,5,-1,-1,-1,-1,-1,-1,-1,-1,-1,-1,-1,-1,-1,-1,-1,-1,-1,-1,-1,-1,1,12,M,5085,DISTID2,15
SNFGB-mineral,YC6,?,?,FALSE,15,37,15,37,5,-1,-1,-1,-1,-1,-1,-1,-1,-1,-1,-1,-1,-1,-1,-1,-1,-1,-1,-1,-1,1,12,M,6944,DISTID2,16
SNFGB-mineral,YC6,?,?,FALSE,15,37,15,37,5,-1,-1,-1,-1,-1,-1,-1,-1,-1,-1,-1,-1,-1,-1,-1,-1,-1,-1,-1,-1,1,12,M,621,DISTID2,17
SNFGB-mineral,YC6,?,?,FALSE,15,37,15,37,5,-1,-1,-1,-1,-1,-1,-1,-1,-1,-1,-1,-1,-1,-1,-1,-1,-1,-1,-1,-1,1,12,M,576,DISTID2,18
SNFGB-mineral,YC6,?,?,FALSE,15,37,15,37,5,-1,-1,-1,-1,-1,-1,-1,-1,-1,-1,-1,-1,-1,-1,-1,-1,-1,-1,-1,-1,1,12,M,14383,DISTID2,19
SNFGB-mineral,YC6,?,?,FALSE,15,37,15,37,5,-1,-1,-1,-1,-1,-1,-1,-1,-1,-1,-1,-1,-1,-1,-1,-1,-1,-1,-1,-1,1,12,M,7804,DISTID2,20
SNFGB-mineral,YC6,?,?,FALSE,15,37,15,37,5,-1,-1,-1,-1,-1,-1,-1,-1,-1,-1,-1,-1,-1,-1,-1,-1,-1,-1,-1,-1,1,12,M,7944,DISTID2,21
SNFGB-mineral,YC6,?,?,FALSE,15,37,15,37,5,-1,-1,-1,-1,-1,-1,-1,-1,-1,-1,-1,-1,-1,-1,-1,-1,-1,-1,-1,-1,1,12,M,4201,DISTID2,22
SNFGB-mineral,YC6,?,?,FALSE,15,37,15,37,5,-1,-1,-1,-1,-1,-1,-1,-1,-1,-1,-1,-1,-1,-1,-1,-1,-1,-1,-1,-1,1,12,M,1972,DISTID2,23
SNFGB-mineral,YC6,?,?,FALSE,15,37,15,37,5,-1,-1,-1,-1,-1,-1,-1,-1,-1,-1,-1,-1,-1,-1,-1,-1,-1,-1,-1,-1,1,12,M,724,DISTID2,24
SNFGB-mineral,YC6,?,?,FALSE,15,37,15,37,5,-1,-1,-1,-1,-1,-1,-1,-1,-1,-1,-1,-1,-1,-1,-1,-1,-1,-1,-1,-1,1,12,M,3527,DISTID2,25
SNFGB-mineral,YC6,?,?,FALSE,15,37,15,37,5,-1,-1,-1,-1,-1,-1,-1,-1,-1,-1,-1,-1,-1,-1,-1,-1,-1,-1,-1,-1,1,12,M,5332,DISTID2,26
SNFGB-mineral,YC6,?,?,FALSE,15,37,15,37,5,-1,-1,-1,-1,-1,-1,-1,-1,-1,-1,-1,-1,-1,-1,-1,-1,-1,-1,-1,-1,1,12,M,5474,DISTID2,27
SNFGB-mineral,YC6,?,?,FALSE,15,37,15,37,5,-1,-1,-1,-1,-1,-1,-1,-1,-1,-1,-1,-1,-1,-1,-1,-1,-1,-1,-1,-1,1,12,M,9183,DISTID2,28
SNFGB-mineral,YC6,?,?,FALSE,15,37,15,37,5,-1,-1,-1,-1,-1,-1,-1,-1,-1,-1,-1,-1,-1,-1,-1,-1,-1,-1,-1,-1,1,12,M,3834,DISTID2,29
SNFGB-mineral,YC6,?,?,FALSE,15,37,15,37,5,-1,-1,-1,-1,-1,-1,-1,-1,-1,-1,-1,-1,-1,-1,-1,-1,-1,-1,-1,-1,1,12,M,608,DISTID2,30
SNFGB-mineral,YC6,?,?,FALSE,15,37,15,37,5,-1,-1,-1,-1,-1,-1,-1,-1,-1,-1,-1,-1,-1,-1,-1,-1,-1,-1,-1,-1,1,12,M,492,DISTID2,31
SNFGB-mineral,YC6,?,?,FALSE,15,37,15,37,5,-1,-1,-1,-1,-1,-1,-1,-1,-1,-1,-1,-1,-1,-1,-1,-1,-1,-1,-1,-1,1,12,M,2943,DISTID2,32
SNFGB-mineral,YC6,?,?,FALSE,15,37,15,37,5,-1,-1,-1,-1,-1,-1,-1,-1,-1,-1,-1,-1,-1,-1,-1,-1,-1,-1,-1,-1,1,12,M,10330,DISTID2,33
SNFGB-mineral,YC6,?,?,FALSE,15,37,15,37,5,-1,-1,-1,-1,-1,-1,-1,-1,-1,-1,-1,-1,-1,-1,-1,-1,-1,-1,-1,-1,1,12,M,8245,DISTID2,34
SNFGB-mineral,YC6,?,?,FALSE,15,37,15,37,5,-1,-1,-1,-1,-1,-1,-1,-1,-1,-1,-1,-1,-1,-1,-1,-1,-1,-1,-1,-1,1,12,M,2196,DISTID2,35
SNFGB-mineral,YC6,?,?,FALSE,15,37,15,37,5,-1,-1,-1,-1,-1,-1,-1,-1,-1,-1,-1,-1,-1,-1,-1,-1,-1,-1,-1,-1,1,12,M,740,DISTID2,36
SNFGB-mineral,YC6,?,?,FALSE,15,37,15,37,5,-1,-1,-1,-1,-1,-1,-1,-1,-1,-1,-1,-1,-1,-1,-1,-1,-1,-1,-1,-1,1,12,M,987,DISTID2,37
SNFGB-mineral,YC6,?,?,FALSE,15,37,15,37,5,-1,-1,-1,-1,-1,-1,-1,-1,-1,-1,-1,-1,-1,-1,-1,-1,-1,-1,-1,-1,1,12,M,1682,DISTID2,38
SNFGB-mineral,YC6,?,?,FALSE,15,37,15,37,5,-1,-1,-1,-1,-1,-1,-1,-1,-1,-1,-1,-1,-1,-1,-1,-1,-1,-1,-1,-1,1,12,M,1305,DISTID2,39
SNFGB-mineral,YC6,?,?,FALSE,15,37,15,37,5,-1,-1,-1,-1,-1,-1,-1,-1,-1,-1,-1,-1,-1,-1,-1,-1,-1,-1,-1,-1,1,12,M,1950,DISTID2,40
SNFGB-mineral,YC6,?,?,FALSE,15,37,15,37,5,-1,-1,-1,-1,-1,-1,-1,-1,-1,-1,-1,-1,-1,-1,-1,-1,-1,-1,-1,-1,1,12,M,1272,DISTID2,41
SNFGB-mineral,YC6,?,?,FALSE,15,37,15,37,5,-1,-1,-1,-1,-1,-1,-1,-1,-1,-1,-1,-1,-1,-1,-1,-1,-1,-1,-1,-1,1,12,M,1130,DISTID2,42
SNFGB-mineral,YC6,?,?,FALSE,15,37,15,37,5,-1,-1,-1,-1,-1,-1,-1,-1,-1,-1,-1,-1,-1,-1,-1,-1,-1,-1,-1,-1,1,12,M,1331,DISTID2,43
SNFGB-mineral,YC6,?,?,FALSE,15,37,15,37,5,-1,-1,-1,-1,-1,-1,-1,-1,-1,-1,-1,-1,-1,-1,-1,-1,-1,-1,-1,-1,1,12,M,1409,DISTID2,44
SNFGB-mineral,YC6,?,?,FALSE,15,37,15,37,5,-1,-1,-1,-1,-1,-1,-1,-1,-1,-1,-1,-1,-1,-1,-1,-1,-1,-1,-1,-1,1,12,M,1453,DISTID2,45
SNFGB-mineral,YC6,?,?,FALSE,15,37,15,37,5,-1,-1,-1,-1,-1,-1,-1,-1,-1,-1,-1,-1,-1,-1,-1,-1,-1,-1,-1,-1,1,12,M,1795,DISTID2,46
SNFGB-mineral,YC6,?,?,FALSE,15,37,15,37,5,-1,-1,-1,-1,-1,-1,-1,-1,-1,-1,-1,-1,-1,-1,-1,-1,-1,-1,-1,-1,1,12,M,1776,DISTID2,47
SNFGB-mineral,YC6,?,?,FALSE,15,37,15,37,5,-1,-1,-1,-1,-1,-1,-1,-1,-1,-1,-1,-1,-1,-1,-1,-1,-1,-1,-1,-1,1,12,M,556,DISTID2,48
SNFGB-mineral,YC6,?,?,FALSE,15,37,15,37,5,-1,-1,-1,-1,-1,-1,-1,-1,-1,-1,-1,-1,-1,-1,-1,-1,-1,-1,-1,-1,1,12,M,1153,DISTID2,49
SNFGB-mineral,YC6,?,?,FALSE,15,37,15,37,5,-1,-1,-1,-1,-1,-1,-1,-1,-1,-1,-1,-1,-1,-1,-1,-1,-1,-1,-1,-1,1,12,M,1369,DISTID2,50
SNFGB-mineral,YC6,?,?,FALSE,15,37,15,37,5,-1,-1,-1,-1,-1,-1,-1,-1,-1,-1,-1,-1,-1,-1,-1,-1,-1,-1,-1,-1,1,12,M,1386,DISTID2,51
SNFGB-mineral,YC6,?,?,FALSE,15,37,15,37,5,-1,-1,-1,-1,-1,-1,-1,-1,-1,-1,-1,-1,-1,-1,-1,-1,-1,-1,-1,-1,1,12,M,1646,DISTID2,52
SNFGB-mineral,YC6,?,?,FALSE,15,37,15,37,5,-1,-1,-1,-1,-1,-1,-1,-1,-1,-1,-1,-1,-1,-1,-1,-1,-1,-1,-1,-1,1,12,M,1558,DISTID2,53
SNFGB-mineral,YC6,?,?,FALSE,15,37,15,37,5,-1,-1,-1,-1,-1,-1,-1,-1,-1,-1,-1,-1,-1,-1,-1,-1,-1,-1,-1,-1,1,12,M,1387,DISTID2,54
SNFGB-peat,YC6,?,?,FALSE,15,37,15,37,5,-1,-1,-1,-1,-1,-1,-1,-1,-1,-1,-1,-1,-1,-1,-1,-1,-1,-1,-1,-1,1,12,M,1462,DISTID2,1
SNFGB-peat,YC6,?,?,FALSE,15,37,15,37,5,-1,-1,-1,-1,-1,-1,-1,-1,-1,-1,-1,-1,-1,-1,-1,-1,-1,-1,-1,-1,1,12,M,0,DISTID2,2
SNFGB-peat,YC6,?,?,FALSE,15,37,15,37,5,-1,-1,-1,-1,-1,-1,-1,-1,-1,-1,-1,-1,-1,-1,-1,-1,-1,-1,-1,-1,1,12,M,0,DISTID2,3
SNFGB-peat,YC6,?,?,FALSE,15,37,15,37,5,-1,-1,-1,-1,-1,-1,-1,-1,-1,-1,-1,-1,-1,-1,-1,-1,-1,-1,-1,-1,1,12,M,0,DISTID2,4
SNFGB-peat,YC6,?,?,FALSE,15,37,15,37,5,-1,-1,-1,-1,-1,-1,-1,-1,-1,-1,-1,-1,-1,-1,-1,-1,-1,-1,-1,-1,1,12,M,1059,DISTID2,5
SNFGB-peat,YC6,?,?,FALSE,15,37,15,37,5,-1,-1,-1,-1,-1,-1,-1,-1,-1,-1,-1,-1,-1,-1,-1,-1,-1,-1,-1,-1,1,12,M,3310,DISTID2,6
SNFGB-peat,YC6,?,?,FALSE,15,37,15,37,5,-1,-1,-1,-1,-1,-1,-1,-1,-1,-1,-1,-1,-1,-1,-1,-1,-1,-1,-1,-1,1,12,M,6094,DISTID2,7
SNFGB-peat,YC6,?,?,FALSE,15,37,15,37,5,-1,-1,-1,-1,-1,-1,-1,-1,-1,-1,-1,-1,-1,-1,-1,-1,-1,-1,-1,-1,1,12,M,9066,DISTID2,8
SNFGB-peat,YC6,?,?,FALSE,15,37,15,37,5,-1,-1,-1,-1,-1,-1,-1,-1,-1,-1,-1,-1,-1,-1,-1,-1,-1,-1,-1,-1,1,12,M,107,DISTID2,9
SNFGB-peat,YC6,?,?,FALSE,15,37,15,37,5,-1,-1,-1,-1,-1,-1,-1,-1,-1,-1,-1,-1,-1,-1,-1,-1,-1,-1,-1,-1,1,12,M,459,DISTID2,10
SNFGB-peat,YC6,?,?,FALSE,15,37,15,37,5,-1,-1,-1,-1,-1,-1,-1,-1,-1,-1,-1,-1,-1,-1,-1,-1,-1,-1,-1,-1,1,12,M,1823,DISTID2,11
SNFGB-peat,YC6,?,?,FALSE,15,37,15,37,5,-1,-1,-1,-1,-1,-1,-1,-1,-1,-1,-1,-1,-1,-1,-1,-1,-1,-1,-1,-1,1,12,M,1842,DISTID2,12
SNFGB-peat,YC6,?,?,FALSE,15,37,15,37,5,-1,-1,-1,-1,-1,-1,-1,-1,-1,-1,-1,-1,-1,-1,-1,-1,-1,-1,-1,-1,1,12,M,2500,DISTID2,13
SNFGB-peat,YC6,?,?,FALSE,15,37,15,37,5,-1,-1,-1,-1,-1,-1,-1,-1,-1,-1,-1,-1,-1,-1,-1,-1,-1,-1,-1,-1,1,12,M,5769,DISTID2,14
SNFGB-peat,YC6,?,?,FALSE,15,37,15,37,5,-1,-1,-1,-1,-1,-1,-1,-1,-1,-1,-1,-1,-1,-1,-1,-1,-1,-1,-1,-1,1,12,M,1456,DISTID2,15
SNFGB-peat,YC6,?,?,FALSE,15,37,15,37,5,-1,-1,-1,-1,-1,-1,-1,-1,-1,-1,-1,-1,-1,-1,-1,-1,-1,-1,-1,-1,1,12,M,1969,DISTID2,16
SNFGB-peat,YC6,?,?,FALSE,15,37,15,37,5,-1,-1,-1,-1,-1,-1,-1,-1,-1,-1,-1,-1,-1,-1,-1,-1,-1,-1,-1,-1,1,12,M,1507,DISTID2,17
SNFGB-peat,YC6,?,?,FALSE,15,37,15,37,5,-1,-1,-1,-1,-1,-1,-1,-1,-1,-1,-1,-1,-1,-1,-1,-1,-1,-1,-1,-1,1,12,M,1938,DISTID2,18
SNFGB-peat,YC6,?,?,FALSE,15,37,15,37,5,-1,-1,-1,-1,-1,-1,-1,-1,-1,-1,-1,-1,-1,-1,-1,-1,-1,-1,-1,-1,1,12,M,3050,DISTID2,19
SNFGB-peat,YC6,?,?,FALSE,15,37,15,37,5,-1,-1,-1,-1,-1,-1,-1,-1,-1,-1,-1,-1,-1,-1,-1,-1,-1,-1,-1,-1,1,12,M,2061,DISTID2,20
SNFGB-peat,YC6,?,?,FALSE,15,37,15,37,5,-1,-1,-1,-1,-1,-1,-1,-1,-1,-1,-1,-1,-1,-1,-1,-1,-1,-1,-1,-1,1,12,M,2636,DISTID2,21
SNFGB-peat,YC6,?,?,FALSE,15,37,15,37,5,-1,-1,-1,-1,-1,-1,-1,-1,-1,-1,-1,-1,-1,-1,-1,-1,-1,-1,-1,-1,1,12,M,2907,DISTID2,22
SNFGB-peat,YC6,?,?,FALSE,15,37,15,37,5,-1,-1,-1,-1,-1,-1,-1,-1,-1,-1,-1,-1,-1,-1,-1,-1,-1,-1,-1,-1,1,12,M,385,DISTID2,23
SNFGB-peat,YC6,?,?,FALSE,15,37,15,37,5,-1,-1,-1,-1,-1,-1,-1,-1,-1,-1,-1,-1,-1,-1,-1,-1,-1,-1,-1,-1,1,12,M,154,DISTID2,24
SNFGB-peat,YC6,?,?,FALSE,15,37,15,37,5,-1,-1,-1,-1,-1,-1,-1,-1,-1,-1,-1,-1,-1,-1,-1,-1,-1,-1,-1,-1,1,12,M,245,DISTID2,25
SNFGB-peat,YC6,?,?,FALSE,15,37,15,37,5,-1,-1,-1,-1,-1,-1,-1,-1,-1,-1,-1,-1,-1,-1,-1,-1,-1,-1,-1,-1,1,12,M,1012,DISTID2,26
SNFGB-peat,YC6,?,?,FALSE,15,37,15,37,5,-1,-1,-1,-1,-1,-1,-1,-1,-1,-1,-1,-1,-1,-1,-1,-1,-1,-1,-1,-1,1,12,M,2308,DISTID2,27
SNFGB-peat,YC6,?,?,FALSE,15,37,15,37,5,-1,-1,-1,-1,-1,-1,-1,-1,-1,-1,-1,-1,-1,-1,-1,-1,-1,-1,-1,-1,1,12,M,2582,DISTID2,28
SNFGB-peat,YC6,?,?,FALSE,15,37,15,37,5,-1,-1,-1,-1,-1,-1,-1,-1,-1,-1,-1,-1,-1,-1,-1,-1,-1,-1,-1,-1,1,12,M,3161,DISTID2,29
SNFGB-peat,YC6,?,?,FALSE,15,37,15,37,5,-1,-1,-1,-1,-1,-1,-1,-1,-1,-1,-1,-1,-1,-1,-1,-1,-1,-1,-1,-1,1,12,M,506,DISTID2,30
SNFGB-peat,YC6,?,?,FALSE,15,37,15,37,5,-1,-1,-1,-1,-1,-1,-1,-1,-1,-1,-1,-1,-1,-1,-1,-1,-1,-1,-1,-1,1,12,M,111,DISTID2,31
SNFGB-peat,YC6,?,?,FALSE,15,37,15,37,5,-1,-1,-1,-1,-1,-1,-1,-1,-1,-1,-1,-1,-1,-1,-1,-1,-1,-1,-1,-1,1,12,M,716,DISTID2,32
SNFGB-peat,YC6,?,?,FALSE,15,37,15,37,5,-1,-1,-1,-1,-1,-1,-1,-1,-1,-1,-1,-1,-1,-1,-1,-1,-1,-1,-1,-1,1,12,M,3350,DISTID2,33
SNFGB-peat,YC6,?,?,FALSE,15,37,15,37,5,-1,-1,-1,-1,-1,-1,-1,-1,-1,-1,-1,-1,-1,-1,-1,-1,-1,-1,-1,-1,1,12,M,4046,DISTID2,34
SNFGB-peat,YC6,?,?,FALSE,15,37,15,37,5,-1,-1,-1,-1,-1,-1,-1,-1,-1,-1,-1,-1,-1,-1,-1,-1,-1,-1,-1,-1,1,12,M,985,DISTID2,35
SNFGB-peat,YC6,?,?,FALSE,15,37,15,37,5,-1,-1,-1,-1,-1,-1,-1,-1,-1,-1,-1,-1,-1,-1,-1,-1,-1,-1,-1,-1,1,12,M,102,DISTID2,36
SNFGB-peat,YC6,?,?,FALSE,15,37,15,37,5,-1,-1,-1,-1,-1,-1,-1,-1,-1,-1,-1,-1,-1,-1,-1,-1,-1,-1,-1,-1,1,12,M,245,DISTID2,37
SNFGB-peat,YC6,?,?,FALSE,15,37,15,37,5,-1,-1,-1,-1,-1,-1,-1,-1,-1,-1,-1,-1,-1,-1,-1,-1,-1,-1,-1,-1,1,12,M,395,DISTID2,38
SNFGB-peat,YC6,?,?,FALSE,15,37,15,37,5,-1,-1,-1,-1,-1,-1,-1,-1,-1,-1,-1,-1,-1,-1,-1,-1,-1,-1,-1,-1,1,12,M,281,DISTID2,39
SNFGB-peat,YC6,?,?,FALSE,15,37,15,37,5,-1,-1,-1,-1,-1,-1,-1,-1,-1,-1,-1,-1,-1,-1,-1,-1,-1,-1,-1,-1,1,12,M,957,DISTID2,40
SNFGB-peat,YC6,?,?,FALSE,15,37,15,37,5,-1,-1,-1,-1,-1,-1,-1,-1,-1,-1,-1,-1,-1,-1,-1,-1,-1,-1,-1,-1,1,12,M,357,DISTID2,41
SNFGB-peat,YC6,?,?,FALSE,15,37,15,37,5,-1,-1,-1,-1,-1,-1,-1,-1,-1,-1,-1,-1,-1,-1,-1,-1,-1,-1,-1,-1,1,12,M,299,DISTID2,42
SNFGB-peat,YC6,?,?,FALSE,15,37,15,37,5,-1,-1,-1,-1,-1,-1,-1,-1,-1,-1,-1,-1,-1,-1,-1,-1,-1,-1,-1,-1,1,12,M,399,DISTID2,43
SNFGB-peat,YC6,?,?,FALSE,15,37,15,37,5,-1,-1,-1,-1,-1,-1,-1,-1,-1,-1,-1,-1,-1,-1,-1,-1,-1,-1,-1,-1,1,12,M,197,DISTID2,44
SNFGB-peat,YC6,?,?,FALSE,15,37,15,37,5,-1,-1,-1,-1,-1,-1,-1,-1,-1,-1,-1,-1,-1,-1,-1,-1,-1,-1,-1,-1,1,12,M,713,DISTID2,45
SNFGB-peat,YC6,?,?,FALSE,15,37,15,37,5,-1,-1,-1,-1,-1,-1,-1,-1,-1,-1,-1,-1,-1,-1,-1,-1,-1,-1,-1,-1,1,12,M,676,DISTID2,46
SNFGB-peat,YC6,?,?,FALSE,15,37,15,37,5,-1,-1,-1,-1,-1,-1,-1,-1,-1,-1,-1,-1,-1,-1,-1,-1,-1,-1,-1,-1,1,12,M,324,DISTID2,47
SNFGB-peat,YC6,?,?,FALSE,15,37,15,37,5,-1,-1,-1,-1,-1,-1,-1,-1,-1,-1,-1,-1,-1,-1,-1,-1,-1,-1,-1,-1,1,12,M,279,DISTID2,48
SNFGB-peat,YC6,?,?,FALSE,15,37,15,37,5,-1,-1,-1,-1,-1,-1,-1,-1,-1,-1,-1,-1,-1,-1,-1,-1,-1,-1,-1,-1,1,12,M,230,DISTID2,49
SNFGB-peat,YC6,?,?,FALSE,15,37,15,37,5,-1,-1,-1,-1,-1,-1,-1,-1,-1,-1,-1,-1,-1,-1,-1,-1,-1,-1,-1,-1,1,12,M,653,DISTID2,50
SNFGB-peat,YC6,?,?,FALSE,15,37,15,37,5,-1,-1,-1,-1,-1,-1,-1,-1,-1,-1,-1,-1,-1,-1,-1,-1,-1,-1,-1,-1,1,12,M,680,DISTID2,51
SNFGB-peat,YC6,?,?,FALSE,15,37,15,37,5,-1,-1,-1,-1,-1,-1,-1,-1,-1,-1,-1,-1,-1,-1,-1,-1,-1,-1,-1,-1,1,12,M,472,DISTID2,52
SNFGB-peat,YC6,?,?,FALSE,15,37,15,37,5,-1,-1,-1,-1,-1,-1,-1,-1,-1,-1,-1,-1,-1,-1,-1,-1,-1,-1,-1,-1,1,12,M,402,DISTID2,53
SNFGB-peat,YC6,?,?,FALSE,15,37,15,37,5,-1,-1,-1,-1,-1,-1,-1,-1,-1,-1,-1,-1,-1,-1,-1,-1,-1,-1,-1,-1,1,12,M,401,DISTID2,54
Spruce13-16,YC13_16,?,?,FALSE,22,38,22,38,5,-1,-1,-1,-1,-1,-1,-1,-1,-1,-1,-1,-1,-1,-1,-1,-1,-1,-1,-1,-1,1,3,M,9210,DISTID2,1
Spruce13-16,YC13_16,?,?,FALSE,22,38,22,38,5,-1,-1,-1,-1,-1,-1,-1,-1,-1,-1,-1,-1,-1,-1,-1,-1,-1,-1,-1,-1,1,3,M,4453,DISTID2,2
Spruce13-16,YC13_16,?,?,FALSE,22,38,22,38,5,-1,-1,-1,-1,-1,-1,-1,-1,-1,-1,-1,-1,-1,-1,-1,-1,-1,-1,-1,-1,1,3,M,2367,DISTID2,3
Spruce13-16,YC13_16,?,?,FALSE,22,38,22,38,5,-1,-1,-1,-1,-1,-1,-1,-1,-1,-1,-1,-1,-1,-1,-1,-1,-1,-1,-1,-1,1,3,M,25922,DISTID2,4
Spruce13-16,YC13_16,?,?,FALSE,22,38,22,38,5,-1,-1,-1,-1,-1,-1,-1,-1,-1,-1,-1,-1,-1,-1,-1,-1,-1,-1,-1,-1,1,3,M,28912,DISTID2,5
Spruce13-16,YC13_16,?,?,FALSE,22,38,22,38,5,-1,-1,-1,-1,-1,-1,-1,-1,-1,-1,-1,-1,-1,-1,-1,-1,-1,-1,-1,-1,1,3,M,76289,DISTID2,6
Spruce13-16,YC13_16,?,?,FALSE,22,38,22,38,5,-1,-1,-1,-1,-1,-1,-1,-1,-1,-1,-1,-1,-1,-1,-1,-1,-1,-1,-1,-1,1,3,M,55229,DISTID2,7
Spruce13-16,YC13_16,?,?,FALSE,22,38,22,38,5,-1,-1,-1,-1,-1,-1,-1,-1,-1,-1,-1,-1,-1,-1,-1,-1,-1,-1,-1,-1,1,3,M,4128,DISTID2,8
Spruce13-16,YC13_16,?,?,FALSE,22,38,22,38,5,-1,-1,-1,-1,-1,-1,-1,-1,-1,-1,-1,-1,-1,-1,-1,-1,-1,-1,-1,-1,1,3,M,3337,DISTID2,9
Spruce13-16,YC13_16,?,?,FALSE,22,38,22,38,5,-1,-1,-1,-1,-1,-1,-1,-1,-1,-1,-1,-1,-1,-1,-1,-1,-1,-1,-1,-1,1,3,M,4705,DISTID2,10
Spruce13-16,YC13_16,?,?,FALSE,22,38,22,38,5,-1,-1,-1,-1,-1,-1,-1,-1,-1,-1,-1,-1,-1,-1,-1,-1,-1,-1,-1,-1,1,3,M,21442,DISTID2,11
Spruce13-16,YC13_16,?,?,FALSE,22,38,22,38,5,-1,-1,-1,-1,-1,-1,-1,-1,-1,-1,-1,-1,-1,-1,-1,-1,-1,-1,-1,-1,1,3,M,36588,DISTID2,12
Spruce13-16,YC13_16,?,?,FALSE,22,38,22,38,5,-1,-1,-1,-1,-1,-1,-1,-1,-1,-1,-1,-1,-1,-1,-1,-1,-1,-1,-1,-1,1,3,M,13183,DISTID2,13
Spruce13-16,YC13_16,?,?,FALSE,22,38,22,38,5,-1,-1,-1,-1,-1,-1,-1,-1,-1,-1,-1,-1,-1,-1,-1,-1,-1,-1,-1,-1,1,3,M,11703,DISTID2,14
Spruce13-16,YC13_16,?,?,FALSE,22,38,22,38,5,-1,-1,-1,-1,-1,-1,-1,-1,-1,-1,-1,-1,-1,-1,-1,-1,-1,-1,-1,-1,1,3,M,17512,DISTID2,15
Spruce13-16,YC13_16,?,?,FALSE,22,38,22,38,5,-1,-1,-1,-1,-1,-1,-1,-1,-1,-1,-1,-1,-1,-1,-1,-1,-1,-1,-1,-1,1,3,M,32310,DISTID2,16
Spruce13-16,YC13_16,?,?,FALSE,22,38,22,38,5,-1,-1,-1,-1,-1,-1,-1,-1,-1,-1,-1,-1,-1,-1,-1,-1,-1,-1,-1,-1,1,3,M,32119,DISTID2,17
Spruce13-16,YC13_16,?,?,FALSE,22,38,22,38,5,-1,-1,-1,-1,-1,-1,-1,-1,-1,-1,-1,-1,-1,-1,-1,-1,-1,-1,-1,-1,1,3,M,655,DISTID2,18
Spruce13-16,YC13_16,?,?,FALSE,22,38,22,38,5,-1,-1,-1,-1,-1,-1,-1,-1,-1,-1,-1,-1,-1,-1,-1,-1,-1,-1,-1,-1,1,3,M,609,DISTID2,19
Spruce13-16,YC13_16,?,?,FALSE,22,38,22,38,5,-1,-1,-1,-1,-1,-1,-1,-1,-1,-1,-1,-1,-1,-1,-1,-1,-1,-1,-1,-1,1,3,M,1103,DISTID2,20
Spruce13-16,YC13_16,?,?,FALSE,22,38,22,38,5,-1,-1,-1,-1,-1,-1,-1,-1,-1,-1,-1,-1,-1,-1,-1,-1,-1,-1,-1,-1,1,3,M,36980,DISTID2,21
Spruce13-16,YC13_16,?,?,FALSE,22,38,22,38,5,-1,-1,-1,-1,-1,-1,-1,-1,-1,-1,-1,-1,-1,-1,-1,-1,-1,-1,-1,-1,1,3,M,43145,DISTID2,22
Spruce13-16,YC13_16,?,?,FALSE,22,38,22,38,5,-1,-1,-1,-1,-1,-1,-1,-1,-1,-1,-1,-1,-1,-1,-1,-1,-1,-1,-1,-1,1,3,M,26975,DISTID2,23
Spruce13-16,YC13_16,?,?,FALSE,22,38,22,38,5,-1,-1,-1,-1,-1,-1,-1,-1,-1,-1,-1,-1,-1,-1,-1,-1,-1,-1,-1,-1,1,3,M,5794,DISTID2,24
Spruce13-16,YC13_16,?,?,FALSE,22,38,22,38,5,-1,-1,-1,-1,-1,-1,-1,-1,-1,-1,-1,-1,-1,-1,-1,-1,-1,-1,-1,-1,1,3,M,5501,DISTID2,25
Spruce13-16,YC13_16,?,?,FALSE,22,38,22,38,5,-1,-1,-1,-1,-1,-1,-1,-1,-1,-1,-1,-1,-1,-1,-1,-1,-1,-1,-1,-1,1,3,M,6079,DISTID2,26
Spruce13-16,YC13_16,?,?,FALSE,22,38,22,38,5,-1,-1,-1,-1,-1,-1,-1,-1,-1,-1,-1,-1,-1,-1,-1,-1,-1,-1,-1,-1,1,3,M,22649,DISTID2,27
Spruce13-16,YC13_16,?,?,FALSE,22,38,22,38,5,-1,-1,-1,-1,-1,-1,-1,-1,-1,-1,-1,-1,-1,-1,-1,-1,-1,-1,-1,-1,1,3,M,63043,DISTID2,28
Spruce13-16,YC13_16,?,?,FALSE,22,38,22,38,5,-1,-1,-1,-1,-1,-1,-1,-1,-1,-1,-1,-1,-1,-1,-1,-1,-1,-1,-1,-1,1,3,M,28637,DISTID2,29
Spruce13-16,YC13_16,?,?,FALSE,22,38,22,38,5,-1,-1,-1,-1,-1,-1,-1,-1,-1,-1,-1,-1,-1,-1,-1,-1,-1,-1,-1,-1,1,3,M,3623,DISTID2,30
Spruce13-16,YC13_16,?,?,FALSE,22,38,22,38,5,-1,-1,-1,-1,-1,-1,-1,-1,-1,-1,-1,-1,-1,-1,-1,-1,-1,-1,-1,-1,1,3,M,10234,DISTID2,31
Spruce13-16,YC13_16,?,?,FALSE,22,38,22,38,5,-1,-1,-1,-1,-1,-1,-1,-1,-1,-1,-1,-1,-1,-1,-1,-1,-1,-1,-1,-1,1,3,M,1076,DISTID2,32
Spruce13-16,YC13_16,?,?,FALSE,22,38,22,38,5,-1,-1,-1,-1,-1,-1,-1,-1,-1,-1,-1,-1,-1,-1,-1,-1,-1,-1,-1,-1,1,3,M,20684,DISTID2,33
Spruce13-16,YC13_16,?,?,FALSE,22,38,22,38,5,-1,-1,-1,-1,-1,-1,-1,-1,-1,-1,-1,-1,-1,-1,-1,-1,-1,-1,-1,-1,1,3,M,44344,DISTID2,34
Spruce13-16,YC13_16,?,?,FALSE,22,38,22,38,5,-1,-1,-1,-1,-1,-1,-1,-1,-1,-1,-1,-1,-1,-1,-1,-1,-1,-1,-1,-1,1,3,M,44344,DISTID2,35
Spruce13-16,YC13_16,?,?,FALSE,22,38,22,38,5,-1,-1,-1,-1,-1,-1,-1,-1,-1,-1,-1,-1,-1,-1,-1,-1,-1,-1,-1,-1,1,3,M,50286,DISTID2,36
Spruce13-16,YC13_16,?,?,FALSE,22,38,22,38,5,-1,-1,-1,-1,-1,-1,-1,-1,-1,-1,-1,-1,-1,-1,-1,-1,-1,-1,-1,-1,1,3,M,4514,DISTID2,37
Spruce13-16,YC13_16,?,?,FALSE,22,38,22,38,5,-1,-1,-1,-1,-1,-1,-1,-1,-1,-1,-1,-1,-1,-1,-1,-1,-1,-1,-1,-1,1,3,M,7111,DISTID2,38
Spruce13-16,YC13_16,?,?,FALSE,22,38,22,38,5,-1,-1,-1,-1,-1,-1,-1,-1,-1,-1,-1,-1,-1,-1,-1,-1,-1,-1,-1,-1,1,3,M,42561,DISTID2,39
Spruce13-16,YC13_16,?,?,FALSE,22,38,22,38,5,-1,-1,-1,-1,-1,-1,-1,-1,-1,-1,-1,-1,-1,-1,-1,-1,-1,-1,-1,-1,1,3,M,54994,DISTID2,40
Spruce13-16,YC13_16,?,?,FALSE,22,38,22,38,5,-1,-1,-1,-1,-1,-1,-1,-1,-1,-1,-1,-1,-1,-1,-1,-1,-1,-1,-1,-1,1,3,M,49129,DISTID2,41
Spruce13-16,YC13_16,?,?,FALSE,22,38,22,38,5,-1,-1,-1,-1,-1,-1,-1,-1,-1,-1,-1,-1,-1,-1,-1,-1,-1,-1,-1,-1,1,3,M,7885,DISTID2,42
Spruce13-16,YC13_16,?,?,FALSE,22,38,22,38,5,-1,-1,-1,-1,-1,-1,-1,-1,-1,-1,-1,-1,-1,-1,-1,-1,-1,-1,-1,-1,1,3,M,8041,DISTID2,43
Spruce13-16,YC13_16,?,?,FALSE,22,38,22,38,5,-1,-1,-1,-1,-1,-1,-1,-1,-1,-1,-1,-1,-1,-1,-1,-1,-1,-1,-1,-1,1,3,M,10655,DISTID2,44
Spruce13-16,YC13_16,?,?,FALSE,22,38,22,38,5,-1,-1,-1,-1,-1,-1,-1,-1,-1,-1,-1,-1,-1,-1,-1,-1,-1,-1,-1,-1,1,3,M,5938,DISTID2,45
Spruce13-16,YC13_16,?,?,FALSE,22,38,22,38,5,-1,-1,-1,-1,-1,-1,-1,-1,-1,-1,-1,-1,-1,-1,-1,-1,-1,-1,-1,-1,1,3,M,47137,DISTID2,46
Spruce13-16,YC13_16,?,?,FALSE,22,38,22,38,5,-1,-1,-1,-1,-1,-1,-1,-1,-1,-1,-1,-1,-1,-1,-1,-1,-1,-1,-1,-1,1,3,M,22945,DISTID2,47
Spruce13-16,YC13_16,?,?,FALSE,22,38,22,38,5,-1,-1,-1,-1,-1,-1,-1,-1,-1,-1,-1,-1,-1,-1,-1,-1,-1,-1,-1,-1,1,3,M,14441,DISTID2,48
Spruce13-16,YC13_16,?,?,FALSE,22,38,22,38,5,-1,-1,-1,-1,-1,-1,-1,-1,-1,-1,-1,-1,-1,-1,-1,-1,-1,-1,-1,-1,1,3,M,21343,DISTID2,49
Spruce13-16,YC13_16,?,?,FALSE,22,38,22,38,5,-1,-1,-1,-1,-1,-1,-1,-1,-1,-1,-1,-1,-1,-1,-1,-1,-1,-1,-1,-1,1,3,M,12277,DISTID2,50
Spruce13-16,YC13_16,?,?,FALSE,22,38,22,38,5,-1,-1,-1,-1,-1,-1,-1,-1,-1,-1,-1,-1,-1,-1,-1,-1,-1,-1,-1,-1,1,3,M,22208,DISTID2,51
Spruce13-16,YC13_16,?,?,FALSE,22,38,22,38,5,-1,-1,-1,-1,-1,-1,-1,-1,-1,-1,-1,-1,-1,-1,-1,-1,-1,-1,-1,-1,1,3,M,32962,DISTID2,52
Spruce13-16,YC13_16,?,?,FALSE,22,38,22,38,5,-1,-1,-1,-1,-1,-1,-1,-1,-1,-1,-1,-1,-1,-1,-1,-1,-1,-1,-1,-1,1,3,M,17926,DISTID2,53
Spruce13-16,YC13_16,?,?,FALSE,22,38,22,38,5,-1,-1,-1,-1,-1,-1,-1,-1,-1,-1,-1,-1,-1,-1,-1,-1,-1,-1,-1,-1,1,3,M,33754,DISTID2,54
Spruce17-20-nothin,YC17_20,?,?,FALSE,20,33,20,33,5,-1,-1,-1,-1,-1,-1,-1,-1,-1,-1,-1,-1,-1,-1,-1,-1,-1,-1,-1,-1,1,3,M,0,DISTID2,1
Spruce17-20-nothin,YC17_20,?,?,FALSE,20,33,20,33,5,-1,-1,-1,-1,-1,-1,-1,-1,-1,-1,-1,-1,-1,-1,-1,-1,-1,-1,-1,-1,1,3,M,0,DISTID2,2
Spruce17-20-nothin,YC17_20,?,?,FALSE,20,33,20,33,5,-1,-1,-1,-1,-1,-1,-1,-1,-1,-1,-1,-1,-1,-1,-1,-1,-1,-1,-1,-1,1,3,M,0,DISTID2,3
Spruce17-20-nothin,YC17_20,?,?,FALSE,20,33,20,33,5,-1,-1,-1,-1,-1,-1,-1,-1,-1,-1,-1,-1,-1,-1,-1,-1,-1,-1,-1,-1,1,3,M,0,DISTID2,4
Spruce17-20-thin,YC17_20,?,?,FALSE,20,33,20,33,5,-1,-1,-1,-1,-1,-1,-1,-1,-1,-1,-1,-1,-1,-1,-1,-1,-1,-1,-1,-1,1,3,M,14767,DISTID2,1
Spruce17-20-thin,YC17_20,?,?,FALSE,20,33,20,33,5,-1,-1,-1,-1,-1,-1,-1,-1,-1,-1,-1,-1,-1,-1,-1,-1,-1,-1,-1,-1,1,3,M,7537,DISTID2,2
Spruce17-20-thin,YC17_20,?,?,FALSE,20,33,20,33,5,-1,-1,-1,-1,-1,-1,-1,-1,-1,-1,-1,-1,-1,-1,-1,-1,-1,-1,-1,-1,1,3,M,10293,DISTID2,3
Spruce17-20-thin,YC17_20,?,?,FALSE,20,33,20,33,5,-1,-1,-1,-1,-1,-1,-1,-1,-1,-1,-1,-1,-1,-1,-1,-1,-1,-1,-1,-1,1,3,M,6973,DISTID2,4
Spruce17-20-thin,YC17_20,?,?,FALSE,20,33,20,33,5,-1,-1,-1,-1,-1,-1,-1,-1,-1,-1,-1,-1,-1,-1,-1,-1,-1,-1,-1,-1,1,3,M,60523,DISTID2,5
Spruce17-20-thin,YC17_20,?,?,FALSE,20,33,20,33,5,-1,-1,-1,-1,-1,-1,-1,-1,-1,-1,-1,-1,-1,-1,-1,-1,-1,-1,-1,-1,1,3,M,24339,DISTID2,6
Spruce17-20-thin,YC17_20,?,?,FALSE,20,33,20,33,5,-1,-1,-1,-1,-1,-1,-1,-1,-1,-1,-1,-1,-1,-1,-1,-1,-1,-1,-1,-1,1,3,M,29987,DISTID2,7
Spruce17-20-thin,YC17_20,?,?,FALSE,20,33,20,33,5,-1,-1,-1,-1,-1,-1,-1,-1,-1,-1,-1,-1,-1,-1,-1,-1,-1,-1,-1,-1,1,3,M,45415,DISTID2,8
Spruce17-20-thin,YC17_20,?,?,FALSE,20,33,20,33,5,-1,-1,-1,-1,-1,-1,-1,-1,-1,-1,-1,-1,-1,-1,-1,-1,-1,-1,-1,-1,1,3,M,20070,DISTID2,9
Spruce17-20-thin,YC17_20,?,?,FALSE,20,33,20,33,5,-1,-1,-1,-1,-1,-1,-1,-1,-1,-1,-1,-1,-1,-1,-1,-1,-1,-1,-1,-1,1,3,M,52325,DISTID2,10
Spruce17-20-thin,YC17_20,?,?,FALSE,20,33,20,33,5,-1,-1,-1,-1,-1,-1,-1,-1,-1,-1,-1,-1,-1,-1,-1,-1,-1,-1,-1,-1,1,3,M,2553,DISTID2,11
Spruce17-20-thin,YC17_20,?,?,FALSE,20,33,20,33,5,-1,-1,-1,-1,-1,-1,-1,-1,-1,-1,-1,-1,-1,-1,-1,-1,-1,-1,-1,-1,1,3,M,14510,DISTID2,12
Spruce17-20-thin,YC17_20,?,?,FALSE,20,33,20,33,5,-1,-1,-1,-1,-1,-1,-1,-1,-1,-1,-1,-1,-1,-1,-1,-1,-1,-1,-1,-1,1,3,M,19176,DISTID2,13
Spruce17-20-thin,YC17_20,?,?,FALSE,20,33,20,33,5,-1,-1,-1,-1,-1,-1,-1,-1,-1,-1,-1,-1,-1,-1,-1,-1,-1,-1,-1,-1,1,3,M,10502,DISTID2,14
Spruce17-20-thin,YC17_20,?,?,FALSE,20,33,20,33,5,-1,-1,-1,-1,-1,-1,-1,-1,-1,-1,-1,-1,-1,-1,-1,-1,-1,-1,-1,-1,1,3,M,47434,DISTID2,15
Spruce17-20-thin,YC17_20,?,?,FALSE,20,33,20,33,5,-1,-1,-1,-1,-1,-1,-1,-1,-1,-1,-1,-1,-1,-1,-1,-1,-1,-1,-1,-1,1,3,M,19280,DISTID2,16
Spruce17-20-thin,YC17_20,?,?,FALSE,20,33,20,33,5,-1,-1,-1,-1,-1,-1,-1,-1,-1,-1,-1,-1,-1,-1,-1,-1,-1,-1,-1,-1,1,3,M,22426,DISTID2,17
Spruce17-20-thin,YC17_20,?,?,FALSE,20,33,20,33,5,-1,-1,-1,-1,-1,-1,-1,-1,-1,-1,-1,-1,-1,-1,-1,-1,-1,-1,-1,-1,1,3,M,25411,DISTID2,18
Spruce17-20-thin,YC17_20,?,?,FALSE,20,33,20,33,5,-1,-1,-1,-1,-1,-1,-1,-1,-1,-1,-1,-1,-1,-1,-1,-1,-1,-1,-1,-1,1,3,M,16426,DISTID2,19
Spruce17-20-thin,YC17_20,?,?,FALSE,20,33,20,33,5,-1,-1,-1,-1,-1,-1,-1,-1,-1,-1,-1,-1,-1,-1,-1,-1,-1,-1,-1,-1,1,3,M,1303,DISTID2,20
Spruce17-20-thin,YC17_20,?,?,FALSE,20,33,20,33,5,-1,-1,-1,-1,-1,-1,-1,-1,-1,-1,-1,-1,-1,-1,-1,-1,-1,-1,-1,-1,1,3,M,11446,DISTID2,21
Spruce17-20-thin,YC17_20,?,?,FALSE,20,33,20,33,5,-1,-1,-1,-1,-1,-1,-1,-1,-1,-1,-1,-1,-1,-1,-1,-1,-1,-1,-1,-1,1,3,M,1258,DISTID2,22
Spruce17-20-thin,YC17_20,?,?,FALSE,20,33,20,33,5,-1,-1,-1,-1,-1,-1,-1,-1,-1,-1,-1,-1,-1,-1,-1,-1,-1,-1,-1,-1,1,3,M,719,DISTID2,23
Spruce17-20-thin,YC17_20,?,?,FALSE,20,33,20,33,5,-1,-1,-1,-1,-1,-1,-1,-1,-1,-1,-1,-1,-1,-1,-1,-1,-1,-1,-1,-1,1,3,M,14690,DISTID2,24
Spruce17-20-thin,YC17_20,?,?,FALSE,20,33,20,33,5,-1,-1,-1,-1,-1,-1,-1,-1,-1,-1,-1,-1,-1,-1,-1,-1,-1,-1,-1,-1,1,3,M,14548,DISTID2,25
Spruce17-20-thin,YC17_20,?,?,FALSE,20,33,20,33,5,-1,-1,-1,-1,-1,-1,-1,-1,-1,-1,-1,-1,-1,-1,-1,-1,-1,-1,-1,-1,1,3,M,38230,DISTID2,26
Spruce17-20-thin,YC17_20,?,?,FALSE,20,33,20,33,5,-1,-1,-1,-1,-1,-1,-1,-1,-1,-1,-1,-1,-1,-1,-1,-1,-1,-1,-1,-1,1,3,M,2127,DISTID2,27
Spruce17-20-thin,YC17_20,?,?,FALSE,20,33,20,33,5,-1,-1,-1,-1,-1,-1,-1,-1,-1,-1,-1,-1,-1,-1,-1,-1,-1,-1,-1,-1,1,3,M,2669,DISTID2,28
Spruce17-20-thin,YC17_20,?,?,FALSE,20,33,20,33,5,-1,-1,-1,-1,-1,-1,-1,-1,-1,-1,-1,-1,-1,-1,-1,-1,-1,-1,-1,-1,1,3,M,1522,DISTID2,29
Spruce17-20-thin,YC17_20,?,?,FALSE,20,33,20,33,5,-1,-1,-1,-1,-1,-1,-1,-1,-1,-1,-1,-1,-1,-1,-1,-1,-1,-1,-1,-1,1,3,M,7610,DISTID2,30
Spruce17-20-thin,YC17_20,?,?,FALSE,20,33,20,33,5,-1,-1,-1,-1,-1,-1,-1,-1,-1,-1,-1,-1,-1,-1,-1,-1,-1,-1,-1,-1,1,3,M,42105,DISTID2,31
Spruce17-20-thin,YC17_20,?,?,FALSE,20,33,20,33,5,-1,-1,-1,-1,-1,-1,-1,-1,-1,-1,-1,-1,-1,-1,-1,-1,-1,-1,-1,-1,1,3,M,9965,DISTID2,32
Spruce17-20-thin,YC17_20,?,?,FALSE,20,33,20,33,5,-1,-1,-1,-1,-1,-1,-1,-1,-1,-1,-1,-1,-1,-1,-1,-1,-1,-1,-1,-1,1,3,M,7026,DISTID2,33
Spruce17-20-thin,YC17_20,?,?,FALSE,20,33,20,33,5,-1,-1,-1,-1,-1,-1,-1,-1,-1,-1,-1,-1,-1,-1,-1,-1,-1,-1,-1,-1,1,3,M,7337,DISTID2,34
Spruce17-20-thin,YC17_20,?,?,FALSE,20,33,20,33,5,-1,-1,-1,-1,-1,-1,-1,-1,-1,-1,-1,-1,-1,-1,-1,-1,-1,-1,-1,-1,1,3,M,7337,DISTID2,35
Spruce17-20-thin,YC17_20,?,?,FALSE,20,33,20,33,5,-1,-1,-1,-1,-1,-1,-1,-1,-1,-1,-1,-1,-1,-1,-1,-1,-1,-1,-1,-1,1,3,M,8320,DISTID2,36
Spruce17-20-thin,YC17_20,?,?,FALSE,20,33,20,33,5,-1,-1,-1,-1,-1,-1,-1,-1,-1,-1,-1,-1,-1,-1,-1,-1,-1,-1,-1,-1,1,3,M,13866,DISTID2,37
Spruce17-20-thin,YC17_20,?,?,FALSE,20,33,20,33,5,-1,-1,-1,-1,-1,-1,-1,-1,-1,-1,-1,-1,-1,-1,-1,-1,-1,-1,-1,-1,1,3,M,10554,DISTID2,38
Spruce17-20-thin,YC17_20,?,?,FALSE,20,33,20,33,5,-1,-1,-1,-1,-1,-1,-1,-1,-1,-1,-1,-1,-1,-1,-1,-1,-1,-1,-1,-1,1,3,M,12583,DISTID2,39
Spruce17-20-thin,YC17_20,?,?,FALSE,20,33,20,33,5,-1,-1,-1,-1,-1,-1,-1,-1,-1,-1,-1,-1,-1,-1,-1,-1,-1,-1,-1,-1,1,3,M,12170,DISTID2,40
Spruce17-20-thin,YC17_20,?,?,FALSE,20,33,20,33,5,-1,-1,-1,-1,-1,-1,-1,-1,-1,-1,-1,-1,-1,-1,-1,-1,-1,-1,-1,-1,1,3,M,11075,DISTID2,41
Spruce17-20-thin,YC17_20,?,?,FALSE,20,33,20,33,5,-1,-1,-1,-1,-1,-1,-1,-1,-1,-1,-1,-1,-1,-1,-1,-1,-1,-1,-1,-1,1,3,M,14550,DISTID2,42
Spruce17-20-thin,YC17_20,?,?,FALSE,20,33,20,33,5,-1,-1,-1,-1,-1,-1,-1,-1,-1,-1,-1,-1,-1,-1,-1,-1,-1,-1,-1,-1,1,3,M,10949,DISTID2,43
Spruce17-20-thin,YC17_20,?,?,FALSE,20,33,20,33,5,-1,-1,-1,-1,-1,-1,-1,-1,-1,-1,-1,-1,-1,-1,-1,-1,-1,-1,-1,-1,1,3,M,10612,DISTID2,44
Spruce17-20-thin,YC17_20,?,?,FALSE,20,33,20,33,5,-1,-1,-1,-1,-1,-1,-1,-1,-1,-1,-1,-1,-1,-1,-1,-1,-1,-1,-1,-1,1,3,M,11799,DISTID2,45
Spruce17-20-thin,YC17_20,?,?,FALSE,20,33,20,33,5,-1,-1,-1,-1,-1,-1,-1,-1,-1,-1,-1,-1,-1,-1,-1,-1,-1,-1,-1,-1,1,3,M,10624,DISTID2,46
Spruce17-20-thin,YC17_20,?,?,FALSE,20,33,20,33,5,-1,-1,-1,-1,-1,-1,-1,-1,-1,-1,-1,-1,-1,-1,-1,-1,-1,-1,-1,-1,1,3,M,14040,DISTID2,47
Spruce17-20-thin,YC17_20,?,?,FALSE,20,33,20,33,5,-1,-1,-1,-1,-1,-1,-1,-1,-1,-1,-1,-1,-1,-1,-1,-1,-1,-1,-1,-1,1,3,M,16262,DISTID2,48
Spruce17-20-thin,YC17_20,?,?,FALSE,20,33,20,33,5,-1,-1,-1,-1,-1,-1,-1,-1,-1,-1,-1,-1,-1,-1,-1,-1,-1,-1,-1,-1,1,3,M,20437,DISTID2,49
Spruce17-20-thin,YC17_20,?,?,FALSE,20,33,20,33,5,-1,-1,-1,-1,-1,-1,-1,-1,-1,-1,-1,-1,-1,-1,-1,-1,-1,-1,-1,-1,1,3,M,16741,DISTID2,50
Spruce17-20-thin,YC17_20,?,?,FALSE,20,33,20,33,5,-1,-1,-1,-1,-1,-1,-1,-1,-1,-1,-1,-1,-1,-1,-1,-1,-1,-1,-1,-1,1,3,M,16720,DISTID2,51
Spruce17-20-thin,YC17_20,?,?,FALSE,20,33,20,33,5,-1,-1,-1,-1,-1,-1,-1,-1,-1,-1,-1,-1,-1,-1,-1,-1,-1,-1,-1,-1,1,3,M,15688,DISTID2,52
Spruce17-20-thin,YC17_20,?,?,FALSE,20,33,20,33,5,-1,-1,-1,-1,-1,-1,-1,-1,-1,-1,-1,-1,-1,-1,-1,-1,-1,-1,-1,-1,1,3,M,16053,DISTID2,53
Spruce17-20-thin,YC17_20,?,?,FALSE,20,33,20,33,5,-1,-1,-1,-1,-1,-1,-1,-1,-1,-1,-1,-1,-1,-1,-1,-1,-1,-1,-1,-1,1,3,M,25204,DISTID2,54
Spruce21-24-nothin,YC21_24,?,?,FALSE,18,29,18,29,4,-1,-1,-1,-1,-1,-1,-1,-1,-1,-1,-1,-1,-1,-1,-1,-1,-1,-1,-1,-1,1,3,M,0,DISTID2,1
Spruce21-24-nothin,YC21_24,?,?,FALSE,18,29,18,29,4,-1,-1,-1,-1,-1,-1,-1,-1,-1,-1,-1,-1,-1,-1,-1,-1,-1,-1,-1,-1,1,3,M,0,DISTID2,2
Spruce21-24-nothin,YC21_24,?,?,FALSE,18,29,18,29,4,-1,-1,-1,-1,-1,-1,-1,-1,-1,-1,-1,-1,-1,-1,-1,-1,-1,-1,-1,-1,1,3,M,0,DISTID2,3
Spruce21-24-nothin,YC21_24,?,?,FALSE,18,29,18,29,4,-1,-1,-1,-1,-1,-1,-1,-1,-1,-1,-1,-1,-1,-1,-1,-1,-1,-1,-1,-1,1,3,M,0,DISTID2,4
Spruce21-24-thin,YC21_24,?,?,FALSE,18,29,18,29,4,-1,-1,-1,-1,-1,-1,-1,-1,-1,-1,-1,-1,-1,-1,-1,-1,-1,-1,-1,-1,1,3,M,21019,DISTID2,1
Spruce21-24-thin,YC21_24,?,?,FALSE,18,29,18,29,4,-1,-1,-1,-1,-1,-1,-1,-1,-1,-1,-1,-1,-1,-1,-1,-1,-1,-1,-1,-1,1,3,M,11558,DISTID2,2
Spruce21-24-thin,YC21_24,?,?,FALSE,18,29,18,29,4,-1,-1,-1,-1,-1,-1,-1,-1,-1,-1,-1,-1,-1,-1,-1,-1,-1,-1,-1,-1,1,3,M,80634,DISTID2,3
Spruce21-24-thin,YC21_24,?,?,FALSE,18,29,18,29,4,-1,-1,-1,-1,-1,-1,-1,-1,-1,-1,-1,-1,-1,-1,-1,-1,-1,-1,-1,-1,1,3,M,13490,DISTID2,4
Spruce21-24-thin,YC21_24,?,?,FALSE,18,29,18,29,4,-1,-1,-1,-1,-1,-1,-1,-1,-1,-1,-1,-1,-1,-1,-1,-1,-1,-1,-1,-1,1,3,M,47442,DISTID2,5
Spruce21-24-thin,YC21_24,?,?,FALSE,18,29,18,29,4,-1,-1,-1,-1,-1,-1,-1,-1,-1,-1,-1,-1,-1,-1,-1,-1,-1,-1,-1,-1,1,3,M,18824,DISTID2,6
Spruce21-24-thin,YC21_24,?,?,FALSE,18,29,18,29,4,-1,-1,-1,-1,-1,-1,-1,-1,-1,-1,-1,-1,-1,-1,-1,-1,-1,-1,-1,-1,1,3,M,18292,DISTID2,7
Spruce21-24-thin,YC21_24,?,?,FALSE,18,29,18,29,4,-1,-1,-1,-1,-1,-1,-1,-1,-1,-1,-1,-1,-1,-1,-1,-1,-1,-1,-1,-1,1,3,M,26716,DISTID2,8
Spruce21-24-thin,YC21_24,?,?,FALSE,18,29,18,29,4,-1,-1,-1,-1,-1,-1,-1,-1,-1,-1,-1,-1,-1,-1,-1,-1,-1,-1,-1,-1,1,3,M,69938,DISTID2,9
Spruce21-24-thin,YC21_24,?,?,FALSE,18,29,18,29,4,-1,-1,-1,-1,-1,-1,-1,-1,-1,-1,-1,-1,-1,-1,-1,-1,-1,-1,-1,-1,1,3,M,5082,DISTID2,10
Spruce21-24-thin,YC21_24,?,?,FALSE,18,29,18,29,4,-1,-1,-1,-1,-1,-1,-1,-1,-1,-1,-1,-1,-1,-1,-1,-1,-1,-1,-1,-1,1,3,M,3869,DISTID2,11
Spruce21-24-thin,YC21_24,?,?,FALSE,18,29,18,29,4,-1,-1,-1,-1,-1,-1,-1,-1,-1,-1,-1,-1,-1,-1,-1,-1,-1,-1,-1,-1,1,3,M,4000,DISTID2,12
Spruce21-24-thin,YC21_24,?,?,FALSE,18,29,18,29,4,-1,-1,-1,-1,-1,-1,-1,-1,-1,-1,-1,-1,-1,-1,-1,-1,-1,-1,-1,-1,1,3,M,58784,DISTID2,13
Spruce21-24-thin,YC21_24,?,?,FALSE,18,29,18,29,4,-1,-1,-1,-1,-1,-1,-1,-1,-1,-1,-1,-1,-1,-1,-1,-1,-1,-1,-1,-1,1,3,M,15151,DISTID2,14
Spruce21-24-thin,YC21_24,?,?,FALSE,18,29,18,29,4,-1,-1,-1,-1,-1,-1,-1,-1,-1,-1,-1,-1,-1,-1,-1,-1,-1,-1,-1,-1,1,3,M,12525,DISTID2,15
Spruce21-24-thin,YC21_24,?,?,FALSE,18,29,18,29,4,-1,-1,-1,-1,-1,-1,-1,-1,-1,-1,-1,-1,-1,-1,-1,-1,-1,-1,-1,-1,1,3,M,10161,DISTID2,16
Spruce21-24-thin,YC21_24,?,?,FALSE,18,29,18,29,4,-1,-1,-1,-1,-1,-1,-1,-1,-1,-1,-1,-1,-1,-1,-1,-1,-1,-1,-1,-1,1,3,M,15595,DISTID2,17
Spruce21-24-thin,YC21_24,?,?,FALSE,18,29,18,29,4,-1,-1,-1,-1,-1,-1,-1,-1,-1,-1,-1,-1,-1,-1,-1,-1,-1,-1,-1,-1,1,3,M,14661,DISTID2,18
Spruce21-24-thin,YC21_24,?,?,FALSE,18,29,18,29,4,-1,-1,-1,-1,-1,-1,-1,-1,-1,-1,-1,-1,-1,-1,-1,-1,-1,-1,-1,-1,1,3,M,27714,DISTID2,19
Spruce21-24-thin,YC21_24,?,?,FALSE,18,29,18,29,4,-1,-1,-1,-1,-1,-1,-1,-1,-1,-1,-1,-1,-1,-1,-1,-1,-1,-1,-1,-1,1,3,M,23354,DISTID2,20
Spruce21-24-thin,YC21_24,?,?,FALSE,18,29,18,29,4,-1,-1,-1,-1,-1,-1,-1,-1,-1,-1,-1,-1,-1,-1,-1,-1,-1,-1,-1,-1,1,3,M,18584,DISTID2,21
Spruce21-24-thin,YC21_24,?,?,FALSE,18,29,18,29,4,-1,-1,-1,-1,-1,-1,-1,-1,-1,-1,-1,-1,-1,-1,-1,-1,-1,-1,-1,-1,1,3,M,18584,DISTID2,22
Spruce21-24-thin,YC21_24,?,?,FALSE,18,29,18,29,4,-1,-1,-1,-1,-1,-1,-1,-1,-1,-1,-1,-1,-1,-1,-1,-1,-1,-1,-1,-1,1,3,M,30539,DISTID2,23
Spruce21-24-thin,YC21_24,?,?,FALSE,18,29,18,29,4,-1,-1,-1,-1,-1,-1,-1,-1,-1,-1,-1,-1,-1,-1,-1,-1,-1,-1,-1,-1,1,3,M,16210,DISTID2,24
Spruce21-24-thin,YC21_24,?,?,FALSE,18,29,18,29,4,-1,-1,-1,-1,-1,-1,-1,-1,-1,-1,-1,-1,-1,-1,-1,-1,-1,-1,-1,-1,1,3,M,32078,DISTID2,25
Spruce21-24-thin,YC21_24,?,?,FALSE,18,29,18,29,4,-1,-1,-1,-1,-1,-1,-1,-1,-1,-1,-1,-1,-1,-1,-1,-1,-1,-1,-1,-1,1,3,M,1958,DISTID2,26
Spruce21-24-thin,YC21_24,?,?,FALSE,18,29,18,29,4,-1,-1,-1,-1,-1,-1,-1,-1,-1,-1,-1,-1,-1,-1,-1,-1,-1,-1,-1,-1,1,3,M,65331,DISTID2,27
Spruce21-24-thin,YC21_24,?,?,FALSE,18,29,18,29,4,-1,-1,-1,-1,-1,-1,-1,-1,-1,-1,-1,-1,-1,-1,-1,-1,-1,-1,-1,-1,1,3,M,9425,DISTID2,28
Spruce21-24-thin,YC21_24,?,?,FALSE,18,29,18,29,4,-1,-1,-1,-1,-1,-1,-1,-1,-1,-1,-1,-1,-1,-1,-1,-1,-1,-1,-1,-1,1,3,M,47805,DISTID2,29
Spruce21-24-thin,YC21_24,?,?,FALSE,18,29,18,29,4,-1,-1,-1,-1,-1,-1,-1,-1,-1,-1,-1,-1,-1,-1,-1,-1,-1,-1,-1,-1,1,3,M,4507,DISTID2,30
Spruce21-24-thin,YC21_24,?,?,FALSE,18,29,18,29,4,-1,-1,-1,-1,-1,-1,-1,-1,-1,-1,-1,-1,-1,-1,-1,-1,-1,-1,-1,-1,1,3,M,60135,DISTID2,31
Spruce21-24-thin,YC21_24,?,?,FALSE,18,29,18,29,4,-1,-1,-1,-1,-1,-1,-1,-1,-1,-1,-1,-1,-1,-1,-1,-1,-1,-1,-1,-1,1,3,M,12170,DISTID2,32
Spruce21-24-thin,YC21_24,?,?,FALSE,18,29,18,29,4,-1,-1,-1,-1,-1,-1,-1,-1,-1,-1,-1,-1,-1,-1,-1,-1,-1,-1,-1,-1,1,3,M,7094,DISTID2,33
Spruce21-24-thin,YC21_24,?,?,FALSE,18,29,18,29,4,-1,-1,-1,-1,-1,-1,-1,-1,-1,-1,-1,-1,-1,-1,-1,-1,-1,-1,-1,-1,1,3,M,11864,DISTID2,34
Spruce21-24-thin,YC21_24,?,?,FALSE,18,29,18,29,4,-1,-1,-1,-1,-1,-1,-1,-1,-1,-1,-1,-1,-1,-1,-1,-1,-1,-1,-1,-1,1,3,M,11864,DISTID2,35
Spruce21-24-thin,YC21_24,?,?,FALSE,18,29,18,29,4,-1,-1,-1,-1,-1,-1,-1,-1,-1,-1,-1,-1,-1,-1,-1,-1,-1,-1,-1,-1,1,3,M,13454,DISTID2,36
Spruce21-24-thin,YC21_24,?,?,FALSE,18,29,18,29,4,-1,-1,-1,-1,-1,-1,-1,-1,-1,-1,-1,-1,-1,-1,-1,-1,-1,-1,-1,-1,1,3,M,20687,DISTID2,37
Spruce21-24-thin,YC21_24,?,?,FALSE,18,29,18,29,4,-1,-1,-1,-1,-1,-1,-1,-1,-1,-1,-1,-1,-1,-1,-1,-1,-1,-1,-1,-1,1,3,M,16872,DISTID2,38
Spruce21-24-thin,YC21_24,?,?,FALSE,18,29,18,29,4,-1,-1,-1,-1,-1,-1,-1,-1,-1,-1,-1,-1,-1,-1,-1,-1,-1,-1,-1,-1,1,3,M,19545,DISTID2,39
Spruce21-24-thin,YC21_24,?,?,FALSE,18,29,18,29,4,-1,-1,-1,-1,-1,-1,-1,-1,-1,-1,-1,-1,-1,-1,-1,-1,-1,-1,-1,-1,1,3,M,18606,DISTID2,40
Spruce21-24-thin,YC21_24,?,?,FALSE,18,29,18,29,4,-1,-1,-1,-1,-1,-1,-1,-1,-1,-1,-1,-1,-1,-1,-1,-1,-1,-1,-1,-1,1,3,M,17448,DISTID2,41
Spruce21-24-thin,YC21_24,?,?,FALSE,18,29,18,29,4,-1,-1,-1,-1,-1,-1,-1,-1,-1,-1,-1,-1,-1,-1,-1,-1,-1,-1,-1,-1,1,3,M,21178,DISTID2,42
Spruce21-24-thin,YC21_24,?,?,FALSE,18,29,18,29,4,-1,-1,-1,-1,-1,-1,-1,-1,-1,-1,-1,-1,-1,-1,-1,-1,-1,-1,-1,-1,1,3,M,17705,DISTID2,43
Spruce21-24-thin,YC21_24,?,?,FALSE,18,29,18,29,4,-1,-1,-1,-1,-1,-1,-1,-1,-1,-1,-1,-1,-1,-1,-1,-1,-1,-1,-1,-1,1,3,M,16906,DISTID2,44
Spruce21-24-thin,YC21_24,?,?,FALSE,18,29,18,29,4,-1,-1,-1,-1,-1,-1,-1,-1,-1,-1,-1,-1,-1,-1,-1,-1,-1,-1,-1,-1,1,3,M,19080,DISTID2,45
Spruce21-24-thin,YC21_24,?,?,FALSE,18,29,18,29,4,-1,-1,-1,-1,-1,-1,-1,-1,-1,-1,-1,-1,-1,-1,-1,-1,-1,-1,-1,-1,1,3,M,17180,DISTID2,46
Spruce21-24-thin,YC21_24,?,?,FALSE,18,29,18,29,4,-1,-1,-1,-1,-1,-1,-1,-1,-1,-1,-1,-1,-1,-1,-1,-1,-1,-1,-1,-1,1,3,M,20996,DISTID2,47
Spruce21-24-thin,YC21_24,?,?,FALSE,18,29,18,29,4,-1,-1,-1,-1,-1,-1,-1,-1,-1,-1,-1,-1,-1,-1,-1,-1,-1,-1,-1,-1,1,3,M,25681,DISTID2,48
Spruce21-24-thin,YC21_24,?,?,FALSE,18,29,18,29,4,-1,-1,-1,-1,-1,-1,-1,-1,-1,-1,-1,-1,-1,-1,-1,-1,-1,-1,-1,-1,1,3,M,31260,DISTID2,49
Spruce21-24-thin,YC21_24,?,?,FALSE,18,29,18,29,4,-1,-1,-1,-1,-1,-1,-1,-1,-1,-1,-1,-1,-1,-1,-1,-1,-1,-1,-1,-1,1,3,M,26251,DISTID2,50
Spruce21-24-thin,YC21_24,?,?,FALSE,18,29,18,29,4,-1,-1,-1,-1,-1,-1,-1,-1,-1,-1,-1,-1,-1,-1,-1,-1,-1,-1,-1,-1,1,3,M,25738,DISTID2,51
Spruce21-24-thin,YC21_24,?,?,FALSE,18,29,18,29,4,-1,-1,-1,-1,-1,-1,-1,-1,-1,-1,-1,-1,-1,-1,-1,-1,-1,-1,-1,-1,1,3,M,24495,DISTID2,52
Spruce21-24-thin,YC21_24,?,?,FALSE,18,29,18,29,4,-1,-1,-1,-1,-1,-1,-1,-1,-1,-1,-1,-1,-1,-1,-1,-1,-1,-1,-1,-1,1,3,M,25123,DISTID2,53
Spruce21-24-thin,YC21_24,?,?,FALSE,18,29,18,29,4,-1,-1,-1,-1,-1,-1,-1,-1,-1,-1,-1,-1,-1,-1,-1,-1,-1,-1,-1,-1,1,3,M,38575,DISTID2,54
Spruce25-32-nothin,YC25_32,?,?,FALSE,15,26,15,26,3,-1,-1,-1,-1,-1,-1,-1,-1,-1,-1,-1,-1,-1,-1,-1,-1,-1,-1,-1,-1,1,3,M,0,DISTID2,1
Spruce25-32-nothin,YC25_32,?,?,FALSE,15,26,15,26,3,-1,-1,-1,-1,-1,-1,-1,-1,-1,-1,-1,-1,-1,-1,-1,-1,-1,-1,-1,-1,1,3,M,0,DISTID2,2
Spruce25-32-nothin,YC25_32,?,?,FALSE,15,26,15,26,3,-1,-1,-1,-1,-1,-1,-1,-1,-1,-1,-1,-1,-1,-1,-1,-1,-1,-1,-1,-1,1,3,M,0,DISTID2,3
Spruce25-32-nothin,YC25_32,?,?,FALSE,15,26,15,26,3,-1,-1,-1,-1,-1,-1,-1,-1,-1,-1,-1,-1,-1,-1,-1,-1,-1,-1,-1,-1,1,3,M,0,DISTID2,4
Spruce25-32-thin,YC25_32,?,?,FALSE,15,26,15,26,3,-1,-1,-1,-1,-1,-1,-1,-1,-1,-1,-1,-1,-1,-1,-1,-1,-1,-1,-1,-1,1,3,M,589,DISTID2,1
Spruce25-32-thin,YC25_32,?,?,FALSE,15,26,15,26,3,-1,-1,-1,-1,-1,-1,-1,-1,-1,-1,-1,-1,-1,-1,-1,-1,-1,-1,-1,-1,1,3,M,485,DISTID2,2
Spruce25-32-thin,YC25_32,?,?,FALSE,15,26,15,26,3,-1,-1,-1,-1,-1,-1,-1,-1,-1,-1,-1,-1,-1,-1,-1,-1,-1,-1,-1,-1,1,3,M,11108,DISTID2,3
Spruce25-32-thin,YC25_32,?,?,FALSE,15,26,15,26,3,-1,-1,-1,-1,-1,-1,-1,-1,-1,-1,-1,-1,-1,-1,-1,-1,-1,-1,-1,-1,1,3,M,6514,DISTID2,4
Spruce25-32-thin,YC25_32,?,?,FALSE,15,26,15,26,3,-1,-1,-1,-1,-1,-1,-1,-1,-1,-1,-1,-1,-1,-1,-1,-1,-1,-1,-1,-1,1,3,M,8763,DISTID2,5
Spruce25-32-thin,YC25_32,?,?,FALSE,15,26,15,26,3,-1,-1,-1,-1,-1,-1,-1,-1,-1,-1,-1,-1,-1,-1,-1,-1,-1,-1,-1,-1,1,3,M,2757,DISTID2,6
Spruce25-32-thin,YC25_32,?,?,FALSE,15,26,15,26,3,-1,-1,-1,-1,-1,-1,-1,-1,-1,-1,-1,-1,-1,-1,-1,-1,-1,-1,-1,-1,1,3,M,1443,DISTID2,7
Spruce25-32-thin,YC25_32,?,?,FALSE,15,26,15,26,3,-1,-1,-1,-1,-1,-1,-1,-1,-1,-1,-1,-1,-1,-1,-1,-1,-1,-1,-1,-1,1,3,M,24560,DISTID2,8
Spruce25-32-thin,YC25_32,?,?,FALSE,15,26,15,26,3,-1,-1,-1,-1,-1,-1,-1,-1,-1,-1,-1,-1,-1,-1,-1,-1,-1,-1,-1,-1,1,3,M,2288,DISTID2,9
Spruce25-32-thin,YC25_32,?,?,FALSE,15,26,15,26,3,-1,-1,-1,-1,-1,-1,-1,-1,-1,-1,-1,-1,-1,-1,-1,-1,-1,-1,-1,-1,1,3,M,940,DISTID2,10
Spruce25-32-thin,YC25_32,?,?,FALSE,15,26,15,26,3,-1,-1,-1,-1,-1,-1,-1,-1,-1,-1,-1,-1,-1,-1,-1,-1,-1,-1,-1,-1,1,3,M,23436,DISTID2,11
Spruce25-32-thin,YC25_32,?,?,FALSE,15,26,15,26,3,-1,-1,-1,-1,-1,-1,-1,-1,-1,-1,-1,-1,-1,-1,-1,-1,-1,-1,-1,-1,1,3,M,3791,DISTID2,12
Spruce25-32-thin,YC25_32,?,?,FALSE,15,26,15,26,3,-1,-1,-1,-1,-1,-1,-1,-1,-1,-1,-1,-1,-1,-1,-1,-1,-1,-1,-1,-1,1,3,M,1316,DISTID2,13
Spruce25-32-thin,YC25_32,?,?,FALSE,15,26,15,26,3,-1,-1,-1,-1,-1,-1,-1,-1,-1,-1,-1,-1,-1,-1,-1,-1,-1,-1,-1,-1,1,3,M,14796,DISTID2,14
Spruce25-32-thin,YC25_32,?,?,FALSE,15,26,15,26,3,-1,-1,-1,-1,-1,-1,-1,-1,-1,-1,-1,-1,-1,-1,-1,-1,-1,-1,-1,-1,1,3,M,3734,DISTID2,15
Spruce25-32-thin,YC25_32,?,?,FALSE,15,26,15,26,3,-1,-1,-1,-1,-1,-1,-1,-1,-1,-1,-1,-1,-1,-1,-1,-1,-1,-1,-1,-1,1,3,M,6115,DISTID2,16
Spruce25-32-thin,YC25_32,?,?,FALSE,15,26,15,26,3,-1,-1,-1,-1,-1,-1,-1,-1,-1,-1,-1,-1,-1,-1,-1,-1,-1,-1,-1,-1,1,3,M,2244,DISTID2,17
Spruce25-32-thin,YC25_32,?,?,FALSE,15,26,15,26,3,-1,-1,-1,-1,-1,-1,-1,-1,-1,-1,-1,-1,-1,-1,-1,-1,-1,-1,-1,-1,1,3,M,3916,DISTID2,18
Spruce25-32-thin,YC25_32,?,?,FALSE,15,26,15,26,3,-1,-1,-1,-1,-1,-1,-1,-1,-1,-1,-1,-1,-1,-1,-1,-1,-1,-1,-1,-1,1,3,M,6432,DISTID2,19
Spruce25-32-thin,YC25_32,?,?,FALSE,15,26,15,26,3,-1,-1,-1,-1,-1,-1,-1,-1,-1,-1,-1,-1,-1,-1,-1,-1,-1,-1,-1,-1,1,3,M,3230,DISTID2,20
Spruce25-32-thin,YC25_32,?,?,FALSE,15,26,15,26,3,-1,-1,-1,-1,-1,-1,-1,-1,-1,-1,-1,-1,-1,-1,-1,-1,-1,-1,-1,-1,1,3,M,3680,DISTID2,21
Spruce25-32-thin,YC25_32,?,?,FALSE,15,26,15,26,3,-1,-1,-1,-1,-1,-1,-1,-1,-1,-1,-1,-1,-1,-1,-1,-1,-1,-1,-1,-1,1,3,M,10307,DISTID2,22
Spruce25-32-thin,YC25_32,?,?,FALSE,15,26,15,26,3,-1,-1,-1,-1,-1,-1,-1,-1,-1,-1,-1,-1,-1,-1,-1,-1,-1,-1,-1,-1,1,3,M,12958,DISTID2,23
Spruce25-32-thin,YC25_32,?,?,FALSE,15,26,15,26,3,-1,-1,-1,-1,-1,-1,-1,-1,-1,-1,-1,-1,-1,-1,-1,-1,-1,-1,-1,-1,1,3,M,758,DISTID2,24
Spruce25-32-thin,YC25_32,?,?,FALSE,15,26,15,26,3,-1,-1,-1,-1,-1,-1,-1,-1,-1,-1,-1,-1,-1,-1,-1,-1,-1,-1,-1,-1,1,3,M,4951,DISTID2,25
Spruce25-32-thin,YC25_32,?,?,FALSE,15,26,15,26,3,-1,-1,-1,-1,-1,-1,-1,-1,-1,-1,-1,-1,-1,-1,-1,-1,-1,-1,-1,-1,1,3,M,26475,DISTID2,26
Spruce25-32-thin,YC25_32,?,?,FALSE,15,26,15,26,3,-1,-1,-1,-1,-1,-1,-1,-1,-1,-1,-1,-1,-1,-1,-1,-1,-1,-1,-1,-1,1,3,M,2159,DISTID2,27
Spruce25-32-thin,YC25_32,?,?,FALSE,15,26,15,26,3,-1,-1,-1,-1,-1,-1,-1,-1,-1,-1,-1,-1,-1,-1,-1,-1,-1,-1,-1,-1,1,3,M,699,DISTID2,28
Spruce25-32-thin,YC25_32,?,?,FALSE,15,26,15,26,3,-1,-1,-1,-1,-1,-1,-1,-1,-1,-1,-1,-1,-1,-1,-1,-1,-1,-1,-1,-1,1,3,M,29154,DISTID2,29
Spruce25-32-thin,YC25_32,?,?,FALSE,15,26,15,26,3,-1,-1,-1,-1,-1,-1,-1,-1,-1,-1,-1,-1,-1,-1,-1,-1,-1,-1,-1,-1,1,3,M,3574,DISTID2,30
Spruce25-32-thin,YC25_32,?,?,FALSE,15,26,15,26,3,-1,-1,-1,-1,-1,-1,-1,-1,-1,-1,-1,-1,-1,-1,-1,-1,-1,-1,-1,-1,1,3,M,2302,DISTID2,31
Cbmix-Bl,YC10,?,?,FALSE,40,60,40,60,-1,-1,-1,-1,-1,-1,-1,-1,-1,-1,-1,-1,-1,-1,-1,-1,-1,-1,-1,-1,-1,1,12,M,26993,DISTID1,26
Cbmix-Bl,YC10,?,?,FALSE,40,60,40,60,-1,-1,-1,-1,-1,-1,-1,-1,-1,-1,-1,-1,-1,-1,-1,-1,-1,-1,-1,-1,-1,1,12,M,25486,DISTID1,27
Cbmix-Bl,YC10,?,?,FALSE,40,60,40,60,-1,-1,-1,-1,-1,-1,-1,-1,-1,-1,-1,-1,-1,-1,-1,-1,-1,-1,-1,-1,-1,1,12,M,37247,DISTID1,28
Cbmix-Bl,YC10,?,?,FALSE,40,60,40,60,-1,-1,-1,-1,-1,-1,-1,-1,-1,-1,-1,-1,-1,-1,-1,-1,-1,-1,-1,-1,-1,1,12,M,39876,DISTID1,29
Cbmix-Bl,YC10,?,?,FALSE,40,60,40,60,-1,-1,-1,-1,-1,-1,-1,-1,-1,-1,-1,-1,-1,-1,-1,-1,-1,-1,-1,-1,-1,1,12,M,56933,DISTID1,30
Cbmix-Bl,YC10,?,?,FALSE,40,60,40,60,-1,-1,-1,-1,-1,-1,-1,-1,-1,-1,-1,-1,-1,-1,-1,-1,-1,-1,-1,-1,-1,1,12,M,18985,DISTID1,31
Cbmix-Bl,YC10,?,?,FALSE,40,60,40,60,-1,-1,-1,-1,-1,-1,-1,-1,-1,-1,-1,-1,-1,-1,-1,-1,-1,-1,-1,-1,-1,1,12,M,20592,DISTID1,32
Cbmix-Bl,YC10,?,?,FALSE,40,60,40,60,-1,-1,-1,-1,-1,-1,-1,-1,-1,-1,-1,-1,-1,-1,-1,-1,-1,-1,-1,-1,-1,1,12,M,26127,DISTID1,33
Cbmix-Bl,YC10,?,?,FALSE,40,60,40,60,-1,-1,-1,-1,-1,-1,-1,-1,-1,-1,-1,-1,-1,-1,-1,-1,-1,-1,-1,-1,-1,1,12,M,28270,DISTID1,34
Cbmix-Bl,YC10,?,?,FALSE,40,60,40,60,-1,-1,-1,-1,-1,-1,-1,-1,-1,-1,-1,-1,-1,-1,-1,-1,-1,-1,-1,-1,-1,1,12,M,15059,DISTID1,35
Cbmix-Bl,YC10,?,?,FALSE,40,60,40,60,-1,-1,-1,-1,-1,-1,-1,-1,-1,-1,-1,-1,-1,-1,-1,-1,-1,-1,-1,-1,-1,1,12,M,12524,DISTID1,36
Cbmix-Bl,YC10,?,?,FALSE,40,60,40,60,-1,-1,-1,-1,-1,-1,-1,-1,-1,-1,-1,-1,-1,-1,-1,-1,-1,-1,-1,-1,-1,1,12,M,13753,DISTID1,37
Cbmix-Bl,YC10,?,?,FALSE,40,60,40,60,-1,-1,-1,-1,-1,-1,-1,-1,-1,-1,-1,-1,-1,-1,-1,-1,-1,-1,-1,-1,-1,1,12,M,14419,DISTID1,38
Cbmix-Bl,YC10,?,?,FALSE,40,60,40,60,-1,-1,-1,-1,-1,-1,-1,-1,-1,-1,-1,-1,-1,-1,-1,-1,-1,-1,-1,-1,-1,1,12,M,15295,DISTID1,39
Cbmix-Bl,YC10,?,?,FALSE,40,60,40,60,-1,-1,-1,-1,-1,-1,-1,-1,-1,-1,-1,-1,-1,-1,-1,-1,-1,-1,-1,-1,-1,1,12,M,15799,DISTID1,40
Cbmix-Bl,YC10,?,?,FALSE,40,60,40,60,-1,-1,-1,-1,-1,-1,-1,-1,-1,-1,-1,-1,-1,-1,-1,-1,-1,-1,-1,-1,-1,1,12,M,12115,DISTID1,41
Cbmix-Bl,YC10,?,?,FALSE,40,60,40,60,-1,-1,-1,-1,-1,-1,-1,-1,-1,-1,-1,-1,-1,-1,-1,-1,-1,-1,-1,-1,-1,1,12,M,11394,DISTID1,42
Cbmix-Bl,YC10,?,?,FALSE,40,60,40,60,-1,-1,-1,-1,-1,-1,-1,-1,-1,-1,-1,-1,-1,-1,-1,-1,-1,-1,-1,-1,-1,1,12,M,10311,DISTID1,43
Cbmix-Bl,YC10,?,?,FALSE,40,60,40,60,-1,-1,-1,-1,-1,-1,-1,-1,-1,-1,-1,-1,-1,-1,-1,-1,-1,-1,-1,-1,-1,1,12,M,10627,DISTID1,44
Cbmix-Bl,YC10,?,?,FALSE,40,60,40,60,-1,-1,-1,-1,-1,-1,-1,-1,-1,-1,-1,-1,-1,-1,-1,-1,-1,-1,-1,-1,-1,1,12,M,11586,DISTID1,45
Cbmix-Bl,YC10,?,?,FALSE,40,60,40,60,-1,-1,-1,-1,-1,-1,-1,-1,-1,-1,-1,-1,-1,-1,-1,-1,-1,-1,-1,-1,-1,1,12,M,13608,DISTID1,46
Cbmix-Bl,YC10,?,?,FALSE,40,60,40,60,-1,-1,-1,-1,-1,-1,-1,-1,-1,-1,-1,-1,-1,-1,-1,-1,-1,-1,-1,-1,-1,1,12,M,15759,DISTID1,47
Cbmix-Bl,YC10,?,?,FALSE,40,60,40,60,-1,-1,-1,-1,-1,-1,-1,-1,-1,-1,-1,-1,-1,-1,-1,-1,-1,-1,-1,-1,-1,1,12,M,15047,DISTID1,48
Cbmix-Bl,YC10,?,?,FALSE,40,60,40,60,-1,-1,-1,-1,-1,-1,-1,-1,-1,-1,-1,-1,-1,-1,-1,-1,-1,-1,-1,-1,-1,1,12,M,11506,DISTID1,49
Cbmix-Bl,YC10,?,?,FALSE,40,60,40,60,-1,-1,-1,-1,-1,-1,-1,-1,-1,-1,-1,-1,-1,-1,-1,-1,-1,-1,-1,-1,-1,1,12,M,10495,DISTID1,50
Cbmix-Bl,YC10,?,?,FALSE,40,60,40,60,-1,-1,-1,-1,-1,-1,-1,-1,-1,-1,-1,-1,-1,-1,-1,-1,-1,-1,-1,-1,-1,1,12,M,11741,DISTID1,51
Cbmix-Bl,YC10,?,?,FALSE,40,60,40,60,-1,-1,-1,-1,-1,-1,-1,-1,-1,-1,-1,-1,-1,-1,-1,-1,-1,-1,-1,-1,-1,1,12,M,13568,DISTID1,52
Cbmix-Bl,YC10,?,?,FALSE,40,60,40,60,-1,-1,-1,-1,-1,-1,-1,-1,-1,-1,-1,-1,-1,-1,-1,-1,-1,-1,-1,-1,-1,1,12,M,13639,DISTID1,53
Cbmix-Bl,YC10,?,?,FALSE,40,60,40,60,-1,-1,-1,-1,-1,-1,-1,-1,-1,-1,-1,-1,-1,-1,-1,-1,-1,-1,-1,-1,-1,1,12,M,14002,DISTID1,54
Cbmix-Conifer,YC10,?,?,FALSE,40,60,40,60,-1,-1,-1,-1,-1,-1,-1,-1,-1,-1,-1,-1,-1,-1,-1,-1,-1,-1,-1,-1,-1,1,3,M,13708,DISTID1,1
Cbmix-Conifer,YC10,?,?,FALSE,40,60,40,60,-1,-1,-1,-1,-1,-1,-1,-1,-1,-1,-1,-1,-1,-1,-1,-1,-1,-1,-1,-1,-1,1,3,M,21522,DISTID1,2
Cbmix-Conifer,YC10,?,?,FALSE,40,60,40,60,-1,-1,-1,-1,-1,-1,-1,-1,-1,-1,-1,-1,-1,-1,-1,-1,-1,-1,-1,-1,-1,1,3,M,28752,DISTID1,3
Cbmix-Conifer,YC10,?,?,FALSE,40,60,40,60,-1,-1,-1,-1,-1,-1,-1,-1,-1,-1,-1,-1,-1,-1,-1,-1,-1,-1,-1,-1,-1,1,3,M,0,DISTID1,4
Cbmix-Conifer,YC10,?,?,FALSE,40,60,40,60,-1,-1,-1,-1,-1,-1,-1,-1,-1,-1,-1,-1,-1,-1,-1,-1,-1,-1,-1,-1,-1,1,3,M,52828,DISTID1,6
Cbmix-Conifer,YC10,?,?,FALSE,40,60,40,60,-1,-1,-1,-1,-1,-1,-1,-1,-1,-1,-1,-1,-1,-1,-1,-1,-1,-1,-1,-1,-1,1,3,M,43844,DISTID1,7
Cbmix-Conifer,YC10,?,?,FALSE,40,60,40,60,-1,-1,-1,-1,-1,-1,-1,-1,-1,-1,-1,-1,-1,-1,-1,-1,-1,-1,-1,-1,-1,1,3,M,29500,DISTID1,8
Cbmix-Conifer,YC10,?,?,FALSE,40,60,40,60,-1,-1,-1,-1,-1,-1,-1,-1,-1,-1,-1,-1,-1,-1,-1,-1,-1,-1,-1,-1,-1,1,3,M,7281,DISTID1,9
Cbmix-Conifer,YC10,?,?,FALSE,40,60,40,60,-1,-1,-1,-1,-1,-1,-1,-1,-1,-1,-1,-1,-1,-1,-1,-1,-1,-1,-1,-1,-1,1,3,M,59101,DISTID1,10
Cbmix-Conifer,YC10,?,?,FALSE,40,60,40,60,-1,-1,-1,-1,-1,-1,-1,-1,-1,-1,-1,-1,-1,-1,-1,-1,-1,-1,-1,-1,-1,1,3,M,57267,DISTID1,11
Cbmix-Conifer,YC10,?,?,FALSE,40,60,40,60,-1,-1,-1,-1,-1,-1,-1,-1,-1,-1,-1,-1,-1,-1,-1,-1,-1,-1,-1,-1,-1,1,3,M,27065,DISTID1,12
Cbmix-Conifer,YC10,?,?,FALSE,40,60,40,60,-1,-1,-1,-1,-1,-1,-1,-1,-1,-1,-1,-1,-1,-1,-1,-1,-1,-1,-1,-1,-1,1,3,M,19392,DISTID1,13
Cbmix-Conifer,YC10,?,?,FALSE,40,60,40,60,-1,-1,-1,-1,-1,-1,-1,-1,-1,-1,-1,-1,-1,-1,-1,-1,-1,-1,-1,-1,-1,1,3,M,26178,DISTID1,14
Cbmix-Conifer,YC10,?,?,FALSE,40,60,40,60,-1,-1,-1,-1,-1,-1,-1,-1,-1,-1,-1,-1,-1,-1,-1,-1,-1,-1,-1,-1,-1,1,3,M,35554,DISTID1,15
Cbmix-Conifer,YC10,?,?,FALSE,40,60,40,60,-1,-1,-1,-1,-1,-1,-1,-1,-1,-1,-1,-1,-1,-1,-1,-1,-1,-1,-1,-1,-1,1,3,M,57630,DISTID1,16
Cbmix-Conifer,YC10,?,?,FALSE,40,60,40,60,-1,-1,-1,-1,-1,-1,-1,-1,-1,-1,-1,-1,-1,-1,-1,-1,-1,-1,-1,-1,-1,1,3,M,66065,DISTID1,17
Cbmix-Conifer,YC10,?,?,FALSE,40,60,40,60,-1,-1,-1,-1,-1,-1,-1,-1,-1,-1,-1,-1,-1,-1,-1,-1,-1,-1,-1,-1,-1,1,3,M,46127,DISTID1,18
Cbmix-Conifer,YC10,?,?,FALSE,40,60,40,60,-1,-1,-1,-1,-1,-1,-1,-1,-1,-1,-1,-1,-1,-1,-1,-1,-1,-1,-1,-1,-1,1,3,M,16907,DISTID1,19
Cbmix-Conifer,YC10,?,?,FALSE,40,60,40,60,-1,-1,-1,-1,-1,-1,-1,-1,-1,-1,-1,-1,-1,-1,-1,-1,-1,-1,-1,-1,-1,1,3,M,22102,DISTID1,20
Cbmix-Conifer,YC10,?,?,FALSE,40,60,40,60,-1,-1,-1,-1,-1,-1,-1,-1,-1,-1,-1,-1,-1,-1,-1,-1,-1,-1,-1,-1,-1,1,3,M,20418,DISTID1,21
Cbmix-Conifer,YC10,?,?,FALSE,40,60,40,60,-1,-1,-1,-1,-1,-1,-1,-1,-1,-1,-1,-1,-1,-1,-1,-1,-1,-1,-1,-1,-1,1,3,M,17592,DISTID1,22
Cbmix-Conifer,YC10,?,?,FALSE,40,60,40,60,-1,-1,-1,-1,-1,-1,-1,-1,-1,-1,-1,-1,-1,-1,-1,-1,-1,-1,-1,-1,-1,1,3,M,18598,DISTID1,23
Cbmix-Conifer,YC10,?,?,FALSE,40,60,40,60,-1,-1,-1,-1,-1,-1,-1,-1,-1,-1,-1,-1,-1,-1,-1,-1,-1,-1,-1,-1,-1,1,3,M,17060,DISTID1,24
Cbmix-Conifer,YC10,?,?,FALSE,40,60,40,60,-1,-1,-1,-1,-1,-1,-1,-1,-1,-1,-1,-1,-1,-1,-1,-1,-1,-1,-1,-1,-1,1,3,M,16318,DISTID1,25
Cbmix-Conifer,YC10,?,?,FALSE,40,60,40,60,-1,-1,-1,-1,-1,-1,-1,-1,-1,-1,-1,-1,-1,-1,-1,-1,-1,-1,-1,-1,-1,1,3,M,9380,DISTID1,26
Cbmix-Conifer,YC10,?,?,FALSE,40,60,40,60,-1,-1,-1,-1,-1,-1,-1,-1,-1,-1,-1,-1,-1,-1,-1,-1,-1,-1,-1,-1,-1,1,3,M,9939,DISTID1,27
Cbmix-Conifer,YC10,?,?,FALSE,40,60,40,60,-1,-1,-1,-1,-1,-1,-1,-1,-1,-1,-1,-1,-1,-1,-1,-1,-1,-1,-1,-1,-1,1,3,M,9648,DISTID1,28
Cbmix-Conifer,YC10,?,?,FALSE,40,60,40,60,-1,-1,-1,-1,-1,-1,-1,-1,-1,-1,-1,-1,-1,-1,-1,-1,-1,-1,-1,-1,-1,1,3,M,9671,DISTID1,29
Cbmix-Conifer,YC10,?,?,FALSE,40,60,40,60,-1,-1,-1,-1,-1,-1,-1,-1,-1,-1,-1,-1,-1,-1,-1,-1,-1,-1,-1,-1,-1,1,3,M,11408,DISTID1,30
Cbmix-Conifer,YC10,?,?,FALSE,40,60,40,60,-1,-1,-1,-1,-1,-1,-1,-1,-1,-1,-1,-1,-1,-1,-1,-1,-1,-1,-1,-1,-1,1,3,M,11854,DISTID1,31
Cbmix-Conifer,YC10,?,?,FALSE,40,60,40,60,-1,-1,-1,-1,-1,-1,-1,-1,-1,-1,-1,-1,-1,-1,-1,-1,-1,-1,-1,-1,-1,1,3,M,9053,DISTID1,32
Cbmix-Conifer,YC10,?,?,FALSE,40,60,40,60,-1,-1,-1,-1,-1,-1,-1,-1,-1,-1,-1,-1,-1,-1,-1,-1,-1,-1,-1,-1,-1,1,3,M,10346,DISTID1,33
Cbmix-Conifer,YC10,?,?,FALSE,40,60,40,60,-1,-1,-1,-1,-1,-1,-1,-1,-1,-1,-1,-1,-1,-1,-1,-1,-1,-1,-1,-1,-1,1,3,M,11151,DISTID1,34
Cbmix-Conifer,YC10,?,?,FALSE,40,60,40,60,-1,-1,-1,-1,-1,-1,-1,-1,-1,-1,-1,-1,-1,-1,-1,-1,-1,-1,-1,-1,-1,1,3,M,11151,DISTID1,35
Cbmix-Conifer,YC10,?,?,FALSE,40,60,40,60,-1,-1,-1,-1,-1,-1,-1,-1,-1,-1,-1,-1,-1,-1,-1,-1,-1,-1,-1,-1,-1,1,3,M,12644,DISTID1,36
Cbmix-Conifer,YC10,?,?,FALSE,40,60,40,60,-1,-1,-1,-1,-1,-1,-1,-1,-1,-1,-1,-1,-1,-1,-1,-1,-1,-1,-1,-1,-1,1,3,M,16802,DISTID1,37
Cbmix-Conifer,YC10,?,?,FALSE,40,60,40,60,-1,-1,-1,-1,-1,-1,-1,-1,-1,-1,-1,-1,-1,-1,-1,-1,-1,-1,-1,-1,-1,1,3,M,15563,DISTID1,38
Cbmix-Conifer,YC10,?,?,FALSE,40,60,40,60,-1,-1,-1,-1,-1,-1,-1,-1,-1,-1,-1,-1,-1,-1,-1,-1,-1,-1,-1,-1,-1,1,3,M,17149,DISTID1,39
Cbmix-Conifer,YC10,?,?,FALSE,40,60,40,60,-1,-1,-1,-1,-1,-1,-1,-1,-1,-1,-1,-1,-1,-1,-1,-1,-1,-1,-1,-1,-1,1,3,M,15853,DISTID1,40
Cbmix-Conifer,YC10,?,?,FALSE,40,60,40,60,-1,-1,-1,-1,-1,-1,-1,-1,-1,-1,-1,-1,-1,-1,-1,-1,-1,-1,-1,-1,-1,1,3,M,15697,DISTID1,41
Cbmix-Conifer,YC10,?,?,FALSE,40,60,40,60,-1,-1,-1,-1,-1,-1,-1,-1,-1,-1,-1,-1,-1,-1,-1,-1,-1,-1,-1,-1,-1,1,3,M,16326,DISTID1,42
Cbmix-Conifer,YC10,?,?,FALSE,40,60,40,60,-1,-1,-1,-1,-1,-1,-1,-1,-1,-1,-1,-1,-1,-1,-1,-1,-1,-1,-1,-1,-1,1,3,M,16641,DISTID1,43
Cbmix-Conifer,YC10,?,?,FALSE,40,60,40,60,-1,-1,-1,-1,-1,-1,-1,-1,-1,-1,-1,-1,-1,-1,-1,-1,-1,-1,-1,-1,-1,1,3,M,15503,DISTID1,44
Cbmix-Conifer,YC10,?,?,FALSE,40,60,40,60,-1,-1,-1,-1,-1,-1,-1,-1,-1,-1,-1,-1,-1,-1,-1,-1,-1,-1,-1,-1,-1,1,3,M,17932,DISTID1,45
Cbmix-Conifer,YC10,?,?,FALSE,40,60,40,60,-1,-1,-1,-1,-1,-1,-1,-1,-1,-1,-1,-1,-1,-1,-1,-1,-1,-1,-1,-1,-1,1,3,M,16146,DISTID1,46
Cbmix-Conifer,YC10,?,?,FALSE,40,60,40,60,-1,-1,-1,-1,-1,-1,-1,-1,-1,-1,-1,-1,-1,-1,-1,-1,-1,-1,-1,-1,-1,1,3,M,17137,DISTID1,47
Cbmix-Conifer,YC10,?,?,FALSE,40,60,40,60,-1,-1,-1,-1,-1,-1,-1,-1,-1,-1,-1,-1,-1,-1,-1,-1,-1,-1,-1,-1,-1,1,3,M,23201,DISTID1,48
Cbmix-Conifer,YC10,?,?,FALSE,40,60,40,60,-1,-1,-1,-1,-1,-1,-1,-1,-1,-1,-1,-1,-1,-1,-1,-1,-1,-1,-1,-1,-1,1,3,M,26657,DISTID1,49
Cbmix-Conifer,YC10,?,?,FALSE,40,60,40,60,-1,-1,-1,-1,-1,-1,-1,-1,-1,-1,-1,-1,-1,-1,-1,-1,-1,-1,-1,-1,-1,1,3,M,23422,DISTID1,50
Cbmix-Conifer,YC10,?,?,FALSE,40,60,40,60,-1,-1,-1,-1,-1,-1,-1,-1,-1,-1,-1,-1,-1,-1,-1,-1,-1,-1,-1,-1,-1,1,3,M,22216,DISTID1,51
Cbmix-Conifer,YC10,?,?,FALSE,40,60,40,60,-1,-1,-1,-1,-1,-1,-1,-1,-1,-1,-1,-1,-1,-1,-1,-1,-1,-1,-1,-1,-1,1,3,M,21699,DISTID1,52
Cbmix-Conifer,YC10,?,?,FALSE,40,60,40,60,-1,-1,-1,-1,-1,-1,-1,-1,-1,-1,-1,-1,-1,-1,-1,-1,-1,-1,-1,-1,-1,1,3,M,22344,DISTID1,53
Cbmix-Conifer,YC10,?,?,FALSE,40,60,40,60,-1,-1,-1,-1,-1,-1,-1,-1,-1,-1,-1,-1,-1,-1,-1,-1,-1,-1,-1,-1,-1,1,3,M,32939,DISTID1,54
Cmix,YC10,?,?,FALSE,40,60,40,60,-1,-1,-1,-1,-1,-1,-1,-1,-1,-1,-1,-1,-1,-1,-1,-1,-1,-1,-1,-1,-1,1,3,M,46507,DISTID1,1
Cmix,YC10,?,?,FALSE,40,60,40,60,-1,-1,-1,-1,-1,-1,-1,-1,-1,-1,-1,-1,-1,-1,-1,-1,-1,-1,-1,-1,-1,1,3,M,17759,DISTID1,2
Cmix,YC10,?,?,FALSE,40,60,40,60,-1,-1,-1,-1,-1,-1,-1,-1,-1,-1,-1,-1,-1,-1,-1,-1,-1,-1,-1,-1,-1,1,3,M,65000,DISTID1,3
Cmix,YC10,?,?,FALSE,40,60,40,60,-1,-1,-1,-1,-1,-1,-1,-1,-1,-1,-1,-1,-1,-1,-1,-1,-1,-1,-1,-1,-1,1,3,M,0,DISTID1,4
Cmix,YC10,?,?,FALSE,40,60,40,60,-1,-1,-1,-1,-1,-1,-1,-1,-1,-1,-1,-1,-1,-1,-1,-1,-1,-1,-1,-1,-1,1,3,M,43362,DISTID1,5
Cmix,YC10,?,?,FALSE,40,60,40,60,-1,-1,-1,-1,-1,-1,-1,-1,-1,-1,-1,-1,-1,-1,-1,-1,-1,-1,-1,-1,-1,1,3,M,69133,DISTID1,6
Cmix,YC10,?,?,FALSE,40,60,40,60,-1,-1,-1,-1,-1,-1,-1,-1,-1,-1,-1,-1,-1,-1,-1,-1,-1,-1,-1,-1,-1,1,3,M,59720,DISTID1,7
Cmix,YC10,?,?,FALSE,40,60,40,60,-1,-1,-1,-1,-1,-1,-1,-1,-1,-1,-1,-1,-1,-1,-1,-1,-1,-1,-1,-1,-1,1,3,M,43738,DISTID1,8
Cmix,YC10,?,?,FALSE,40,60,40,60,-1,-1,-1,-1,-1,-1,-1,-1,-1,-1,-1,-1,-1,-1,-1,-1,-1,-1,-1,-1,-1,1,3,M,12624,DISTID1,9
Cmix,YC10,?,?,FALSE,40,60,40,60,-1,-1,-1,-1,-1,-1,-1,-1,-1,-1,-1,-1,-1,-1,-1,-1,-1,-1,-1,-1,-1,1,3,M,81305,DISTID1,10
Cmix,YC10,?,?,FALSE,40,60,40,60,-1,-1,-1,-1,-1,-1,-1,-1,-1,-1,-1,-1,-1,-1,-1,-1,-1,-1,-1,-1,-1,1,3,M,77412,DISTID1,11
Cmix,YC10,?,?,FALSE,40,60,40,60,-1,-1,-1,-1,-1,-1,-1,-1,-1,-1,-1,-1,-1,-1,-1,-1,-1,-1,-1,-1,-1,1,3,M,36058,DISTID1,12
Cmix,YC10,?,?,FALSE,40,60,40,60,-1,-1,-1,-1,-1,-1,-1,-1,-1,-1,-1,-1,-1,-1,-1,-1,-1,-1,-1,-1,-1,1,3,M,25470,DISTID1,13
Cmix,YC10,?,?,FALSE,40,60,40,60,-1,-1,-1,-1,-1,-1,-1,-1,-1,-1,-1,-1,-1,-1,-1,-1,-1,-1,-1,-1,-1,1,3,M,35006,DISTID1,14
Cmix,YC10,?,?,FALSE,40,60,40,60,-1,-1,-1,-1,-1,-1,-1,-1,-1,-1,-1,-1,-1,-1,-1,-1,-1,-1,-1,-1,-1,1,3,M,49353,DISTID1,15
Cmix,YC10,?,?,FALSE,40,60,40,60,-1,-1,-1,-1,-1,-1,-1,-1,-1,-1,-1,-1,-1,-1,-1,-1,-1,-1,-1,-1,-1,1,3,M,30866,DISTID1,16
Cmix,YC10,?,?,FALSE,40,60,40,60,-1,-1,-1,-1,-1,-1,-1,-1,-1,-1,-1,-1,-1,-1,-1,-1,-1,-1,-1,-1,-1,1,3,M,8320,DISTID1,17
Cmix,YC10,?,?,FALSE,40,60,40,60,-1,-1,-1,-1,-1,-1,-1,-1,-1,-1,-1,-1,-1,-1,-1,-1,-1,-1,-1,-1,-1,1,3,M,7583,DISTID1,18
Cmix,YC10,?,?,FALSE,40,60,40,60,-1,-1,-1,-1,-1,-1,-1,-1,-1,-1,-1,-1,-1,-1,-1,-1,-1,-1,-1,-1,-1,1,3,M,7475,DISTID1,19
Cmix,YC10,?,?,FALSE,40,60,40,60,-1,-1,-1,-1,-1,-1,-1,-1,-1,-1,-1,-1,-1,-1,-1,-1,-1,-1,-1,-1,-1,1,3,M,9979,DISTID1,20
Cmix,YC10,?,?,FALSE,40,60,40,60,-1,-1,-1,-1,-1,-1,-1,-1,-1,-1,-1,-1,-1,-1,-1,-1,-1,-1,-1,-1,-1,1,3,M,45167,DISTID1,21
Cmix,YC10,?,?,FALSE,40,60,40,60,-1,-1,-1,-1,-1,-1,-1,-1,-1,-1,-1,-1,-1,-1,-1,-1,-1,-1,-1,-1,-1,1,3,M,41945,DISTID1,22
Cmix,YC10,?,?,FALSE,40,60,40,60,-1,-1,-1,-1,-1,-1,-1,-1,-1,-1,-1,-1,-1,-1,-1,-1,-1,-1,-1,-1,-1,1,3,M,39007,DISTID1,23
Cmix,YC10,?,?,FALSE,40,60,40,60,-1,-1,-1,-1,-1,-1,-1,-1,-1,-1,-1,-1,-1,-1,-1,-1,-1,-1,-1,-1,-1,1,3,M,32532,DISTID1,24
Cmix,YC10,?,?,FALSE,40,60,40,60,-1,-1,-1,-1,-1,-1,-1,-1,-1,-1,-1,-1,-1,-1,-1,-1,-1,-1,-1,-1,-1,1,3,M,35318,DISTID1,25
Cmix,YC10,?,?,FALSE,40,60,40,60,-1,-1,-1,-1,-1,-1,-1,-1,-1,-1,-1,-1,-1,-1,-1,-1,-1,-1,-1,-1,-1,1,3,M,16829,DISTID1,26
Cmix,YC10,?,?,FALSE,40,60,40,60,-1,-1,-1,-1,-1,-1,-1,-1,-1,-1,-1,-1,-1,-1,-1,-1,-1,-1,-1,-1,-1,1,3,M,19643,DISTID1,27
Cmix,YC10,?,?,FALSE,40,60,40,60,-1,-1,-1,-1,-1,-1,-1,-1,-1,-1,-1,-1,-1,-1,-1,-1,-1,-1,-1,-1,-1,1,3,M,18689,DISTID1,28
Cmix,YC10,?,?,FALSE,40,60,40,60,-1,-1,-1,-1,-1,-1,-1,-1,-1,-1,-1,-1,-1,-1,-1,-1,-1,-1,-1,-1,-1,1,3,M,18926,DISTID1,29
Cmix,YC10,?,?,FALSE,40,60,40,60,-1,-1,-1,-1,-1,-1,-1,-1,-1,-1,-1,-1,-1,-1,-1,-1,-1,-1,-1,-1,-1,1,3,M,22511,DISTID1,30
Cmix,YC10,?,?,FALSE,40,60,40,60,-1,-1,-1,-1,-1,-1,-1,-1,-1,-1,-1,-1,-1,-1,-1,-1,-1,-1,-1,-1,-1,1,3,M,22044,DISTID1,31
Cmix,YC10,?,?,FALSE,40,60,40,60,-1,-1,-1,-1,-1,-1,-1,-1,-1,-1,-1,-1,-1,-1,-1,-1,-1,-1,-1,-1,-1,1,3,M,16938,DISTID1,32
Cmix,YC10,?,?,FALSE,40,60,40,60,-1,-1,-1,-1,-1,-1,-1,-1,-1,-1,-1,-1,-1,-1,-1,-1,-1,-1,-1,-1,-1,1,3,M,20722,DISTID1,33
Cmix,YC10,?,?,FALSE,40,60,40,60,-1,-1,-1,-1,-1,-1,-1,-1,-1,-1,-1,-1,-1,-1,-1,-1,-1,-1,-1,-1,-1,1,3,M,22063,DISTID1,34
Cmix,YC10,?,?,FALSE,40,60,40,60,-1,-1,-1,-1,-1,-1,-1,-1,-1,-1,-1,-1,-1,-1,-1,-1,-1,-1,-1,-1,-1,1,3,M,22063,DISTID1,35
Cmix,YC10,?,?,FALSE,40,60,40,60,-1,-1,-1,-1,-1,-1,-1,-1,-1,-1,-1,-1,-1,-1,-1,-1,-1,-1,-1,-1,-1,1,3,M,25019,DISTID1,36
Cmix,YC10,?,?,FALSE,40,60,40,60,-1,-1,-1,-1,-1,-1,-1,-1,-1,-1,-1,-1,-1,-1,-1,-1,-1,-1,-1,-1,-1,1,3,M,33244,DISTID1,37
Cmix,YC10,?,?,FALSE,40,60,40,60,-1,-1,-1,-1,-1,-1,-1,-1,-1,-1,-1,-1,-1,-1,-1,-1,-1,-1,-1,-1,-1,1,3,M,30793,DISTID1,38
Cmix,YC10,?,?,FALSE,40,60,40,60,-1,-1,-1,-1,-1,-1,-1,-1,-1,-1,-1,-1,-1,-1,-1,-1,-1,-1,-1,-1,-1,1,3,M,33930,DISTID1,39
Cmix,YC10,?,?,FALSE,40,60,40,60,-1,-1,-1,-1,-1,-1,-1,-1,-1,-1,-1,-1,-1,-1,-1,-1,-1,-1,-1,-1,-1,1,3,M,31368,DISTID1,40
Cmix,YC10,?,?,FALSE,40,60,40,60,-1,-1,-1,-1,-1,-1,-1,-1,-1,-1,-1,-1,-1,-1,-1,-1,-1,-1,-1,-1,-1,1,3,M,31058,DISTID1,41
Cmix,YC10,?,?,FALSE,40,60,40,60,-1,-1,-1,-1,-1,-1,-1,-1,-1,-1,-1,-1,-1,-1,-1,-1,-1,-1,-1,-1,-1,1,3,M,32304,DISTID1,42
Cmix,YC10,?,?,FALSE,40,60,40,60,-1,-1,-1,-1,-1,-1,-1,-1,-1,-1,-1,-1,-1,-1,-1,-1,-1,-1,-1,-1,-1,1,3,M,32924,DISTID1,43
Cmix,YC10,?,?,FALSE,40,60,40,60,-1,-1,-1,-1,-1,-1,-1,-1,-1,-1,-1,-1,-1,-1,-1,-1,-1,-1,-1,-1,-1,1,3,M,30674,DISTID1,44
Cmix,YC10,?,?,FALSE,40,60,40,60,-1,-1,-1,-1,-1,-1,-1,-1,-1,-1,-1,-1,-1,-1,-1,-1,-1,-1,-1,-1,-1,1,3,M,35481,DISTID1,45
Cmix,YC10,?,?,FALSE,40,60,40,60,-1,-1,-1,-1,-1,-1,-1,-1,-1,-1,-1,-1,-1,-1,-1,-1,-1,-1,-1,-1,-1,1,3,M,31949,DISTID1,46
Cmix,YC10,?,?,FALSE,40,60,40,60,-1,-1,-1,-1,-1,-1,-1,-1,-1,-1,-1,-1,-1,-1,-1,-1,-1,-1,-1,-1,-1,1,3,M,33906,DISTID1,47
Cmix,YC10,?,?,FALSE,40,60,40,60,-1,-1,-1,-1,-1,-1,-1,-1,-1,-1,-1,-1,-1,-1,-1,-1,-1,-1,-1,-1,-1,1,3,M,45905,DISTID1,48
Cmix,YC10,?,?,FALSE,40,60,40,60,-1,-1,-1,-1,-1,-1,-1,-1,-1,-1,-1,-1,-1,-1,-1,-1,-1,-1,-1,-1,-1,1,3,M,52743,DISTID1,49
Cmix,YC10,?,?,FALSE,40,60,40,60,-1,-1,-1,-1,-1,-1,-1,-1,-1,-1,-1,-1,-1,-1,-1,-1,-1,-1,-1,-1,-1,1,3,M,46340,DISTID1,50
Cmix,YC10,?,?,FALSE,40,60,40,60,-1,-1,-1,-1,-1,-1,-1,-1,-1,-1,-1,-1,-1,-1,-1,-1,-1,-1,-1,-1,-1,1,3,M,43955,DISTID1,51
Cmix,YC10,?,?,FALSE,40,60,40,60,-1,-1,-1,-1,-1,-1,-1,-1,-1,-1,-1,-1,-1,-1,-1,-1,-1,-1,-1,-1,-1,1,3,M,42932,DISTID1,52
Cmix,YC10,?,?,FALSE,40,60,40,60,-1,-1,-1,-1,-1,-1,-1,-1,-1,-1,-1,-1,-1,-1,-1,-1,-1,-1,-1,-1,-1,1,3,M,44209,DISTID1,53
Cmix,YC10,?,?,FALSE,40,60,40,60,-1,-1,-1,-1,-1,-1,-1,-1,-1,-1,-1,-1,-1,-1,-1,-1,-1,-1,-1,-1,-1,1,3,M,65175,DISTID1,54
FGB,YC6,?,?,FALSE,38,57,38,57,-1,-1,-1,-1,-1,-1,-1,-1,-1,-1,-1,-1,-1,-1,-1,-1,-1,-1,-1,-1,-1,1,12,M,0,DISTID1,1
FGB,YC6,?,?,FALSE,38,57,38,57,-1,-1,-1,-1,-1,-1,-1,-1,-1,-1,-1,-1,-1,-1,-1,-1,-1,-1,-1,-1,-1,1,12,M,0,DISTID1,2
FGB,YC6,?,?,FALSE,38,57,38,57,-1,-1,-1,-1,-1,-1,-1,-1,-1,-1,-1,-1,-1,-1,-1,-1,-1,-1,-1,-1,-1,1,12,M,0,DISTID1,3
FGB,YC6,?,?,FALSE,38,57,38,57,-1,-1,-1,-1,-1,-1,-1,-1,-1,-1,-1,-1,-1,-1,-1,-1,-1,-1,-1,-1,-1,1,12,M,0,DISTID1,4
FGB,YC6,?,?,FALSE,38,57,38,57,-1,-1,-1,-1,-1,-1,-1,-1,-1,-1,-1,-1,-1,-1,-1,-1,-1,-1,-1,-1,-1,1,12,M,23304,DISTID1,5
FGB,YC6,?,?,FALSE,38,57,38,57,-1,-1,-1,-1,-1,-1,-1,-1,-1,-1,-1,-1,-1,-1,-1,-1,-1,-1,-1,-1,-1,1,12,M,11396,DISTID1,6
FGB,YC6,?,?,FALSE,38,57,38,57,-1,-1,-1,-1,-1,-1,-1,-1,-1,-1,-1,-1,-1,-1,-1,-1,-1,-1,-1,-1,-1,1,12,M,8638,DISTID1,7
FGB,YC6,?,?,FALSE,38,57,38,57,-1,-1,-1,-1,-1,-1,-1,-1,-1,-1,-1,-1,-1,-1,-1,-1,-1,-1,-1,-1,-1,1,12,M,13094,DISTID1,8
FGB,YC6,?,?,FALSE,38,57,38,57,-1,-1,-1,-1,-1,-1,-1,-1,-1,-1,-1,-1,-1,-1,-1,-1,-1,-1,-1,-1,-1,1,12,M,4981,DISTID1,9
FGB,YC6,?,?,FALSE,38,57,38,57,-1,-1,-1,-1,-1,-1,-1,-1,-1,-1,-1,-1,-1,-1,-1,-1,-1,-1,-1,-1,-1,1,12,M,29981,DISTID1,10
FGB,YC6,?,?,FALSE,38,57,38,57,-1,-1,-1,-1,-1,-1,-1,-1,-1,-1,-1,-1,-1,-1,-1,-1,-1,-1,-1,-1,-1,1,12,M,13957,DISTID1,11
FGB,YC6,?,?,FALSE,38,57,38,57,-1,-1,-1,-1,-1,-1,-1,-1,-1,-1,-1,-1,-1,-1,-1,-1,-1,-1,-1,-1,-1,1,12,M,6303,DISTID1,12
FGB,YC6,?,?,FALSE,38,57,38,57,-1,-1,-1,-1,-1,-1,-1,-1,-1,-1,-1,-1,-1,-1,-1,-1,-1,-1,-1,-1,-1,1,12,M,7676,DISTID1,13
FGB,YC6,?,?,FALSE,38,57,38,57,-1,-1,-1,-1,-1,-1,-1,-1,-1,-1,-1,-1,-1,-1,-1,-1,-1,-1,-1,-1,-1,1,12,M,18149,DISTID1,14
FGB,YC6,?,?,FALSE,38,57,38,57,-1,-1,-1,-1,-1,-1,-1,-1,-1,-1,-1,-1,-1,-1,-1,-1,-1,-1,-1,-1,-1,1,12,M,32399,DISTID1,15
FGB,YC6,?,?,FALSE,38,57,38,57,-1,-1,-1,-1,-1,-1,-1,-1,-1,-1,-1,-1,-1,-1,-1,-1,-1,-1,-1,-1,-1,1,12,M,22026,DISTID1,16
FGB,YC6,?,?,FALSE,38,57,38,57,-1,-1,-1,-1,-1,-1,-1,-1,-1,-1,-1,-1,-1,-1,-1,-1,-1,-1,-1,-1,-1,1,12,M,22467,DISTID1,17
FGB,YC6,?,?,FALSE,38,57,38,57,-1,-1,-1,-1,-1,-1,-1,-1,-1,-1,-1,-1,-1,-1,-1,-1,-1,-1,-1,-1,-1,1,12,M,36077,DISTID1,18
FGB,YC6,?,?,FALSE,38,57,38,57,-1,-1,-1,-1,-1,-1,-1,-1,-1,-1,-1,-1,-1,-1,-1,-1,-1,-1,-1,-1,-1,1,12,M,19076,DISTID1,19
FGB,YC6,?,?,FALSE,38,57,38,57,-1,-1,-1,-1,-1,-1,-1,-1,-1,-1,-1,-1,-1,-1,-1,-1,-1,-1,-1,-1,-1,1,12,M,6439,DISTID1,20
FGB,YC6,?,?,FALSE,38,57,38,57,-1,-1,-1,-1,-1,-1,-1,-1,-1,-1,-1,-1,-1,-1,-1,-1,-1,-1,-1,-1,-1,1,12,M,7341,DISTID1,21
FGB,YC6,?,?,FALSE,38,57,38,57,-1,-1,-1,-1,-1,-1,-1,-1,-1,-1,-1,-1,-1,-1,-1,-1,-1,-1,-1,-1,-1,1,12,M,6492,DISTID1,22
FGB,YC6,?,?,FALSE,38,57,38,57,-1,-1,-1,-1,-1,-1,-1,-1,-1,-1,-1,-1,-1,-1,-1,-1,-1,-1,-1,-1,-1,1,12,M,8300,DISTID1,23
FGB,YC6,?,?,FALSE,38,57,38,57,-1,-1,-1,-1,-1,-1,-1,-1,-1,-1,-1,-1,-1,-1,-1,-1,-1,-1,-1,-1,-1,1,12,M,11198,DISTID1,24
FGB,YC6,?,?,FALSE,38,57,38,57,-1,-1,-1,-1,-1,-1,-1,-1,-1,-1,-1,-1,-1,-1,-1,-1,-1,-1,-1,-1,-1,1,12,M,13224,DISTID1,25
FGB,YC6,?,?,FALSE,38,57,38,57,-1,-1,-1,-1,-1,-1,-1,-1,-1,-1,-1,-1,-1,-1,-1,-1,-1,-1,-1,-1,-1,1,12,M,11384,DISTID1,26
FGB,YC6,?,?,FALSE,38,57,38,57,-1,-1,-1,-1,-1,-1,-1,-1,-1,-1,-1,-1,-1,-1,-1,-1,-1,-1,-1,-1,-1,1,12,M,11320,DISTID1,27
FGB,YC6,?,?,FALSE,38,57,38,57,-1,-1,-1,-1,-1,-1,-1,-1,-1,-1,-1,-1,-1,-1,-1,-1,-1,-1,-1,-1,-1,1,12,M,14647,DISTID1,28
FGB,YC6,?,?,FALSE,38,57,38,57,-1,-1,-1,-1,-1,-1,-1,-1,-1,-1,-1,-1,-1,-1,-1,-1,-1,-1,-1,-1,-1,1,12,M,14446,DISTID1,29
FGB,YC6,?,?,FALSE,38,57,38,57,-1,-1,-1,-1,-1,-1,-1,-1,-1,-1,-1,-1,-1,-1,-1,-1,-1,-1,-1,-1,-1,1,12,M,19231,DISTID1,30
FGB,YC6,?,?,FALSE,38,57,38,57,-1,-1,-1,-1,-1,-1,-1,-1,-1,-1,-1,-1,-1,-1,-1,-1,-1,-1,-1,-1,-1,1,12,M,8684,DISTID1,31
FGB,YC6,?,?,FALSE,38,57,38,57,-1,-1,-1,-1,-1,-1,-1,-1,-1,-1,-1,-1,-1,-1,-1,-1,-1,-1,-1,-1,-1,1,12,M,9365,DISTID1,32
FGB,YC6,?,?,FALSE,38,57,38,57,-1,-1,-1,-1,-1,-1,-1,-1,-1,-1,-1,-1,-1,-1,-1,-1,-1,-1,-1,-1,-1,1,12,M,13410,DISTID1,33
FGB,YC6,?,?,FALSE,38,57,38,57,-1,-1,-1,-1,-1,-1,-1,-1,-1,-1,-1,-1,-1,-1,-1,-1,-1,-1,-1,-1,-1,1,12,M,14260,DISTID1,34
FGB,YC6,?,?,FALSE,38,57,38,57,-1,-1,-1,-1,-1,-1,-1,-1,-1,-1,-1,-1,-1,-1,-1,-1,-1,-1,-1,-1,-1,1,12,M,7596,DISTID1,35
FGB,YC6,?,?,FALSE,38,57,38,57,-1,-1,-1,-1,-1,-1,-1,-1,-1,-1,-1,-1,-1,-1,-1,-1,-1,-1,-1,-1,-1,1,12,M,6317,DISTID1,36
FGB,YC6,?,?,FALSE,38,57,38,57,-1,-1,-1,-1,-1,-1,-1,-1,-1,-1,-1,-1,-1,-1,-1,-1,-1,-1,-1,-1,-1,1,12,M,6937,DISTID1,37
FGB,YC6,?,?,FALSE,38,57,38,57,-1,-1,-1,-1,-1,-1,-1,-1,-1,-1,-1,-1,-1,-1,-1,-1,-1,-1,-1,-1,-1,1,12,M,7273,DISTID1,38
FGB,YC6,?,?,FALSE,38,57,38,57,-1,-1,-1,-1,-1,-1,-1,-1,-1,-1,-1,-1,-1,-1,-1,-1,-1,-1,-1,-1,-1,1,12,M,7715,DISTID1,39
FGB,YC6,?,?,FALSE,38,57,38,57,-1,-1,-1,-1,-1,-1,-1,-1,-1,-1,-1,-1,-1,-1,-1,-1,-1,-1,-1,-1,-1,1,12,M,7970,DISTID1,40
FGB,YC6,?,?,FALSE,38,57,38,57,-1,-1,-1,-1,-1,-1,-1,-1,-1,-1,-1,-1,-1,-1,-1,-1,-1,-1,-1,-1,-1,1,12,M,6111,DISTID1,41
FGB,YC6,?,?,FALSE,38,57,38,57,-1,-1,-1,-1,-1,-1,-1,-1,-1,-1,-1,-1,-1,-1,-1,-1,-1,-1,-1,-1,-1,1,12,M,5748,DISTID1,42
FGB,YC6,?,?,FALSE,38,57,38,57,-1,-1,-1,-1,-1,-1,-1,-1,-1,-1,-1,-1,-1,-1,-1,-1,-1,-1,-1,-1,-1,1,12,M,5201,DISTID1,43
FGB,YC6,?,?,FALSE,38,57,38,57,-1,-1,-1,-1,-1,-1,-1,-1,-1,-1,-1,-1,-1,-1,-1,-1,-1,-1,-1,-1,-1,1,12,M,5360,DISTID1,44
FGB,YC6,?,?,FALSE,38,57,38,57,-1,-1,-1,-1,-1,-1,-1,-1,-1,-1,-1,-1,-1,-1,-1,-1,-1,-1,-1,-1,-1,1,12,M,5844,DISTID1,45
FGB,YC6,?,?,FALSE,38,57,38,57,-1,-1,-1,-1,-1,-1,-1,-1,-1,-1,-1,-1,-1,-1,-1,-1,-1,-1,-1,-1,-1,1,12,M,6864,DISTID1,46
FGB,YC6,?,?,FALSE,38,57,38,57,-1,-1,-1,-1,-1,-1,-1,-1,-1,-1,-1,-1,-1,-1,-1,-1,-1,-1,-1,-1,-1,1,12,M,7949,DISTID1,47
FGB,YC6,?,?,FALSE,38,57,38,57,-1,-1,-1,-1,-1,-1,-1,-1,-1,-1,-1,-1,-1,-1,-1,-1,-1,-1,-1,-1,-1,1,12,M,7590,DISTID1,48
FGB,YC6,?,?,FALSE,38,57,38,57,-1,-1,-1,-1,-1,-1,-1,-1,-1,-1,-1,-1,-1,-1,-1,-1,-1,-1,-1,-1,-1,1,12,M,5804,DISTID1,49
FGB,YC6,?,?,FALSE,38,57,38,57,-1,-1,-1,-1,-1,-1,-1,-1,-1,-1,-1,-1,-1,-1,-1,-1,-1,-1,-1,-1,-1,1,12,M,5294,DISTID1,50
FGB,YC6,?,?,FALSE,38,57,38,57,-1,-1,-1,-1,-1,-1,-1,-1,-1,-1,-1,-1,-1,-1,-1,-1,-1,-1,-1,-1,-1,1,12,M,5923,DISTID1,51
FGB,YC6,?,?,FALSE,38,57,38,57,-1,-1,-1,-1,-1,-1,-1,-1,-1,-1,-1,-1,-1,-1,-1,-1,-1,-1,-1,-1,-1,1,12,M,6844,DISTID1,52
FGB,YC6,?,?,FALSE,38,57,38,57,-1,-1,-1,-1,-1,-1,-1,-1,-1,-1,-1,-1,-1,-1,-1,-1,-1,-1,-1,-1,-1,1,12,M,6880,DISTID1,53
FGB,YC6,?,?,FALSE,38,57,38,57,-1,-1,-1,-1,-1,-1,-1,-1,-1,-1,-1,-1,-1,-1,-1,-1,-1,-1,-1,-1,-1,1,12,M,7063,DISTID1,54
OC,YC10,?,?,FALSE,40,60,40,60,-1,-1,-1,-1,-1,-1,-1,-1,-1,-1,-1,-1,-1,-1,-1,-1,-1,-1,-1,-1,-1,1,3,M,0,DISTID1,1
OC,YC10,?,?,FALSE,40,60,40,60,-1,-1,-1,-1,-1,-1,-1,-1,-1,-1,-1,-1,-1,-1,-1,-1,-1,-1,-1,-1,-1,1,3,M,0,DISTID1,2
OC,YC10,?,?,FALSE,40,60,40,60,-1,-1,-1,-1,-1,-1,-1,-1,-1,-1,-1,-1,-1,-1,-1,-1,-1,-1,-1,-1,-1,1,3,M,153101,DISTID1,3
OC,YC10,?,?,FALSE,40,60,40,60,-1,-1,-1,-1,-1,-1,-1,-1,-1,-1,-1,-1,-1,-1,-1,-1,-1,-1,-1,-1,-1,1,3,M,0,DISTID1,4
OC,YC10,?,?,FALSE,40,60,40,60,-1,-1,-1,-1,-1,-1,-1,-1,-1,-1,-1,-1,-1,-1,-1,-1,-1,-1,-1,-1,-1,1,3,M,23144,DISTID1,5
OC,YC10,?,?,FALSE,40,60,40,60,-1,-1,-1,-1,-1,-1,-1,-1,-1,-1,-1,-1,-1,-1,-1,-1,-1,-1,-1,-1,-1,1,3,M,36200,DISTID1,6
OC,YC10,?,?,FALSE,40,60,40,60,-1,-1,-1,-1,-1,-1,-1,-1,-1,-1,-1,-1,-1,-1,-1,-1,-1,-1,-1,-1,-1,1,3,M,30415,DISTID1,7
OC,YC10,?,?,FALSE,40,60,40,60,-1,-1,-1,-1,-1,-1,-1,-1,-1,-1,-1,-1,-1,-1,-1,-1,-1,-1,-1,-1,-1,1,3,M,21202,DISTID1,8
OC,YC10,?,?,FALSE,40,60,40,60,-1,-1,-1,-1,-1,-1,-1,-1,-1,-1,-1,-1,-1,-1,-1,-1,-1,-1,-1,-1,-1,1,3,M,4647,DISTID1,9
OC,YC10,?,?,FALSE,40,60,40,60,-1,-1,-1,-1,-1,-1,-1,-1,-1,-1,-1,-1,-1,-1,-1,-1,-1,-1,-1,-1,-1,1,3,M,47697,DISTID1,10
OC,YC10,?,?,FALSE,40,60,40,60,-1,-1,-1,-1,-1,-1,-1,-1,-1,-1,-1,-1,-1,-1,-1,-1,-1,-1,-1,-1,-1,1,3,M,45569,DISTID1,11
OC,YC10,?,?,FALSE,40,60,40,60,-1,-1,-1,-1,-1,-1,-1,-1,-1,-1,-1,-1,-1,-1,-1,-1,-1,-1,-1,-1,-1,1,3,M,20405,DISTID1,12
OC,YC10,?,?,FALSE,40,60,40,60,-1,-1,-1,-1,-1,-1,-1,-1,-1,-1,-1,-1,-1,-1,-1,-1,-1,-1,-1,-1,-1,1,3,M,12740,DISTID1,13
OC,YC10,?,?,FALSE,40,60,40,60,-1,-1,-1,-1,-1,-1,-1,-1,-1,-1,-1,-1,-1,-1,-1,-1,-1,-1,-1,-1,-1,1,3,M,14484,DISTID1,14
OC,YC10,?,?,FALSE,40,60,40,60,-1,-1,-1,-1,-1,-1,-1,-1,-1,-1,-1,-1,-1,-1,-1,-1,-1,-1,-1,-1,-1,1,3,M,31982,DISTID1,15
OC,YC10,?,?,FALSE,40,60,40,60,-1,-1,-1,-1,-1,-1,-1,-1,-1,-1,-1,-1,-1,-1,-1,-1,-1,-1,-1,-1,-1,1,3,M,24869,DISTID1,16
OC,YC10,?,?,FALSE,40,60,40,60,-1,-1,-1,-1,-1,-1,-1,-1,-1,-1,-1,-1,-1,-1,-1,-1,-1,-1,-1,-1,-1,1,3,M,12094,DISTID1,17
OC,YC10,?,?,FALSE,40,60,40,60,-1,-1,-1,-1,-1,-1,-1,-1,-1,-1,-1,-1,-1,-1,-1,-1,-1,-1,-1,-1,-1,1,3,M,13631,DISTID1,18
OC,YC10,?,?,FALSE,40,60,40,60,-1,-1,-1,-1,-1,-1,-1,-1,-1,-1,-1,-1,-1,-1,-1,-1,-1,-1,-1,-1,-1,1,3,M,13286,DISTID1,19
OC,YC10,?,?,FALSE,40,60,40,60,-1,-1,-1,-1,-1,-1,-1,-1,-1,-1,-1,-1,-1,-1,-1,-1,-1,-1,-1,-1,-1,1,3,M,16652,DISTID1,20
OC,YC10,?,?,FALSE,40,60,40,60,-1,-1,-1,-1,-1,-1,-1,-1,-1,-1,-1,-1,-1,-1,-1,-1,-1,-1,-1,-1,-1,1,3,M,13323,DISTID1,21
OC,YC10,?,?,FALSE,40,60,40,60,-1,-1,-1,-1,-1,-1,-1,-1,-1,-1,-1,-1,-1,-1,-1,-1,-1,-1,-1,-1,-1,1,3,M,15784,DISTID1,22
OC,YC10,?,?,FALSE,40,60,40,60,-1,-1,-1,-1,-1,-1,-1,-1,-1,-1,-1,-1,-1,-1,-1,-1,-1,-1,-1,-1,-1,1,3,M,13837,DISTID1,23
OC,YC10,?,?,FALSE,40,60,40,60,-1,-1,-1,-1,-1,-1,-1,-1,-1,-1,-1,-1,-1,-1,-1,-1,-1,-1,-1,-1,-1,1,3,M,11407,DISTID1,24
OC,YC10,?,?,FALSE,40,60,40,60,-1,-1,-1,-1,-1,-1,-1,-1,-1,-1,-1,-1,-1,-1,-1,-1,-1,-1,-1,-1,-1,1,3,M,11191,DISTID1,25
OC,YC10,?,?,FALSE,40,60,40,60,-1,-1,-1,-1,-1,-1,-1,-1,-1,-1,-1,-1,-1,-1,-1,-1,-1,-1,-1,-1,-1,1,3,M,12483,DISTID1,26
OC,YC10,?,?,FALSE,40,60,40,60,-1,-1,-1,-1,-1,-1,-1,-1,-1,-1,-1,-1,-1,-1,-1,-1,-1,-1,-1,-1,-1,1,3,M,13248,DISTID1,27
OC,YC10,?,?,FALSE,40,60,40,60,-1,-1,-1,-1,-1,-1,-1,-1,-1,-1,-1,-1,-1,-1,-1,-1,-1,-1,-1,-1,-1,1,3,M,9647,DISTID1,28
OC,YC10,?,?,FALSE,40,60,40,60,-1,-1,-1,-1,-1,-1,-1,-1,-1,-1,-1,-1,-1,-1,-1,-1,-1,-1,-1,-1,-1,1,3,M,11635,DISTID1,29
OC,YC10,?,?,FALSE,40,60,40,60,-1,-1,-1,-1,-1,-1,-1,-1,-1,-1,-1,-1,-1,-1,-1,-1,-1,-1,-1,-1,-1,1,3,M,14219,DISTID1,30
OC,YC10,?,?,FALSE,40,60,40,60,-1,-1,-1,-1,-1,-1,-1,-1,-1,-1,-1,-1,-1,-1,-1,-1,-1,-1,-1,-1,-1,1,3,M,4715,DISTID1,31
OC,YC10,?,?,FALSE,40,60,40,60,-1,-1,-1,-1,-1,-1,-1,-1,-1,-1,-1,-1,-1,-1,-1,-1,-1,-1,-1,-1,-1,1,3,M,4780,DISTID1,32
OC,YC10,?,?,FALSE,40,60,40,60,-1,-1,-1,-1,-1,-1,-1,-1,-1,-1,-1,-1,-1,-1,-1,-1,-1,-1,-1,-1,-1,1,3,M,5108,DISTID1,33
OC,YC10,?,?,FALSE,40,60,40,60,-1,-1,-1,-1,-1,-1,-1,-1,-1,-1,-1,-1,-1,-1,-1,-1,-1,-1,-1,-1,-1,1,3,M,5977,DISTID1,34
OC,YC10,?,?,FALSE,40,60,40,60,-1,-1,-1,-1,-1,-1,-1,-1,-1,-1,-1,-1,-1,-1,-1,-1,-1,-1,-1,-1,-1,1,3,M,5977,DISTID1,35
OC,YC10,?,?,FALSE,40,60,40,60,-1,-1,-1,-1,-1,-1,-1,-1,-1,-1,-1,-1,-1,-1,-1,-1,-1,-1,-1,-1,-1,1,3,M,6778,DISTID1,36
OC,YC10,?,?,FALSE,40,60,40,60,-1,-1,-1,-1,-1,-1,-1,-1,-1,-1,-1,-1,-1,-1,-1,-1,-1,-1,-1,-1,-1,1,3,M,9006,DISTID1,37
OC,YC10,?,?,FALSE,40,60,40,60,-1,-1,-1,-1,-1,-1,-1,-1,-1,-1,-1,-1,-1,-1,-1,-1,-1,-1,-1,-1,-1,1,3,M,8342,DISTID1,38
OC,YC10,?,?,FALSE,40,60,40,60,-1,-1,-1,-1,-1,-1,-1,-1,-1,-1,-1,-1,-1,-1,-1,-1,-1,-1,-1,-1,-1,1,3,M,9192,DISTID1,39
OC,YC10,?,?,FALSE,40,60,40,60,-1,-1,-1,-1,-1,-1,-1,-1,-1,-1,-1,-1,-1,-1,-1,-1,-1,-1,-1,-1,-1,1,3,M,8498,DISTID1,40
OC,YC10,?,?,FALSE,40,60,40,60,-1,-1,-1,-1,-1,-1,-1,-1,-1,-1,-1,-1,-1,-1,-1,-1,-1,-1,-1,-1,-1,1,3,M,8413,DISTID1,41
OC,YC10,?,?,FALSE,40,60,40,60,-1,-1,-1,-1,-1,-1,-1,-1,-1,-1,-1,-1,-1,-1,-1,-1,-1,-1,-1,-1,-1,1,3,M,8751,DISTID1,42
OC,YC10,?,?,FALSE,40,60,40,60,-1,-1,-1,-1,-1,-1,-1,-1,-1,-1,-1,-1,-1,-1,-1,-1,-1,-1,-1,-1,-1,1,3,M,8920,DISTID1,43
OC,YC10,?,?,FALSE,40,60,40,60,-1,-1,-1,-1,-1,-1,-1,-1,-1,-1,-1,-1,-1,-1,-1,-1,-1,-1,-1,-1,-1,1,3,M,8311,DISTID1,44
OC,YC10,?,?,FALSE,40,60,40,60,-1,-1,-1,-1,-1,-1,-1,-1,-1,-1,-1,-1,-1,-1,-1,-1,-1,-1,-1,-1,-1,1,3,M,9612,DISTID1,45
OC,YC10,?,?,FALSE,40,60,40,60,-1,-1,-1,-1,-1,-1,-1,-1,-1,-1,-1,-1,-1,-1,-1,-1,-1,-1,-1,-1,-1,1,3,M,8656,DISTID1,46
OC,YC10,?,?,FALSE,40,60,40,60,-1,-1,-1,-1,-1,-1,-1,-1,-1,-1,-1,-1,-1,-1,-1,-1,-1,-1,-1,-1,-1,1,3,M,9184,DISTID1,47
OC,YC10,?,?,FALSE,40,60,40,60,-1,-1,-1,-1,-1,-1,-1,-1,-1,-1,-1,-1,-1,-1,-1,-1,-1,-1,-1,-1,-1,1,3,M,12436,DISTID1,48
OC,YC10,?,?,FALSE,40,60,40,60,-1,-1,-1,-1,-1,-1,-1,-1,-1,-1,-1,-1,-1,-1,-1,-1,-1,-1,-1,-1,-1,1,3,M,14288,DISTID1,49
OC,YC10,?,?,FALSE,40,60,40,60,-1,-1,-1,-1,-1,-1,-1,-1,-1,-1,-1,-1,-1,-1,-1,-1,-1,-1,-1,-1,-1,1,3,M,12554,DISTID1,50
OC,YC10,?,?,FALSE,40,60,40,60,-1,-1,-1,-1,-1,-1,-1,-1,-1,-1,-1,-1,-1,-1,-1,-1,-1,-1,-1,-1,-1,1,3,M,11908,DISTID1,51
OC,YC10,?,?,FALSE,40,60,40,60,-1,-1,-1,-1,-1,-1,-1,-1,-1,-1,-1,-1,-1,-1,-1,-1,-1,-1,-1,-1,-1,1,3,M,11630,DISTID1,52
OC,YC10,?,?,FALSE,40,60,40,60,-1,-1,-1,-1,-1,-1,-1,-1,-1,-1,-1,-1,-1,-1,-1,-1,-1,-1,-1,-1,-1,1,3,M,11976,DISTID1,53
OC,YC10,?,?,FALSE,40,60,40,60,-1,-1,-1,-1,-1,-1,-1,-1,-1,-1,-1,-1,-1,-1,-1,-1,-1,-1,-1,-1,-1,1,3,M,17657,DISTID1,54
Pine13-30,YC13_30,?,?,FALSE,30,45,30,45,-1,-1,-1,-1,-1,-1,-1,-1,-1,-1,-1,-1,-1,-1,-1,-1,-1,-1,-1,-1,-1,1,3,M,19604,DISTID1,1
Pine13-30,YC13_30,?,?,FALSE,30,45,30,45,-1,-1,-1,-1,-1,-1,-1,-1,-1,-1,-1,-1,-1,-1,-1,-1,-1,-1,-1,-1,-1,1,3,M,0,DISTID1,2
Pine13-30,YC13_30,?,?,FALSE,30,45,30,45,-1,-1,-1,-1,-1,-1,-1,-1,-1,-1,-1,-1,-1,-1,-1,-1,-1,-1,-1,-1,-1,1,3,M,63610,DISTID1,3
Pine13-30,YC13_30,?,?,FALSE,30,45,30,45,-1,-1,-1,-1,-1,-1,-1,-1,-1,-1,-1,-1,-1,-1,-1,-1,-1,-1,-1,-1,-1,1,3,M,0,DISTID1,4
Pine13-30,YC13_30,?,?,FALSE,30,45,30,45,-1,-1,-1,-1,-1,-1,-1,-1,-1,-1,-1,-1,-1,-1,-1,-1,-1,-1,-1,-1,-1,1,3,M,25942,DISTID1,5
Pine13-30,YC13_30,?,?,FALSE,30,45,30,45,-1,-1,-1,-1,-1,-1,-1,-1,-1,-1,-1,-1,-1,-1,-1,-1,-1,-1,-1,-1,-1,1,3,M,13162,DISTID1,6
Pine13-30,YC13_30,?,?,FALSE,30,45,30,45,-1,-1,-1,-1,-1,-1,-1,-1,-1,-1,-1,-1,-1,-1,-1,-1,-1,-1,-1,-1,-1,1,3,M,5008,DISTID1,7
Pine13-30,YC13_30,?,?,FALSE,30,45,30,45,-1,-1,-1,-1,-1,-1,-1,-1,-1,-1,-1,-1,-1,-1,-1,-1,-1,-1,-1,-1,-1,1,3,M,3740,DISTID1,8
Pine13-30,YC13_30,?,?,FALSE,30,45,30,45,-1,-1,-1,-1,-1,-1,-1,-1,-1,-1,-1,-1,-1,-1,-1,-1,-1,-1,-1,-1,-1,1,3,M,1483,DISTID1,9
Pine13-30,YC13_30,?,?,FALSE,30,45,30,45,-1,-1,-1,-1,-1,-1,-1,-1,-1,-1,-1,-1,-1,-1,-1,-1,-1,-1,-1,-1,-1,1,3,M,479,DISTID1,10
Pine13-30,YC13_30,?,?,FALSE,30,45,30,45,-1,-1,-1,-1,-1,-1,-1,-1,-1,-1,-1,-1,-1,-1,-1,-1,-1,-1,-1,-1,-1,1,3,M,1705,DISTID1,11
Pine13-30,YC13_30,?,?,FALSE,30,45,30,45,-1,-1,-1,-1,-1,-1,-1,-1,-1,-1,-1,-1,-1,-1,-1,-1,-1,-1,-1,-1,-1,1,3,M,71626,DISTID1,12
Pine13-30,YC13_30,?,?,FALSE,30,45,30,45,-1,-1,-1,-1,-1,-1,-1,-1,-1,-1,-1,-1,-1,-1,-1,-1,-1,-1,-1,-1,-1,1,3,M,21807,DISTID1,13
Pine13-30,YC13_30,?,?,FALSE,30,45,30,45,-1,-1,-1,-1,-1,-1,-1,-1,-1,-1,-1,-1,-1,-1,-1,-1,-1,-1,-1,-1,-1,1,3,M,13671,DISTID1,14
Pine13-30,YC13_30,?,?,FALSE,30,45,30,45,-1,-1,-1,-1,-1,-1,-1,-1,-1,-1,-1,-1,-1,-1,-1,-1,-1,-1,-1,-1,-1,1,3,M,2549,DISTID1,15
Pine13-30,YC13_30,?,?,FALSE,30,45,30,45,-1,-1,-1,-1,-1,-1,-1,-1,-1,-1,-1,-1,-1,-1,-1,-1,-1,-1,-1,-1,-1,1,3,M,3856,DISTID1,16
Pine13-30,YC13_30,?,?,FALSE,30,45,30,45,-1,-1,-1,-1,-1,-1,-1,-1,-1,-1,-1,-1,-1,-1,-1,-1,-1,-1,-1,-1,-1,1,3,M,6368,DISTID1,17
Pine13-30,YC13_30,?,?,FALSE,30,45,30,45,-1,-1,-1,-1,-1,-1,-1,-1,-1,-1,-1,-1,-1,-1,-1,-1,-1,-1,-1,-1,-1,1,3,M,13696,DISTID1,18
Pine13-30,YC13_30,?,?,FALSE,30,45,30,45,-1,-1,-1,-1,-1,-1,-1,-1,-1,-1,-1,-1,-1,-1,-1,-1,-1,-1,-1,-1,-1,1,3,M,64434,DISTID1,19
Pine13-30,YC13_30,?,?,FALSE,30,45,30,45,-1,-1,-1,-1,-1,-1,-1,-1,-1,-1,-1,-1,-1,-1,-1,-1,-1,-1,-1,-1,-1,1,3,M,24489,DISTID1,20
Pine13-30,YC13_30,?,?,FALSE,30,45,30,45,-1,-1,-1,-1,-1,-1,-1,-1,-1,-1,-1,-1,-1,-1,-1,-1,-1,-1,-1,-1,-1,1,3,M,23339,DISTID1,21
Pine13-30,YC13_30,?,?,FALSE,30,45,30,45,-1,-1,-1,-1,-1,-1,-1,-1,-1,-1,-1,-1,-1,-1,-1,-1,-1,-1,-1,-1,-1,1,3,M,29459,DISTID1,22
Pine13-30,YC13_30,?,?,FALSE,30,45,30,45,-1,-1,-1,-1,-1,-1,-1,-1,-1,-1,-1,-1,-1,-1,-1,-1,-1,-1,-1,-1,-1,1,3,M,27897,DISTID1,23
Pine13-30,YC13_30,?,?,FALSE,30,45,30,45,-1,-1,-1,-1,-1,-1,-1,-1,-1,-1,-1,-1,-1,-1,-1,-1,-1,-1,-1,-1,-1,1,3,M,27508,DISTID1,24
Pine13-30,YC13_30,?,?,FALSE,30,45,30,45,-1,-1,-1,-1,-1,-1,-1,-1,-1,-1,-1,-1,-1,-1,-1,-1,-1,-1,-1,-1,-1,1,3,M,20623,DISTID1,25
Pine13-30,YC13_30,?,?,FALSE,30,45,30,45,-1,-1,-1,-1,-1,-1,-1,-1,-1,-1,-1,-1,-1,-1,-1,-1,-1,-1,-1,-1,-1,1,3,M,27156,DISTID1,26
Pine13-30,YC13_30,?,?,FALSE,30,45,30,45,-1,-1,-1,-1,-1,-1,-1,-1,-1,-1,-1,-1,-1,-1,-1,-1,-1,-1,-1,-1,-1,1,3,M,32673,DISTID1,27
Pine13-30,YC13_30,?,?,FALSE,30,45,30,45,-1,-1,-1,-1,-1,-1,-1,-1,-1,-1,-1,-1,-1,-1,-1,-1,-1,-1,-1,-1,-1,1,3,M,34493,DISTID1,28
Pine13-30,YC13_30,?,?,FALSE,30,45,30,45,-1,-1,-1,-1,-1,-1,-1,-1,-1,-1,-1,-1,-1,-1,-1,-1,-1,-1,-1,-1,-1,1,3,M,40682,DISTID1,29
Pine13-30,YC13_30,?,?,FALSE,30,45,30,45,-1,-1,-1,-1,-1,-1,-1,-1,-1,-1,-1,-1,-1,-1,-1,-1,-1,-1,-1,-1,-1,1,3,M,46829,DISTID1,30
Pine13-30,YC13_30,?,?,FALSE,30,45,30,45,-1,-1,-1,-1,-1,-1,-1,-1,-1,-1,-1,-1,-1,-1,-1,-1,-1,-1,-1,-1,-1,1,3,M,31307,DISTID1,31
Pine13-30,YC13_30,?,?,FALSE,30,45,30,45,-1,-1,-1,-1,-1,-1,-1,-1,-1,-1,-1,-1,-1,-1,-1,-1,-1,-1,-1,-1,-1,1,3,M,33139,DISTID1,32
Pine13-30,YC13_30,?,?,FALSE,30,45,30,45,-1,-1,-1,-1,-1,-1,-1,-1,-1,-1,-1,-1,-1,-1,-1,-1,-1,-1,-1,-1,-1,1,3,M,41349,DISTID1,33
Pine13-30,YC13_30,?,?,FALSE,30,45,30,45,-1,-1,-1,-1,-1,-1,-1,-1,-1,-1,-1,-1,-1,-1,-1,-1,-1,-1,-1,-1,-1,1,3,M,42645,DISTID1,34
Pine13-30,YC13_30,?,?,FALSE,30,45,30,45,-1,-1,-1,-1,-1,-1,-1,-1,-1,-1,-1,-1,-1,-1,-1,-1,-1,-1,-1,-1,-1,1,3,M,42645,DISTID1,35
Pine13-30,YC13_30,?,?,FALSE,30,45,30,45,-1,-1,-1,-1,-1,-1,-1,-1,-1,-1,-1,-1,-1,-1,-1,-1,-1,-1,-1,-1,-1,1,3,M,48359,DISTID1,36
Pine13-30,YC13_30,?,?,FALSE,30,45,30,45,-1,-1,-1,-1,-1,-1,-1,-1,-1,-1,-1,-1,-1,-1,-1,-1,-1,-1,-1,-1,-1,1,3,M,64258,DISTID1,37
Pine13-30,YC13_30,?,?,FALSE,30,45,30,45,-1,-1,-1,-1,-1,-1,-1,-1,-1,-1,-1,-1,-1,-1,-1,-1,-1,-1,-1,-1,-1,1,3,M,59521,DISTID1,38
Pine13-30,YC13_30,?,?,FALSE,30,45,30,45,-1,-1,-1,-1,-1,-1,-1,-1,-1,-1,-1,-1,-1,-1,-1,-1,-1,-1,-1,-1,-1,1,3,M,65583,DISTID1,39
Pine13-30,YC13_30,?,?,FALSE,30,45,30,45,-1,-1,-1,-1,-1,-1,-1,-1,-1,-1,-1,-1,-1,-1,-1,-1,-1,-1,-1,-1,-1,1,3,M,60630,DISTID1,40
Pine13-30,YC13_30,?,?,FALSE,30,45,30,45,-1,-1,-1,-1,-1,-1,-1,-1,-1,-1,-1,-1,-1,-1,-1,-1,-1,-1,-1,-1,-1,1,3,M,60030,DISTID1,41
Pine13-30,YC13_30,?,?,FALSE,30,45,30,45,-1,-1,-1,-1,-1,-1,-1,-1,-1,-1,-1,-1,-1,-1,-1,-1,-1,-1,-1,-1,-1,1,3,M,62439,DISTID1,42
Pine13-30,YC13_30,?,?,FALSE,30,45,30,45,-1,-1,-1,-1,-1,-1,-1,-1,-1,-1,-1,-1,-1,-1,-1,-1,-1,-1,-1,-1,-1,1,3,M,63639,DISTID1,43
Pine13-30,YC13_30,?,?,FALSE,30,45,30,45,-1,-1,-1,-1,-1,-1,-1,-1,-1,-1,-1,-1,-1,-1,-1,-1,-1,-1,-1,-1,-1,1,3,M,59289,DISTID1,44
Pine13-30,YC13_30,?,?,FALSE,30,45,30,45,-1,-1,-1,-1,-1,-1,-1,-1,-1,-1,-1,-1,-1,-1,-1,-1,-1,-1,-1,-1,-1,1,3,M,68579,DISTID1,45
Pine13-30,YC13_30,?,?,FALSE,30,45,30,45,-1,-1,-1,-1,-1,-1,-1,-1,-1,-1,-1,-1,-1,-1,-1,-1,-1,-1,-1,-1,-1,1,3,M,61754,DISTID1,46
Pine13-30,YC13_30,?,?,FALSE,30,45,30,45,-1,-1,-1,-1,-1,-1,-1,-1,-1,-1,-1,-1,-1,-1,-1,-1,-1,-1,-1,-1,-1,1,3,M,65535,DISTID1,47
Pine13-30,YC13_30,?,?,FALSE,30,45,30,45,-1,-1,-1,-1,-1,-1,-1,-1,-1,-1,-1,-1,-1,-1,-1,-1,-1,-1,-1,-1,-1,1,3,M,88729,DISTID1,48
Pine13-30,YC13_30,?,?,FALSE,30,45,30,45,-1,-1,-1,-1,-1,-1,-1,-1,-1,-1,-1,-1,-1,-1,-1,-1,-1,-1,-1,-1,-1,1,3,M,101948,DISTID1,49
Pine13-30,YC13_30,?,?,FALSE,30,45,30,45,-1,-1,-1,-1,-1,-1,-1,-1,-1,-1,-1,-1,-1,-1,-1,-1,-1,-1,-1,-1,-1,1,3,M,89568,DISTID1,50
Pine13-30,YC13_30,?,?,FALSE,30,45,30,45,-1,-1,-1,-1,-1,-1,-1,-1,-1,-1,-1,-1,-1,-1,-1,-1,-1,-1,-1,-1,-1,1,3,M,84959,DISTID1,51
Pine13-30,YC13_30,?,?,FALSE,30,45,30,45,-1,-1,-1,-1,-1,-1,-1,-1,-1,-1,-1,-1,-1,-1,-1,-1,-1,-1,-1,-1,-1,1,3,M,82982,DISTID1,52
Pine13-30,YC13_30,?,?,FALSE,30,45,30,45,-1,-1,-1,-1,-1,-1,-1,-1,-1,-1,-1,-1,-1,-1,-1,-1,-1,-1,-1,-1,-1,1,3,M,85448,DISTID1,53
Pine13-30,YC13_30,?,?,FALSE,30,45,30,45,-1,-1,-1,-1,-1,-1,-1,-1,-1,-1,-1,-1,-1,-1,-1,-1,-1,-1,-1,-1,-1,1,3,M,125975,DISTID1,54
Pine4-12,YC4_12,?,?,FALSE,46,69,46,69,-1,-1,-1,-1,-1,-1,-1,-1,-1,-1,-1,-1,-1,-1,-1,-1,-1,-1,-1,-1,-1,1,3,M,0,DISTID1,1
Pine4-12,YC4_12,?,?,FALSE,46,69,46,69,-1,-1,-1,-1,-1,-1,-1,-1,-1,-1,-1,-1,-1,-1,-1,-1,-1,-1,-1,-1,-1,1,3,M,17464,DISTID1,2
Pine4-12,YC4_12,?,?,FALSE,46,69,46,69,-1,-1,-1,-1,-1,-1,-1,-1,-1,-1,-1,-1,-1,-1,-1,-1,-1,-1,-1,-1,-1,1,3,M,0,DISTID1,3
Pine4-12,YC4_12,?,?,FALSE,46,69,46,69,-1,-1,-1,-1,-1,-1,-1,-1,-1,-1,-1,-1,-1,-1,-1,-1,-1,-1,-1,-1,-1,1,3,M,0,DISTID1,4
Pine4-12,YC4_12,?,?,FALSE,46,69,46,69,-1,-1,-1,-1,-1,-1,-1,-1,-1,-1,-1,-1,-1,-1,-1,-1,-1,-1,-1,-1,-1,1,3,M,27907,DISTID1,5
Pine4-12,YC4_12,?,?,FALSE,46,69,46,69,-1,-1,-1,-1,-1,-1,-1,-1,-1,-1,-1,-1,-1,-1,-1,-1,-1,-1,-1,-1,-1,1,3,M,13252,DISTID1,6
Pine4-12,YC4_12,?,?,FALSE,46,69,46,69,-1,-1,-1,-1,-1,-1,-1,-1,-1,-1,-1,-1,-1,-1,-1,-1,-1,-1,-1,-1,-1,1,3,M,5031,DISTID1,7
Pine4-12,YC4_12,?,?,FALSE,46,69,46,69,-1,-1,-1,-1,-1,-1,-1,-1,-1,-1,-1,-1,-1,-1,-1,-1,-1,-1,-1,-1,-1,1,3,M,3751,DISTID1,8
Pine4-12,YC4_12,?,?,FALSE,46,69,46,69,-1,-1,-1,-1,-1,-1,-1,-1,-1,-1,-1,-1,-1,-1,-1,-1,-1,-1,-1,-1,-1,1,3,M,1485,DISTID1,9
Pine4-12,YC4_12,?,?,FALSE,46,69,46,69,-1,-1,-1,-1,-1,-1,-1,-1,-1,-1,-1,-1,-1,-1,-1,-1,-1,-1,-1,-1,-1,1,3,M,479,DISTID1,10
Pine4-12,YC4_12,?,?,FALSE,46,69,46,69,-1,-1,-1,-1,-1,-1,-1,-1,-1,-1,-1,-1,-1,-1,-1,-1,-1,-1,-1,-1,-1,1,3,M,1705,DISTID1,11
Pine4-12,YC4_12,?,?,FALSE,46,69,46,69,-1,-1,-1,-1,-1,-1,-1,-1,-1,-1,-1,-1,-1,-1,-1,-1,-1,-1,-1,-1,-1,1,3,M,71578,DISTID1,12
Pine4-12,YC4_12,?,?,FALSE,46,69,46,69,-1,-1,-1,-1,-1,-1,-1,-1,-1,-1,-1,-1,-1,-1,-1,-1,-1,-1,-1,-1,-1,1,3,M,21782,DISTID1,13
Pine4-12,YC4_12,?,?,FALSE,46,69,46,69,-1,-1,-1,-1,-1,-1,-1,-1,-1,-1,-1,-1,-1,-1,-1,-1,-1,-1,-1,-1,-1,1,3,M,13649,DISTID1,14
Pine4-12,YC4_12,?,?,FALSE,46,69,46,69,-1,-1,-1,-1,-1,-1,-1,-1,-1,-1,-1,-1,-1,-1,-1,-1,-1,-1,-1,-1,-1,1,3,M,2544,DISTID1,15
Pine4-12,YC4_12,?,?,FALSE,46,69,46,69,-1,-1,-1,-1,-1,-1,-1,-1,-1,-1,-1,-1,-1,-1,-1,-1,-1,-1,-1,-1,-1,1,3,M,3847,DISTID1,16
Pine4-12,YC4_12,?,?,FALSE,46,69,46,69,-1,-1,-1,-1,-1,-1,-1,-1,-1,-1,-1,-1,-1,-1,-1,-1,-1,-1,-1,-1,-1,1,3,M,6354,DISTID1,17
Pine4-12,YC4_12,?,?,FALSE,46,69,46,69,-1,-1,-1,-1,-1,-1,-1,-1,-1,-1,-1,-1,-1,-1,-1,-1,-1,-1,-1,-1,-1,1,3,M,13664,DISTID1,18
Pine4-12,YC4_12,?,?,FALSE,46,69,46,69,-1,-1,-1,-1,-1,-1,-1,-1,-1,-1,-1,-1,-1,-1,-1,-1,-1,-1,-1,-1,-1,1,3,M,64280,DISTID1,19
Pine4-12,YC4_12,?,?,FALSE,46,69,46,69,-1,-1,-1,-1,-1,-1,-1,-1,-1,-1,-1,-1,-1,-1,-1,-1,-1,-1,-1,-1,-1,1,3,M,24428,DISTID1,20
Pine4-12,YC4_12,?,?,FALSE,46,69,46,69,-1,-1,-1,-1,-1,-1,-1,-1,-1,-1,-1,-1,-1,-1,-1,-1,-1,-1,-1,-1,-1,1,3,M,23282,DISTID1,21
Pine4-12,YC4_12,?,?,FALSE,46,69,46,69,-1,-1,-1,-1,-1,-1,-1,-1,-1,-1,-1,-1,-1,-1,-1,-1,-1,-1,-1,-1,-1,1,3,M,29391,DISTID1,22
Pine4-12,YC4_12,?,?,FALSE,46,69,46,69,-1,-1,-1,-1,-1,-1,-1,-1,-1,-1,-1,-1,-1,-1,-1,-1,-1,-1,-1,-1,-1,1,3,M,27837,DISTID1,23
Pine4-12,YC4_12,?,?,FALSE,46,69,46,69,-1,-1,-1,-1,-1,-1,-1,-1,-1,-1,-1,-1,-1,-1,-1,-1,-1,-1,-1,-1,-1,1,3,M,27453,DISTID1,24
Pine4-12,YC4_12,?,?,FALSE,46,69,46,69,-1,-1,-1,-1,-1,-1,-1,-1,-1,-1,-1,-1,-1,-1,-1,-1,-1,-1,-1,-1,-1,1,3,M,20586,DISTID1,25
Pine4-12,YC4_12,?,?,FALSE,46,69,46,69,-1,-1,-1,-1,-1,-1,-1,-1,-1,-1,-1,-1,-1,-1,-1,-1,-1,-1,-1,-1,-1,1,3,M,27111,DISTID1,26
Pine4-12,YC4_12,?,?,FALSE,46,69,46,69,-1,-1,-1,-1,-1,-1,-1,-1,-1,-1,-1,-1,-1,-1,-1,-1,-1,-1,-1,-1,-1,1,3,M,32626,DISTID1,27
Pine4-12,YC4_12,?,?,FALSE,46,69,46,69,-1,-1,-1,-1,-1,-1,-1,-1,-1,-1,-1,-1,-1,-1,-1,-1,-1,-1,-1,-1,-1,1,3,M,34448,DISTID1,28
Pine4-12,YC4_12,?,?,FALSE,46,69,46,69,-1,-1,-1,-1,-1,-1,-1,-1,-1,-1,-1,-1,-1,-1,-1,-1,-1,-1,-1,-1,-1,1,3,M,40638,DISTID1,29
Pine4-12,YC4_12,?,?,FALSE,46,69,46,69,-1,-1,-1,-1,-1,-1,-1,-1,-1,-1,-1,-1,-1,-1,-1,-1,-1,-1,-1,-1,-1,1,3,M,46784,DISTID1,30
Pine4-12,YC4_12,?,?,FALSE,46,69,46,69,-1,-1,-1,-1,-1,-1,-1,-1,-1,-1,-1,-1,-1,-1,-1,-1,-1,-1,-1,-1,-1,1,3,M,31304,DISTID1,31
Pine4-12,YC4_12,?,?,FALSE,46,69,46,69,-1,-1,-1,-1,-1,-1,-1,-1,-1,-1,-1,-1,-1,-1,-1,-1,-1,-1,-1,-1,-1,1,3,M,33128,DISTID1,32
Pine4-12,YC4_12,?,?,FALSE,46,69,46,69,-1,-1,-1,-1,-1,-1,-1,-1,-1,-1,-1,-1,-1,-1,-1,-1,-1,-1,-1,-1,-1,1,3,M,41362,DISTID1,33
Pine4-12,YC4_12,?,?,FALSE,46,69,46,69,-1,-1,-1,-1,-1,-1,-1,-1,-1,-1,-1,-1,-1,-1,-1,-1,-1,-1,-1,-1,-1,1,3,M,42646,DISTID1,34
Pine4-12,YC4_12,?,?,FALSE,46,69,46,69,-1,-1,-1,-1,-1,-1,-1,-1,-1,-1,-1,-1,-1,-1,-1,-1,-1,-1,-1,-1,-1,1,3,M,42646,DISTID1,35
Pine4-12,YC4_12,?,?,FALSE,46,69,46,69,-1,-1,-1,-1,-1,-1,-1,-1,-1,-1,-1,-1,-1,-1,-1,-1,-1,-1,-1,-1,-1,1,3,M,48360,DISTID1,36
Pine4-12,YC4_12,?,?,FALSE,46,69,46,69,-1,-1,-1,-1,-1,-1,-1,-1,-1,-1,-1,-1,-1,-1,-1,-1,-1,-1,-1,-1,-1,1,3,M,64259,DISTID1,37
Pine4-12,YC4_12,?,?,FALSE,46,69,46,69,-1,-1,-1,-1,-1,-1,-1,-1,-1,-1,-1,-1,-1,-1,-1,-1,-1,-1,-1,-1,-1,1,3,M,39163,DISTID1,38
Pine4-12,YC4_12,?,?,FALSE,46,69,46,69,-1,-1,-1,-1,-1,-1,-1,-1,-1,-1,-1,-1,-1,-1,-1,-1,-1,-1,-1,-1,-1,1,3,M,24859,DISTID1,39
Pine4-12,YC4_12,?,?,FALSE,46,69,46,69,-1,-1,-1,-1,-1,-1,-1,-1,-1,-1,-1,-1,-1,-1,-1,-1,-1,-1,-1,-1,-1,1,3,M,24459,DISTID1,40
Pine4-12,YC4_12,?,?,FALSE,46,69,46,69,-1,-1,-1,-1,-1,-1,-1,-1,-1,-1,-1,-1,-1,-1,-1,-1,-1,-1,-1,-1,-1,1,3,M,23791,DISTID1,41
Pine4-12,YC4_12,?,?,FALSE,46,69,46,69,-1,-1,-1,-1,-1,-1,-1,-1,-1,-1,-1,-1,-1,-1,-1,-1,-1,-1,-1,-1,-1,1,3,M,44004,DISTID1,42
Pine4-12,YC4_12,?,?,FALSE,46,69,46,69,-1,-1,-1,-1,-1,-1,-1,-1,-1,-1,-1,-1,-1,-1,-1,-1,-1,-1,-1,-1,-1,1,3,M,45038,DISTID1,43
Pine4-12,YC4_12,?,?,FALSE,46,69,46,69,-1,-1,-1,-1,-1,-1,-1,-1,-1,-1,-1,-1,-1,-1,-1,-1,-1,-1,-1,-1,-1,1,3,M,43889,DISTID1,44
Pine4-12,YC4_12,?,?,FALSE,46,69,46,69,-1,-1,-1,-1,-1,-1,-1,-1,-1,-1,-1,-1,-1,-1,-1,-1,-1,-1,-1,-1,-1,1,3,M,41305,DISTID1,45
Pine4-12,YC4_12,?,?,FALSE,46,69,46,69,-1,-1,-1,-1,-1,-1,-1,-1,-1,-1,-1,-1,-1,-1,-1,-1,-1,-1,-1,-1,-1,1,3,M,43607,DISTID1,46
Pine4-12,YC4_12,?,?,FALSE,46,69,46,69,-1,-1,-1,-1,-1,-1,-1,-1,-1,-1,-1,-1,-1,-1,-1,-1,-1,-1,-1,-1,-1,1,3,M,51819,DISTID1,47
Pine4-12,YC4_12,?,?,FALSE,46,69,46,69,-1,-1,-1,-1,-1,-1,-1,-1,-1,-1,-1,-1,-1,-1,-1,-1,-1,-1,-1,-1,-1,1,3,M,26940,DISTID1,48
Pine4-12,YC4_12,?,?,FALSE,46,69,46,69,-1,-1,-1,-1,-1,-1,-1,-1,-1,-1,-1,-1,-1,-1,-1,-1,-1,-1,-1,-1,-1,1,3,M,0,DISTID1,49
Pine4-12,YC4_12,?,?,FALSE,46,69,46,69,-1,-1,-1,-1,-1,-1,-1,-1,-1,-1,-1,-1,-1,-1,-1,-1,-1,-1,-1,-1,-1,1,3,M,0,DISTID1,50
Pine4-12,YC4_12,?,?,FALSE,46,69,46,69,-1,-1,-1,-1,-1,-1,-1,-1,-1,-1,-1,-1,-1,-1,-1,-1,-1,-1,-1,-1,-1,1,3,M,39397,DISTID1,51
Pine4-12,YC4_12,?,?,FALSE,46,69,46,69,-1,-1,-1,-1,-1,-1,-1,-1,-1,-1,-1,-1,-1,-1,-1,-1,-1,-1,-1,-1,-1,1,3,M,19247,DISTID1,52
Pine4-12,YC4_12,?,?,FALSE,46,69,46,69,-1,-1,-1,-1,-1,-1,-1,-1,-1,-1,-1,-1,-1,-1,-1,-1,-1,-1,-1,-1,-1,1,3,M,7475,DISTID1,53
Pine4-12,YC4_12,?,?,FALSE,46,69,46,69,-1,-1,-1,-1,-1,-1,-1,-1,-1,-1,-1,-1,-1,-1,-1,-1,-1,-1,-1,-1,-1,1,3,M,6590,DISTID1,54
SGB,YC6,?,?,FALSE,65,98,65,98,-1,-1,-1,-1,-1,-1,-1,-1,-1,-1,-1,-1,-1,-1,-1,-1,-1,-1,-1,-1,-1,1,12,M,28093,DISTID1,5
SGB,YC6,?,?,FALSE,65,98,65,98,-1,-1,-1,-1,-1,-1,-1,-1,-1,-1,-1,-1,-1,-1,-1,-1,-1,-1,-1,-1,-1,1,12,M,10822,DISTID1,6
SGB,YC6,?,?,FALSE,65,98,65,98,-1,-1,-1,-1,-1,-1,-1,-1,-1,-1,-1,-1,-1,-1,-1,-1,-1,-1,-1,-1,-1,1,12,M,3655,DISTID1,7
SGB,YC6,?,?,FALSE,65,98,65,98,-1,-1,-1,-1,-1,-1,-1,-1,-1,-1,-1,-1,-1,-1,-1,-1,-1,-1,-1,-1,-1,1,12,M,2978,DISTID1,8
SGB,YC6,?,?,FALSE,65,98,65,98,-1,-1,-1,-1,-1,-1,-1,-1,-1,-1,-1,-1,-1,-1,-1,-1,-1,-1,-1,-1,-1,1,12,M,1050,DISTID1,9
SGB,YC6,?,?,FALSE,65,98,65,98,-1,-1,-1,-1,-1,-1,-1,-1,-1,-1,-1,-1,-1,-1,-1,-1,-1,-1,-1,-1,-1,1,12,M,306,DISTID1,10
SGB,YC6,?,?,FALSE,65,98,65,98,-1,-1,-1,-1,-1,-1,-1,-1,-1,-1,-1,-1,-1,-1,-1,-1,-1,-1,-1,-1,-1,1,12,M,1148,DISTID1,11
SGB,YC6,?,?,FALSE,65,98,65,98,-1,-1,-1,-1,-1,-1,-1,-1,-1,-1,-1,-1,-1,-1,-1,-1,-1,-1,-1,-1,-1,1,12,M,51780,DISTID1,12
SGB,YC6,?,?,FALSE,65,98,65,98,-1,-1,-1,-1,-1,-1,-1,-1,-1,-1,-1,-1,-1,-1,-1,-1,-1,-1,-1,-1,-1,1,12,M,16014,DISTID1,13
SGB,YC6,?,?,FALSE,65,98,65,98,-1,-1,-1,-1,-1,-1,-1,-1,-1,-1,-1,-1,-1,-1,-1,-1,-1,-1,-1,-1,-1,1,12,M,11383,DISTID1,14
SGB,YC6,?,?,FALSE,65,98,65,98,-1,-1,-1,-1,-1,-1,-1,-1,-1,-1,-1,-1,-1,-1,-1,-1,-1,-1,-1,-1,-1,1,12,M,1992,DISTID1,15
SGB,YC6,?,?,FALSE,65,98,65,98,-1,-1,-1,-1,-1,-1,-1,-1,-1,-1,-1,-1,-1,-1,-1,-1,-1,-1,-1,-1,-1,1,12,M,2581,DISTID1,16
SGB,YC6,?,?,FALSE,65,98,65,98,-1,-1,-1,-1,-1,-1,-1,-1,-1,-1,-1,-1,-1,-1,-1,-1,-1,-1,-1,-1,-1,1,12,M,5367,DISTID1,17
SGB,YC6,?,?,FALSE,65,98,65,98,-1,-1,-1,-1,-1,-1,-1,-1,-1,-1,-1,-1,-1,-1,-1,-1,-1,-1,-1,-1,-1,1,12,M,14844,DISTID1,18
SGB,YC6,?,?,FALSE,65,98,65,98,-1,-1,-1,-1,-1,-1,-1,-1,-1,-1,-1,-1,-1,-1,-1,-1,-1,-1,-1,-1,-1,1,12,M,67409,DISTID1,19
SGB,YC6,?,?,FALSE,65,98,65,98,-1,-1,-1,-1,-1,-1,-1,-1,-1,-1,-1,-1,-1,-1,-1,-1,-1,-1,-1,-1,-1,1,12,M,17458,DISTID1,20
SGB,YC6,?,?,FALSE,65,98,65,98,-1,-1,-1,-1,-1,-1,-1,-1,-1,-1,-1,-1,-1,-1,-1,-1,-1,-1,-1,-1,-1,1,12,M,19663,DISTID1,21
SGB,YC6,?,?,FALSE,65,98,65,98,-1,-1,-1,-1,-1,-1,-1,-1,-1,-1,-1,-1,-1,-1,-1,-1,-1,-1,-1,-1,-1,1,12,M,24036,DISTID1,22
SGB,YC6,?,?,FALSE,65,98,65,98,-1,-1,-1,-1,-1,-1,-1,-1,-1,-1,-1,-1,-1,-1,-1,-1,-1,-1,-1,-1,-1,1,12,M,29490,DISTID1,23
SGB,YC6,?,?,FALSE,65,98,65,98,-1,-1,-1,-1,-1,-1,-1,-1,-1,-1,-1,-1,-1,-1,-1,-1,-1,-1,-1,-1,-1,1,12,M,21427,DISTID1,24
SGB,YC6,?,?,FALSE,65,98,65,98,-1,-1,-1,-1,-1,-1,-1,-1,-1,-1,-1,-1,-1,-1,-1,-1,-1,-1,-1,-1,-1,1,12,M,24746,DISTID1,25
SGB,YC6,?,?,FALSE,65,98,65,98,-1,-1,-1,-1,-1,-1,-1,-1,-1,-1,-1,-1,-1,-1,-1,-1,-1,-1,-1,-1,-1,1,12,M,21311,DISTID1,26
SGB,YC6,?,?,FALSE,65,98,65,98,-1,-1,-1,-1,-1,-1,-1,-1,-1,-1,-1,-1,-1,-1,-1,-1,-1,-1,-1,-1,-1,1,12,M,24601,DISTID1,27
SGB,YC6,?,?,FALSE,65,98,65,98,-1,-1,-1,-1,-1,-1,-1,-1,-1,-1,-1,-1,-1,-1,-1,-1,-1,-1,-1,-1,-1,1,12,M,35762,DISTID1,28
SGB,YC6,?,?,FALSE,65,98,65,98,-1,-1,-1,-1,-1,-1,-1,-1,-1,-1,-1,-1,-1,-1,-1,-1,-1,-1,-1,-1,-1,1,12,M,41493,DISTID1,29
SGB,YC6,?,?,FALSE,65,98,65,98,-1,-1,-1,-1,-1,-1,-1,-1,-1,-1,-1,-1,-1,-1,-1,-1,-1,-1,-1,-1,-1,1,12,M,52973,DISTID1,30
SGB,YC6,?,?,FALSE,65,98,65,98,-1,-1,-1,-1,-1,-1,-1,-1,-1,-1,-1,-1,-1,-1,-1,-1,-1,-1,-1,-1,-1,1,12,M,24409,DISTID1,31
SGB,YC6,?,?,FALSE,65,98,65,98,-1,-1,-1,-1,-1,-1,-1,-1,-1,-1,-1,-1,-1,-1,-1,-1,-1,-1,-1,-1,-1,1,12,M,27561,DISTID1,32
SGB,YC6,?,?,FALSE,65,98,65,98,-1,-1,-1,-1,-1,-1,-1,-1,-1,-1,-1,-1,-1,-1,-1,-1,-1,-1,-1,-1,-1,1,12,M,43014,DISTID1,33
SGB,YC6,?,?,FALSE,65,98,65,98,-1,-1,-1,-1,-1,-1,-1,-1,-1,-1,-1,-1,-1,-1,-1,-1,-1,-1,-1,-1,-1,1,12,M,48540,DISTID1,34
SGB,YC6,?,?,FALSE,65,98,65,98,-1,-1,-1,-1,-1,-1,-1,-1,-1,-1,-1,-1,-1,-1,-1,-1,-1,-1,-1,-1,-1,1,12,M,25856,DISTID1,35
SGB,YC6,?,?,FALSE,65,98,65,98,-1,-1,-1,-1,-1,-1,-1,-1,-1,-1,-1,-1,-1,-1,-1,-1,-1,-1,-1,-1,-1,1,12,M,21504,DISTID1,36
SGB,YC6,?,?,FALSE,65,98,65,98,-1,-1,-1,-1,-1,-1,-1,-1,-1,-1,-1,-1,-1,-1,-1,-1,-1,-1,-1,-1,-1,1,12,M,23613,DISTID1,37
SGB,YC6,?,?,FALSE,65,98,65,98,-1,-1,-1,-1,-1,-1,-1,-1,-1,-1,-1,-1,-1,-1,-1,-1,-1,-1,-1,-1,-1,1,12,M,24757,DISTID1,38
SGB,YC6,?,?,FALSE,65,98,65,98,-1,-1,-1,-1,-1,-1,-1,-1,-1,-1,-1,-1,-1,-1,-1,-1,-1,-1,-1,-1,-1,1,12,M,26262,DISTID1,39
SGB,YC6,?,?,FALSE,65,98,65,98,-1,-1,-1,-1,-1,-1,-1,-1,-1,-1,-1,-1,-1,-1,-1,-1,-1,-1,-1,-1,-1,1,12,M,27128,DISTID1,40
SGB,YC6,?,?,FALSE,65,98,65,98,-1,-1,-1,-1,-1,-1,-1,-1,-1,-1,-1,-1,-1,-1,-1,-1,-1,-1,-1,-1,-1,1,12,M,20801,DISTID1,41
SGB,YC6,?,?,FALSE,65,98,65,98,-1,-1,-1,-1,-1,-1,-1,-1,-1,-1,-1,-1,-1,-1,-1,-1,-1,-1,-1,-1,-1,1,12,M,19564,DISTID1,42
SGB,YC6,?,?,FALSE,65,98,65,98,-1,-1,-1,-1,-1,-1,-1,-1,-1,-1,-1,-1,-1,-1,-1,-1,-1,-1,-1,-1,-1,1,12,M,17704,DISTID1,43
SGB,YC6,?,?,FALSE,65,98,65,98,-1,-1,-1,-1,-1,-1,-1,-1,-1,-1,-1,-1,-1,-1,-1,-1,-1,-1,-1,-1,-1,1,12,M,18247,DISTID1,44
SGB,YC6,?,?,FALSE,65,98,65,98,-1,-1,-1,-1,-1,-1,-1,-1,-1,-1,-1,-1,-1,-1,-1,-1,-1,-1,-1,-1,-1,1,12,M,19893,DISTID1,45
SGB,YC6,?,?,FALSE,65,98,65,98,-1,-1,-1,-1,-1,-1,-1,-1,-1,-1,-1,-1,-1,-1,-1,-1,-1,-1,-1,-1,-1,1,12,M,23366,DISTID1,46
SGB,YC6,?,?,FALSE,65,98,65,98,-1,-1,-1,-1,-1,-1,-1,-1,-1,-1,-1,-1,-1,-1,-1,-1,-1,-1,-1,-1,-1,1,12,M,27058,DISTID1,47
SGB,YC6,?,?,FALSE,65,98,65,98,-1,-1,-1,-1,-1,-1,-1,-1,-1,-1,-1,-1,-1,-1,-1,-1,-1,-1,-1,-1,-1,1,12,M,25835,DISTID1,48
SGB,YC6,?,?,FALSE,65,98,65,98,-1,-1,-1,-1,-1,-1,-1,-1,-1,-1,-1,-1,-1,-1,-1,-1,-1,-1,-1,-1,-1,1,12,M,19755,DISTID1,49
SGB,YC6,?,?,FALSE,65,98,65,98,-1,-1,-1,-1,-1,-1,-1,-1,-1,-1,-1,-1,-1,-1,-1,-1,-1,-1,-1,-1,-1,1,12,M,18019,DISTID1,50
SGB,YC6,?,?,FALSE,65,98,65,98,-1,-1,-1,-1,-1,-1,-1,-1,-1,-1,-1,-1,-1,-1,-1,-1,-1,-1,-1,-1,-1,1,12,M,20160,DISTID1,51
SGB,YC6,?,?,FALSE,65,98,65,98,-1,-1,-1,-1,-1,-1,-1,-1,-1,-1,-1,-1,-1,-1,-1,-1,-1,-1,-1,-1,-1,1,12,M,23297,DISTID1,52
SGB,YC6,?,?,FALSE,65,98,65,98,-1,-1,-1,-1,-1,-1,-1,-1,-1,-1,-1,-1,-1,-1,-1,-1,-1,-1,-1,-1,-1,1,12,M,23418,DISTID1,53
SGB,YC6,?,?,FALSE,65,98,65,98,-1,-1,-1,-1,-1,-1,-1,-1,-1,-1,-1,-1,-1,-1,-1,-1,-1,-1,-1,-1,-1,1,12,M,24042,DISTID1,54
SNFGB-mineral,YC6,?,?,FALSE,40,60,40,60,-1,-1,-1,-1,-1,-1,-1,-1,-1,-1,-1,-1,-1,-1,-1,-1,-1,-1,-1,-1,-1,1,12,M,0,DISTID1,1
SNFGB-mineral,YC6,?,?,FALSE,40,60,40,60,-1,-1,-1,-1,-1,-1,-1,-1,-1,-1,-1,-1,-1,-1,-1,-1,-1,-1,-1,-1,-1,1,12,M,0,DISTID1,2
SNFGB-mineral,YC6,?,?,FALSE,40,60,40,60,-1,-1,-1,-1,-1,-1,-1,-1,-1,-1,-1,-1,-1,-1,-1,-1,-1,-1,-1,-1,-1,1,12,M,0,DISTID1,3
SNFGB-mineral,YC6,?,?,FALSE,40,60,40,60,-1,-1,-1,-1,-1,-1,-1,-1,-1,-1,-1,-1,-1,-1,-1,-1,-1,-1,-1,-1,-1,1,12,M,0,DISTID1,4
SNFGB-mineral,YC6,?,?,FALSE,40,60,40,60,-1,-1,-1,-1,-1,-1,-1,-1,-1,-1,-1,-1,-1,-1,-1,-1,-1,-1,-1,-1,-1,1,12,M,3977,DISTID1,5
SNFGB-mineral,YC6,?,?,FALSE,40,60,40,60,-1,-1,-1,-1,-1,-1,-1,-1,-1,-1,-1,-1,-1,-1,-1,-1,-1,-1,-1,-1,-1,1,12,M,12898,DISTID1,6
SNFGB-mineral,YC6,?,?,FALSE,40,60,40,60,-1,-1,-1,-1,-1,-1,-1,-1,-1,-1,-1,-1,-1,-1,-1,-1,-1,-1,-1,-1,-1,1,12,M,24683,DISTID1,7
SNFGB-mineral,YC6,?,?,FALSE,40,60,40,60,-1,-1,-1,-1,-1,-1,-1,-1,-1,-1,-1,-1,-1,-1,-1,-1,-1,-1,-1,-1,-1,1,12,M,38803,DISTID1,8
SNFGB-mineral,YC6,?,?,FALSE,40,60,40,60,-1,-1,-1,-1,-1,-1,-1,-1,-1,-1,-1,-1,-1,-1,-1,-1,-1,-1,-1,-1,-1,1,12,M,13933,DISTID1,9
SNFGB-mineral,YC6,?,?,FALSE,40,60,40,60,-1,-1,-1,-1,-1,-1,-1,-1,-1,-1,-1,-1,-1,-1,-1,-1,-1,-1,-1,-1,-1,1,12,M,4405,DISTID1,10
SNFGB-mineral,YC6,?,?,FALSE,40,60,40,60,-1,-1,-1,-1,-1,-1,-1,-1,-1,-1,-1,-1,-1,-1,-1,-1,-1,-1,-1,-1,-1,1,12,M,7073,DISTID1,11
SNFGB-mineral,YC6,?,?,FALSE,40,60,40,60,-1,-1,-1,-1,-1,-1,-1,-1,-1,-1,-1,-1,-1,-1,-1,-1,-1,-1,-1,-1,-1,1,12,M,6853,DISTID1,12
SNFGB-mineral,YC6,?,?,FALSE,40,60,40,60,-1,-1,-1,-1,-1,-1,-1,-1,-1,-1,-1,-1,-1,-1,-1,-1,-1,-1,-1,-1,-1,1,12,M,8915,DISTID1,13
SNFGB-mineral,YC6,?,?,FALSE,40,60,40,60,-1,-1,-1,-1,-1,-1,-1,-1,-1,-1,-1,-1,-1,-1,-1,-1,-1,-1,-1,-1,-1,1,12,M,20686,DISTID1,14
SNFGB-mineral,YC6,?,?,FALSE,40,60,40,60,-1,-1,-1,-1,-1,-1,-1,-1,-1,-1,-1,-1,-1,-1,-1,-1,-1,-1,-1,-1,-1,1,12,M,5261,DISTID1,15
SNFGB-mineral,YC6,?,?,FALSE,40,60,40,60,-1,-1,-1,-1,-1,-1,-1,-1,-1,-1,-1,-1,-1,-1,-1,-1,-1,-1,-1,-1,-1,1,12,M,7179,DISTID1,16
SNFGB-mineral,YC6,?,?,FALSE,40,60,40,60,-1,-1,-1,-1,-1,-1,-1,-1,-1,-1,-1,-1,-1,-1,-1,-1,-1,-1,-1,-1,-1,1,12,M,14637,DISTID1,17
SNFGB-mineral,YC6,?,?,FALSE,40,60,40,60,-1,-1,-1,-1,-1,-1,-1,-1,-1,-1,-1,-1,-1,-1,-1,-1,-1,-1,-1,-1,-1,1,12,M,25650,DISTID1,18
SNFGB-mineral,YC6,?,?,FALSE,40,60,40,60,-1,-1,-1,-1,-1,-1,-1,-1,-1,-1,-1,-1,-1,-1,-1,-1,-1,-1,-1,-1,-1,1,12,M,14858,DISTID1,19
SNFGB-mineral,YC6,?,?,FALSE,40,60,40,60,-1,-1,-1,-1,-1,-1,-1,-1,-1,-1,-1,-1,-1,-1,-1,-1,-1,-1,-1,-1,-1,1,12,M,9945,DISTID1,20
SNFGB-mineral,YC6,?,?,FALSE,40,60,40,60,-1,-1,-1,-1,-1,-1,-1,-1,-1,-1,-1,-1,-1,-1,-1,-1,-1,-1,-1,-1,-1,1,12,M,11200,DISTID1,21
SNFGB-mineral,YC6,?,?,FALSE,40,60,40,60,-1,-1,-1,-1,-1,-1,-1,-1,-1,-1,-1,-1,-1,-1,-1,-1,-1,-1,-1,-1,-1,1,12,M,13689,DISTID1,22
SNFGB-mineral,YC6,?,?,FALSE,40,60,40,60,-1,-1,-1,-1,-1,-1,-1,-1,-1,-1,-1,-1,-1,-1,-1,-1,-1,-1,-1,-1,-1,1,12,M,16795,DISTID1,23
SNFGB-mineral,YC6,?,?,FALSE,40,60,40,60,-1,-1,-1,-1,-1,-1,-1,-1,-1,-1,-1,-1,-1,-1,-1,-1,-1,-1,-1,-1,-1,1,12,M,12201,DISTID1,24
SNFGB-mineral,YC6,?,?,FALSE,40,60,40,60,-1,-1,-1,-1,-1,-1,-1,-1,-1,-1,-1,-1,-1,-1,-1,-1,-1,-1,-1,-1,-1,1,12,M,14091,DISTID1,25
SNFGB-mineral,YC6,?,?,FALSE,40,60,40,60,-1,-1,-1,-1,-1,-1,-1,-1,-1,-1,-1,-1,-1,-1,-1,-1,-1,-1,-1,-1,-1,1,12,M,12134,DISTID1,26
SNFGB-mineral,YC6,?,?,FALSE,40,60,40,60,-1,-1,-1,-1,-1,-1,-1,-1,-1,-1,-1,-1,-1,-1,-1,-1,-1,-1,-1,-1,-1,1,12,M,14005,DISTID1,27
SNFGB-mineral,YC6,?,?,FALSE,40,60,40,60,-1,-1,-1,-1,-1,-1,-1,-1,-1,-1,-1,-1,-1,-1,-1,-1,-1,-1,-1,-1,-1,1,12,M,20360,DISTID1,28
SNFGB-mineral,YC6,?,?,FALSE,40,60,40,60,-1,-1,-1,-1,-1,-1,-1,-1,-1,-1,-1,-1,-1,-1,-1,-1,-1,-1,-1,-1,-1,1,12,M,23621,DISTID1,29
SNFGB-mineral,YC6,?,?,FALSE,40,60,40,60,-1,-1,-1,-1,-1,-1,-1,-1,-1,-1,-1,-1,-1,-1,-1,-1,-1,-1,-1,-1,-1,1,12,M,30154,DISTID1,30
SNFGB-mineral,YC6,?,?,FALSE,40,60,40,60,-1,-1,-1,-1,-1,-1,-1,-1,-1,-1,-1,-1,-1,-1,-1,-1,-1,-1,-1,-1,-1,1,12,M,13895,DISTID1,31
SNFGB-mineral,YC6,?,?,FALSE,40,60,40,60,-1,-1,-1,-1,-1,-1,-1,-1,-1,-1,-1,-1,-1,-1,-1,-1,-1,-1,-1,-1,-1,1,12,M,15690,DISTID1,32
SNFGB-mineral,YC6,?,?,FALSE,40,60,40,60,-1,-1,-1,-1,-1,-1,-1,-1,-1,-1,-1,-1,-1,-1,-1,-1,-1,-1,-1,-1,-1,1,12,M,24484,DISTID1,33
SNFGB-mineral,YC6,?,?,FALSE,40,60,40,60,-1,-1,-1,-1,-1,-1,-1,-1,-1,-1,-1,-1,-1,-1,-1,-1,-1,-1,-1,-1,-1,1,12,M,27632,DISTID1,34
SNFGB-mineral,YC6,?,?,FALSE,40,60,40,60,-1,-1,-1,-1,-1,-1,-1,-1,-1,-1,-1,-1,-1,-1,-1,-1,-1,-1,-1,-1,-1,1,12,M,7360,DISTID1,35
SNFGB-mineral,YC6,?,?,FALSE,40,60,40,60,-1,-1,-1,-1,-1,-1,-1,-1,-1,-1,-1,-1,-1,-1,-1,-1,-1,-1,-1,-1,-1,1,12,M,6121,DISTID1,36
SNFGB-mineral,YC6,?,?,FALSE,40,60,40,60,-1,-1,-1,-1,-1,-1,-1,-1,-1,-1,-1,-1,-1,-1,-1,-1,-1,-1,-1,-1,-1,1,12,M,5589,DISTID1,37
SNFGB-mineral,YC6,?,?,FALSE,40,60,40,60,-1,-1,-1,-1,-1,-1,-1,-1,-1,-1,-1,-1,-1,-1,-1,-1,-1,-1,-1,-1,-1,1,12,M,5639,DISTID1,38
SNFGB-mineral,YC6,?,?,FALSE,40,60,40,60,-1,-1,-1,-1,-1,-1,-1,-1,-1,-1,-1,-1,-1,-1,-1,-1,-1,-1,-1,-1,-1,1,12,M,6260,DISTID1,39
SNFGB-mineral,YC6,?,?,FALSE,40,60,40,60,-1,-1,-1,-1,-1,-1,-1,-1,-1,-1,-1,-1,-1,-1,-1,-1,-1,-1,-1,-1,-1,1,12,M,6536,DISTID1,40
SNFGB-mineral,YC6,?,?,FALSE,40,60,40,60,-1,-1,-1,-1,-1,-1,-1,-1,-1,-1,-1,-1,-1,-1,-1,-1,-1,-1,-1,-1,-1,1,12,M,5178,DISTID1,41
SNFGB-mineral,YC6,?,?,FALSE,40,60,40,60,-1,-1,-1,-1,-1,-1,-1,-1,-1,-1,-1,-1,-1,-1,-1,-1,-1,-1,-1,-1,-1,1,12,M,4867,DISTID1,42
SNFGB-mineral,YC6,?,?,FALSE,40,60,40,60,-1,-1,-1,-1,-1,-1,-1,-1,-1,-1,-1,-1,-1,-1,-1,-1,-1,-1,-1,-1,-1,1,12,M,4459,DISTID1,43
SNFGB-mineral,YC6,?,?,FALSE,40,60,40,60,-1,-1,-1,-1,-1,-1,-1,-1,-1,-1,-1,-1,-1,-1,-1,-1,-1,-1,-1,-1,-1,1,12,M,4721,DISTID1,44
SNFGB-mineral,YC6,?,?,FALSE,40,60,40,60,-1,-1,-1,-1,-1,-1,-1,-1,-1,-1,-1,-1,-1,-1,-1,-1,-1,-1,-1,-1,-1,1,12,M,4868,DISTID1,45
SNFGB-mineral,YC6,?,?,FALSE,40,60,40,60,-1,-1,-1,-1,-1,-1,-1,-1,-1,-1,-1,-1,-1,-1,-1,-1,-1,-1,-1,-1,-1,1,12,M,6015,DISTID1,46
SNFGB-mineral,YC6,?,?,FALSE,40,60,40,60,-1,-1,-1,-1,-1,-1,-1,-1,-1,-1,-1,-1,-1,-1,-1,-1,-1,-1,-1,-1,-1,1,12,M,7110,DISTID1,47
SNFGB-mineral,YC6,?,?,FALSE,40,60,40,60,-1,-1,-1,-1,-1,-1,-1,-1,-1,-1,-1,-1,-1,-1,-1,-1,-1,-1,-1,-1,-1,1,12,M,6275,DISTID1,48
SNFGB-mineral,YC6,?,?,FALSE,40,60,40,60,-1,-1,-1,-1,-1,-1,-1,-1,-1,-1,-1,-1,-1,-1,-1,-1,-1,-1,-1,-1,-1,1,12,M,4767,DISTID1,49
SNFGB-mineral,YC6,?,?,FALSE,40,60,40,60,-1,-1,-1,-1,-1,-1,-1,-1,-1,-1,-1,-1,-1,-1,-1,-1,-1,-1,-1,-1,-1,1,12,M,4588,DISTID1,50
SNFGB-mineral,YC6,?,?,FALSE,40,60,40,60,-1,-1,-1,-1,-1,-1,-1,-1,-1,-1,-1,-1,-1,-1,-1,-1,-1,-1,-1,-1,-1,1,12,M,4645,DISTID1,51
SNFGB-mineral,YC6,?,?,FALSE,40,60,40,60,-1,-1,-1,-1,-1,-1,-1,-1,-1,-1,-1,-1,-1,-1,-1,-1,-1,-1,-1,-1,-1,1,12,M,5517,DISTID1,52
SNFGB-mineral,YC6,?,?,FALSE,40,60,40,60,-1,-1,-1,-1,-1,-1,-1,-1,-1,-1,-1,-1,-1,-1,-1,-1,-1,-1,-1,-1,-1,1,12,M,5224,DISTID1,53
SNFGB-mineral,YC6,?,?,FALSE,40,60,40,60,-1,-1,-1,-1,-1,-1,-1,-1,-1,-1,-1,-1,-1,-1,-1,-1,-1,-1,-1,-1,-1,1,12,M,4899,DISTID1,54
SNFGB-peat,YC6,?,?,FALSE,40,60,40,60,-1,-1,-1,-1,-1,-1,-1,-1,-1,-1,-1,-1,-1,-1,-1,-1,-1,-1,-1,-1,-1,1,12,M,1028,DISTID1,5
SNFGB-peat,YC6,?,?,FALSE,40,60,40,60,-1,-1,-1,-1,-1,-1,-1,-1,-1,-1,-1,-1,-1,-1,-1,-1,-1,-1,-1,-1,-1,1,12,M,3431,DISTID1,6
SNFGB-peat,YC6,?,?,FALSE,40,60,40,60,-1,-1,-1,-1,-1,-1,-1,-1,-1,-1,-1,-1,-1,-1,-1,-1,-1,-1,-1,-1,-1,1,12,M,6316,DISTID1,7
SNFGB-peat,YC6,?,?,FALSE,40,60,40,60,-1,-1,-1,-1,-1,-1,-1,-1,-1,-1,-1,-1,-1,-1,-1,-1,-1,-1,-1,-1,-1,1,12,M,9485,DISTID1,8
SNFGB-peat,YC6,?,?,FALSE,40,60,40,60,-1,-1,-1,-1,-1,-1,-1,-1,-1,-1,-1,-1,-1,-1,-1,-1,-1,-1,-1,-1,-1,1,12,M,3437,DISTID1,9
SNFGB-peat,YC6,?,?,FALSE,40,60,40,60,-1,-1,-1,-1,-1,-1,-1,-1,-1,-1,-1,-1,-1,-1,-1,-1,-1,-1,-1,-1,-1,1,12,M,1115,DISTID1,10
SNFGB-peat,YC6,?,?,FALSE,40,60,40,60,-1,-1,-1,-1,-1,-1,-1,-1,-1,-1,-1,-1,-1,-1,-1,-1,-1,-1,-1,-1,-1,1,12,M,1889,DISTID1,11
SNFGB-peat,YC6,?,?,FALSE,40,60,40,60,-1,-1,-1,-1,-1,-1,-1,-1,-1,-1,-1,-1,-1,-1,-1,-1,-1,-1,-1,-1,-1,1,12,M,1908,DISTID1,12
SNFGB-peat,YC6,?,?,FALSE,40,60,40,60,-1,-1,-1,-1,-1,-1,-1,-1,-1,-1,-1,-1,-1,-1,-1,-1,-1,-1,-1,-1,-1,1,12,M,2590,DISTID1,13
SNFGB-peat,YC6,?,?,FALSE,40,60,40,60,-1,-1,-1,-1,-1,-1,-1,-1,-1,-1,-1,-1,-1,-1,-1,-1,-1,-1,-1,-1,-1,1,12,M,5981,DISTID1,14
SNFGB-peat,YC6,?,?,FALSE,40,60,40,60,-1,-1,-1,-1,-1,-1,-1,-1,-1,-1,-1,-1,-1,-1,-1,-1,-1,-1,-1,-1,-1,1,12,M,1511,DISTID1,15
SNFGB-peat,YC6,?,?,FALSE,40,60,40,60,-1,-1,-1,-1,-1,-1,-1,-1,-1,-1,-1,-1,-1,-1,-1,-1,-1,-1,-1,-1,-1,1,12,M,2043,DISTID1,16
SNFGB-peat,YC6,?,?,FALSE,40,60,40,60,-1,-1,-1,-1,-1,-1,-1,-1,-1,-1,-1,-1,-1,-1,-1,-1,-1,-1,-1,-1,-1,1,12,M,4103,DISTID1,17
SNFGB-peat,YC6,?,?,FALSE,40,60,40,60,-1,-1,-1,-1,-1,-1,-1,-1,-1,-1,-1,-1,-1,-1,-1,-1,-1,-1,-1,-1,-1,1,12,M,7115,DISTID1,18
SNFGB-peat,YC6,?,?,FALSE,40,60,40,60,-1,-1,-1,-1,-1,-1,-1,-1,-1,-1,-1,-1,-1,-1,-1,-1,-1,-1,-1,-1,-1,1,12,M,4285,DISTID1,19
SNFGB-peat,YC6,?,?,FALSE,40,60,40,60,-1,-1,-1,-1,-1,-1,-1,-1,-1,-1,-1,-1,-1,-1,-1,-1,-1,-1,-1,-1,-1,1,12,M,2778,DISTID1,20
SNFGB-peat,YC6,?,?,FALSE,40,60,40,60,-1,-1,-1,-1,-1,-1,-1,-1,-1,-1,-1,-1,-1,-1,-1,-1,-1,-1,-1,-1,-1,1,12,M,3129,DISTID1,21
SNFGB-peat,YC6,?,?,FALSE,40,60,40,60,-1,-1,-1,-1,-1,-1,-1,-1,-1,-1,-1,-1,-1,-1,-1,-1,-1,-1,-1,-1,-1,1,12,M,3826,DISTID1,22
SNFGB-peat,YC6,?,?,FALSE,40,60,40,60,-1,-1,-1,-1,-1,-1,-1,-1,-1,-1,-1,-1,-1,-1,-1,-1,-1,-1,-1,-1,-1,1,12,M,4693,DISTID1,23
SNFGB-peat,YC6,?,?,FALSE,40,60,40,60,-1,-1,-1,-1,-1,-1,-1,-1,-1,-1,-1,-1,-1,-1,-1,-1,-1,-1,-1,-1,-1,1,12,M,3409,DISTID1,24
SNFGB-peat,YC6,?,?,FALSE,40,60,40,60,-1,-1,-1,-1,-1,-1,-1,-1,-1,-1,-1,-1,-1,-1,-1,-1,-1,-1,-1,-1,-1,1,12,M,3938,DISTID1,25
SNFGB-peat,YC6,?,?,FALSE,40,60,40,60,-1,-1,-1,-1,-1,-1,-1,-1,-1,-1,-1,-1,-1,-1,-1,-1,-1,-1,-1,-1,-1,1,12,M,3391,DISTID1,26
SNFGB-peat,YC6,?,?,FALSE,40,60,40,60,-1,-1,-1,-1,-1,-1,-1,-1,-1,-1,-1,-1,-1,-1,-1,-1,-1,-1,-1,-1,-1,1,12,M,3915,DISTID1,27
SNFGB-peat,YC6,?,?,FALSE,40,60,40,60,-1,-1,-1,-1,-1,-1,-1,-1,-1,-1,-1,-1,-1,-1,-1,-1,-1,-1,-1,-1,-1,1,12,M,5690,DISTID1,28
Spruce17-20-nothin,YC17_20,?,?,FALSE,34,51,34,51,-1,-1,-1,-1,-1,-1,-1,-1,-1,-1,-1,-1,-1,-1,-1,-1,-1,-1,-1,-1,-1,1,3,M,63615,DISTID1,46
Spruce17-20-nothin,YC17_20,?,?,FALSE,34,51,34,51,-1,-1,-1,-1,-1,-1,-1,-1,-1,-1,-1,-1,-1,-1,-1,-1,-1,-1,-1,-1,-1,1,3,M,72813,DISTID1,47
Spruce17-20-nothin,YC17_20,?,?,FALSE,34,51,34,51,-1,-1,-1,-1,-1,-1,-1,-1,-1,-1,-1,-1,-1,-1,-1,-1,-1,-1,-1,-1,-1,1,3,M,56756,DISTID1,48
Spruce17-20-nothin,YC17_20,?,?,FALSE,34,51,34,51,-1,-1,-1,-1,-1,-1,-1,-1,-1,-1,-1,-1,-1,-1,-1,-1,-1,-1,-1,-1,-1,1,3,M,35666,DISTID1,49
Spruce17-20-nothin,YC17_20,?,?,FALSE,34,51,34,51,-1,-1,-1,-1,-1,-1,-1,-1,-1,-1,-1,-1,-1,-1,-1,-1,-1,-1,-1,-1,-1,1,3,M,35176,DISTID1,50
Spruce17-20-nothin,YC17_20,?,?,FALSE,34,51,34,51,-1,-1,-1,-1,-1,-1,-1,-1,-1,-1,-1,-1,-1,-1,-1,-1,-1,-1,-1,-1,-1,1,3,M,26294,DISTID1,51
Spruce17-20-nothin,YC17_20,?,?,FALSE,34,51,34,51,-1,-1,-1,-1,-1,-1,-1,-1,-1,-1,-1,-1,-1,-1,-1,-1,-1,-1,-1,-1,-1,1,3,M,29773,DISTID1,52
Spruce17-20-nothin,YC17_20,?,?,FALSE,34,51,34,51,-1,-1,-1,-1,-1,-1,-1,-1,-1,-1,-1,-1,-1,-1,-1,-1,-1,-1,-1,-1,-1,1,3,M,33574,DISTID1,53
Spruce17-20-nothin,YC17_20,?,?,FALSE,34,51,34,51,-1,-1,-1,-1,-1,-1,-1,-1,-1,-1,-1,-1,-1,-1,-1,-1,-1,-1,-1,-1,-1,1,3,M,38236,DISTID1,54
Spruce17-20-thin,YC17_20,?,?,FALSE,34,51,34,51,-1,-1,-1,-1,-1,-1,-1,-1,-1,-1,-1,-1,-1,-1,-1,-1,-1,-1,-1,-1,-1,1,3,M,98458,DISTID1,1
Spruce17-20-thin,YC17_20,?,?,FALSE,34,51,34,51,-1,-1,-1,-1,-1,-1,-1,-1,-1,-1,-1,-1,-1,-1,-1,-1,-1,-1,-1,-1,-1,1,3,M,16534,DISTID1,2
Spruce17-20-thin,YC17_20,?,?,FALSE,34,51,34,51,-1,-1,-1,-1,-1,-1,-1,-1,-1,-1,-1,-1,-1,-1,-1,-1,-1,-1,-1,-1,-1,1,3,M,0,DISTID1,3
Spruce17-20-thin,YC17_20,?,?,FALSE,34,51,34,51,-1,-1,-1,-1,-1,-1,-1,-1,-1,-1,-1,-1,-1,-1,-1,-1,-1,-1,-1,-1,-1,1,3,M,0,DISTID1,4
Spruce17-20-thin,YC17_20,?,?,FALSE,34,51,34,51,-1,-1,-1,-1,-1,-1,-1,-1,-1,-1,-1,-1,-1,-1,-1,-1,-1,-1,-1,-1,-1,1,3,M,62507,DISTID1,5
Spruce17-20-thin,YC17_20,?,?,FALSE,34,51,34,51,-1,-1,-1,-1,-1,-1,-1,-1,-1,-1,-1,-1,-1,-1,-1,-1,-1,-1,-1,-1,-1,1,3,M,25109,DISTID1,6
Spruce17-20-thin,YC17_20,?,?,FALSE,34,51,34,51,-1,-1,-1,-1,-1,-1,-1,-1,-1,-1,-1,-1,-1,-1,-1,-1,-1,-1,-1,-1,-1,1,3,M,30924,DISTID1,7
Spruce17-20-thin,YC17_20,?,?,FALSE,34,51,34,51,-1,-1,-1,-1,-1,-1,-1,-1,-1,-1,-1,-1,-1,-1,-1,-1,-1,-1,-1,-1,-1,1,3,M,46833,DISTID1,8
Spruce17-20-thin,YC17_20,?,?,FALSE,34,51,34,51,-1,-1,-1,-1,-1,-1,-1,-1,-1,-1,-1,-1,-1,-1,-1,-1,-1,-1,-1,-1,-1,1,3,M,20704,DISTID1,9
Spruce17-20-thin,YC17_20,?,?,FALSE,34,51,34,51,-1,-1,-1,-1,-1,-1,-1,-1,-1,-1,-1,-1,-1,-1,-1,-1,-1,-1,-1,-1,-1,1,3,M,113841,DISTID1,10
Spruce17-20-thin,YC17_20,?,?,FALSE,34,51,34,51,-1,-1,-1,-1,-1,-1,-1,-1,-1,-1,-1,-1,-1,-1,-1,-1,-1,-1,-1,-1,-1,1,3,M,37404,DISTID1,11
Spruce17-20-thin,YC17_20,?,?,FALSE,34,51,34,51,-1,-1,-1,-1,-1,-1,-1,-1,-1,-1,-1,-1,-1,-1,-1,-1,-1,-1,-1,-1,-1,1,3,M,23099,DISTID1,12
Spruce17-20-thin,YC17_20,?,?,FALSE,34,51,34,51,-1,-1,-1,-1,-1,-1,-1,-1,-1,-1,-1,-1,-1,-1,-1,-1,-1,-1,-1,-1,-1,1,3,M,29874,DISTID1,13
Spruce17-20-thin,YC17_20,?,?,FALSE,34,51,34,51,-1,-1,-1,-1,-1,-1,-1,-1,-1,-1,-1,-1,-1,-1,-1,-1,-1,-1,-1,-1,-1,1,3,M,63274,DISTID1,14
Spruce17-20-thin,YC17_20,?,?,FALSE,34,51,34,51,-1,-1,-1,-1,-1,-1,-1,-1,-1,-1,-1,-1,-1,-1,-1,-1,-1,-1,-1,-1,-1,1,3,M,78825,DISTID1,15
Spruce17-20-thin,YC17_20,?,?,FALSE,34,51,34,51,-1,-1,-1,-1,-1,-1,-1,-1,-1,-1,-1,-1,-1,-1,-1,-1,-1,-1,-1,-1,-1,1,3,M,54063,DISTID1,16
Spruce17-20-thin,YC17_20,?,?,FALSE,34,51,34,51,-1,-1,-1,-1,-1,-1,-1,-1,-1,-1,-1,-1,-1,-1,-1,-1,-1,-1,-1,-1,-1,1,3,M,79483,DISTID1,17
Spruce17-20-thin,YC17_20,?,?,FALSE,34,51,34,51,-1,-1,-1,-1,-1,-1,-1,-1,-1,-1,-1,-1,-1,-1,-1,-1,-1,-1,-1,-1,-1,1,3,M,115166,DISTID1,18
Spruce17-20-thin,YC17_20,?,?,FALSE,34,51,34,51,-1,-1,-1,-1,-1,-1,-1,-1,-1,-1,-1,-1,-1,-1,-1,-1,-1,-1,-1,-1,-1,1,3,M,75724,DISTID1,19
Spruce17-20-thin,YC17_20,?,?,FALSE,34,51,34,51,-1,-1,-1,-1,-1,-1,-1,-1,-1,-1,-1,-1,-1,-1,-1,-1,-1,-1,-1,-1,-1,1,3,M,71751,DISTID1,20
Spruce17-20-thin,YC17_20,?,?,FALSE,34,51,34,51,-1,-1,-1,-1,-1,-1,-1,-1,-1,-1,-1,-1,-1,-1,-1,-1,-1,-1,-1,-1,-1,1,3,M,68367,DISTID1,21
Spruce17-20-thin,YC17_20,?,?,FALSE,34,51,34,51,-1,-1,-1,-1,-1,-1,-1,-1,-1,-1,-1,-1,-1,-1,-1,-1,-1,-1,-1,-1,-1,1,3,M,86274,DISTID1,22
Spruce17-20-thin,YC17_20,?,?,FALSE,34,51,34,51,-1,-1,-1,-1,-1,-1,-1,-1,-1,-1,-1,-1,-1,-1,-1,-1,-1,-1,-1,-1,-1,1,3,M,81682,DISTID1,23
Spruce17-20-thin,YC17_20,?,?,FALSE,34,51,34,51,-1,-1,-1,-1,-1,-1,-1,-1,-1,-1,-1,-1,-1,-1,-1,-1,-1,-1,-1,-1,-1,1,3,M,80527,DISTID1,24
Spruce17-20-thin,YC17_20,?,?,FALSE,34,51,34,51,-1,-1,-1,-1,-1,-1,-1,-1,-1,-1,-1,-1,-1,-1,-1,-1,-1,-1,-1,-1,-1,1,3,M,60381,DISTID1,25
Spruce17-20-thin,YC17_20,?,?,FALSE,34,51,34,51,-1,-1,-1,-1,-1,-1,-1,-1,-1,-1,-1,-1,-1,-1,-1,-1,-1,-1,-1,-1,-1,1,3,M,79523,DISTID1,26
Spruce17-20-thin,YC17_20,?,?,FALSE,34,51,34,51,-1,-1,-1,-1,-1,-1,-1,-1,-1,-1,-1,-1,-1,-1,-1,-1,-1,-1,-1,-1,-1,1,3,M,95700,DISTID1,27
Spruce17-20-thin,YC17_20,?,?,FALSE,34,51,34,51,-1,-1,-1,-1,-1,-1,-1,-1,-1,-1,-1,-1,-1,-1,-1,-1,-1,-1,-1,-1,-1,1,3,M,101053,DISTID1,28
Spruce17-20-thin,YC17_20,?,?,FALSE,34,51,34,51,-1,-1,-1,-1,-1,-1,-1,-1,-1,-1,-1,-1,-1,-1,-1,-1,-1,-1,-1,-1,-1,1,3,M,119215,DISTID1,29
Spruce17-20-thin,YC17_20,?,?,FALSE,34,51,34,51,-1,-1,-1,-1,-1,-1,-1,-1,-1,-1,-1,-1,-1,-1,-1,-1,-1,-1,-1,-1,-1,1,3,M,137268,DISTID1,30
Spruce17-20-thin,YC17_20,?,?,FALSE,34,51,34,51,-1,-1,-1,-1,-1,-1,-1,-1,-1,-1,-1,-1,-1,-1,-1,-1,-1,-1,-1,-1,-1,1,3,M,91867,DISTID1,31
Spruce17-20-thin,YC17_20,?,?,FALSE,34,51,34,51,-1,-1,-1,-1,-1,-1,-1,-1,-1,-1,-1,-1,-1,-1,-1,-1,-1,-1,-1,-1,-1,1,3,M,97252,DISTID1,32
Spruce17-20-thin,YC17_20,?,?,FALSE,34,51,34,51,-1,-1,-1,-1,-1,-1,-1,-1,-1,-1,-1,-1,-1,-1,-1,-1,-1,-1,-1,-1,-1,1,3,M,64373,DISTID1,33
Spruce17-20-thin,YC17_20,?,?,FALSE,34,51,34,51,-1,-1,-1,-1,-1,-1,-1,-1,-1,-1,-1,-1,-1,-1,-1,-1,-1,-1,-1,-1,-1,1,3,M,13998,DISTID1,34
Spruce17-20-thin,YC17_20,?,?,FALSE,34,51,34,51,-1,-1,-1,-1,-1,-1,-1,-1,-1,-1,-1,-1,-1,-1,-1,-1,-1,-1,-1,-1,-1,1,3,M,13998,DISTID1,35
Spruce17-20-thin,YC17_20,?,?,FALSE,34,51,34,51,-1,-1,-1,-1,-1,-1,-1,-1,-1,-1,-1,-1,-1,-1,-1,-1,-1,-1,-1,-1,-1,1,3,M,15874,DISTID1,36
Spruce17-20-thin,YC17_20,?,?,FALSE,34,51,34,51,-1,-1,-1,-1,-1,-1,-1,-1,-1,-1,-1,-1,-1,-1,-1,-1,-1,-1,-1,-1,-1,1,3,M,21092,DISTID1,37
Spruce17-20-thin,YC17_20,?,?,FALSE,34,51,34,51,-1,-1,-1,-1,-1,-1,-1,-1,-1,-1,-1,-1,-1,-1,-1,-1,-1,-1,-1,-1,-1,1,3,M,19538,DISTID1,38
Spruce17-20-thin,YC17_20,?,?,FALSE,34,51,34,51,-1,-1,-1,-1,-1,-1,-1,-1,-1,-1,-1,-1,-1,-1,-1,-1,-1,-1,-1,-1,-1,1,3,M,21527,DISTID1,39
Spruce17-20-thin,YC17_20,?,?,FALSE,34,51,34,51,-1,-1,-1,-1,-1,-1,-1,-1,-1,-1,-1,-1,-1,-1,-1,-1,-1,-1,-1,-1,-1,1,3,M,19901,DISTID1,40
Spruce17-20-thin,YC17_20,?,?,FALSE,34,51,34,51,-1,-1,-1,-1,-1,-1,-1,-1,-1,-1,-1,-1,-1,-1,-1,-1,-1,-1,-1,-1,-1,1,3,M,19704,DISTID1,41
Spruce17-20-thin,YC17_20,?,?,FALSE,34,51,34,51,-1,-1,-1,-1,-1,-1,-1,-1,-1,-1,-1,-1,-1,-1,-1,-1,-1,-1,-1,-1,-1,1,3,M,20497,DISTID1,42
Spruce17-20-thin,YC17_20,?,?,FALSE,34,51,34,51,-1,-1,-1,-1,-1,-1,-1,-1,-1,-1,-1,-1,-1,-1,-1,-1,-1,-1,-1,-1,-1,1,3,M,20889,DISTID1,43
Spruce17-20-thin,YC17_20,?,?,FALSE,34,51,34,51,-1,-1,-1,-1,-1,-1,-1,-1,-1,-1,-1,-1,-1,-1,-1,-1,-1,-1,-1,-1,-1,1,3,M,24595,DISTID1,44
Spruce17-20-thin,YC17_20,?,?,FALSE,34,51,34,51,-1,-1,-1,-1,-1,-1,-1,-1,-1,-1,-1,-1,-1,-1,-1,-1,-1,-1,-1,-1,-1,1,3,M,52251,DISTID1,45
Spruce17-20-thin,YC17_20,?,?,FALSE,34,51,34,51,-1,-1,-1,-1,-1,-1,-1,-1,-1,-1,-1,-1,-1,-1,-1,-1,-1,-1,-1,-1,-1,1,3,M,43318,DISTID1,46
Spruce17-20-thin,YC17_20,?,?,FALSE,34,51,34,51,-1,-1,-1,-1,-1,-1,-1,-1,-1,-1,-1,-1,-1,-1,-1,-1,-1,-1,-1,-1,-1,1,3,M,48622,DISTID1,47
Spruce17-20-thin,YC17_20,?,?,FALSE,34,51,34,51,-1,-1,-1,-1,-1,-1,-1,-1,-1,-1,-1,-1,-1,-1,-1,-1,-1,-1,-1,-1,-1,1,3,M,44916,DISTID1,48
Spruce17-20-thin,YC17_20,?,?,FALSE,34,51,34,51,-1,-1,-1,-1,-1,-1,-1,-1,-1,-1,-1,-1,-1,-1,-1,-1,-1,-1,-1,-1,-1,1,3,M,36837,DISTID1,49
Spruce17-20-thin,YC17_20,?,?,FALSE,34,51,34,51,-1,-1,-1,-1,-1,-1,-1,-1,-1,-1,-1,-1,-1,-1,-1,-1,-1,-1,-1,-1,-1,1,3,M,34284,DISTID1,50
Spruce17-20-thin,YC17_20,?,?,FALSE,34,51,34,51,-1,-1,-1,-1,-1,-1,-1,-1,-1,-1,-1,-1,-1,-1,-1,-1,-1,-1,-1,-1,-1,1,3,M,28984,DISTID1,51
Spruce17-20-thin,YC17_20,?,?,FALSE,34,51,34,51,-1,-1,-1,-1,-1,-1,-1,-1,-1,-1,-1,-1,-1,-1,-1,-1,-1,-1,-1,-1,-1,1,3,M,30355,DISTID1,52
Spruce17-20-thin,YC17_20,?,?,FALSE,34,51,34,51,-1,-1,-1,-1,-1,-1,-1,-1,-1,-1,-1,-1,-1,-1,-1,-1,-1,-1,-1,-1,-1,1,3,M,32715,DISTID1,53
Spruce17-20-thin,YC17_20,?,?,FALSE,34,51,34,51,-1,-1,-1,-1,-1,-1,-1,-1,-1,-1,-1,-1,-1,-1,-1,-1,-1,-1,-1,-1,-1,1,3,M,42601,DISTID1,54
SNFGB-peat,YC6,?,?,FALSE,40,60,40,60,-1,-1,-1,-1,-1,-1,-1,-1,-1,-1,-1,-1,-1,-1,-1,-1,-1,-1,-1,-1,-1,1,12,M,6601,DISTID1,29
SNFGB-peat,YC6,?,?,FALSE,40,60,40,60,-1,-1,-1,-1,-1,-1,-1,-1,-1,-1,-1,-1,-1,-1,-1,-1,-1,-1,-1,-1,-1,1,12,M,8431,DISTID1,30
SNFGB-peat,YC6,?,?,FALSE,40,60,40,60,-1,-1,-1,-1,-1,-1,-1,-1,-1,-1,-1,-1,-1,-1,-1,-1,-1,-1,-1,-1,-1,1,12,M,3884,DISTID1,31
SNFGB-peat,YC6,?,?,FALSE,40,60,40,60,-1,-1,-1,-1,-1,-1,-1,-1,-1,-1,-1,-1,-1,-1,-1,-1,-1,-1,-1,-1,-1,1,12,M,4387,DISTID1,32
SNFGB-peat,YC6,?,?,FALSE,40,60,40,60,-1,-1,-1,-1,-1,-1,-1,-1,-1,-1,-1,-1,-1,-1,-1,-1,-1,-1,-1,-1,-1,1,12,M,6848,DISTID1,33
SNFGB-peat,YC6,?,?,FALSE,40,60,40,60,-1,-1,-1,-1,-1,-1,-1,-1,-1,-1,-1,-1,-1,-1,-1,-1,-1,-1,-1,-1,-1,1,12,M,7728,DISTID1,34
SNFGB-peat,YC6,?,?,FALSE,40,60,40,60,-1,-1,-1,-1,-1,-1,-1,-1,-1,-1,-1,-1,-1,-1,-1,-1,-1,-1,-1,-1,-1,1,12,M,2058,DISTID1,35
SNFGB-peat,YC6,?,?,FALSE,40,60,40,60,-1,-1,-1,-1,-1,-1,-1,-1,-1,-1,-1,-1,-1,-1,-1,-1,-1,-1,-1,-1,-1,1,12,M,1712,DISTID1,36
SNFGB-peat,YC6,?,?,FALSE,40,60,40,60,-1,-1,-1,-1,-1,-1,-1,-1,-1,-1,-1,-1,-1,-1,-1,-1,-1,-1,-1,-1,-1,1,12,M,1563,DISTID1,37
SNFGB-peat,YC6,?,?,FALSE,40,60,40,60,-1,-1,-1,-1,-1,-1,-1,-1,-1,-1,-1,-1,-1,-1,-1,-1,-1,-1,-1,-1,-1,1,12,M,1577,DISTID1,38
SNFGB-peat,YC6,?,?,FALSE,40,60,40,60,-1,-1,-1,-1,-1,-1,-1,-1,-1,-1,-1,-1,-1,-1,-1,-1,-1,-1,-1,-1,-1,1,12,M,1751,DISTID1,39
SNFGB-peat,YC6,?,?,FALSE,40,60,40,60,-1,-1,-1,-1,-1,-1,-1,-1,-1,-1,-1,-1,-1,-1,-1,-1,-1,-1,-1,-1,-1,1,12,M,1828,DISTID1,40
SNFGB-peat,YC6,?,?,FALSE,40,60,40,60,-1,-1,-1,-1,-1,-1,-1,-1,-1,-1,-1,-1,-1,-1,-1,-1,-1,-1,-1,-1,-1,1,12,M,1448,DISTID1,41
SNFGB-peat,YC6,?,?,FALSE,40,60,40,60,-1,-1,-1,-1,-1,-1,-1,-1,-1,-1,-1,-1,-1,-1,-1,-1,-1,-1,-1,-1,-1,1,12,M,1361,DISTID1,42
SNFGB-peat,YC6,?,?,FALSE,40,60,40,60,-1,-1,-1,-1,-1,-1,-1,-1,-1,-1,-1,-1,-1,-1,-1,-1,-1,-1,-1,-1,-1,1,12,M,1247,DISTID1,43
SNFGB-peat,YC6,?,?,FALSE,40,60,40,60,-1,-1,-1,-1,-1,-1,-1,-1,-1,-1,-1,-1,-1,-1,-1,-1,-1,-1,-1,-1,-1,1,12,M,1320,DISTID1,44
SNFGB-peat,YC6,?,?,FALSE,40,60,40,60,-1,-1,-1,-1,-1,-1,-1,-1,-1,-1,-1,-1,-1,-1,-1,-1,-1,-1,-1,-1,-1,1,12,M,1361,DISTID1,45
SNFGB-peat,YC6,?,?,FALSE,40,60,40,60,-1,-1,-1,-1,-1,-1,-1,-1,-1,-1,-1,-1,-1,-1,-1,-1,-1,-1,-1,-1,-1,1,12,M,1682,DISTID1,46
SNFGB-peat,YC6,?,?,FALSE,40,60,40,60,-1,-1,-1,-1,-1,-1,-1,-1,-1,-1,-1,-1,-1,-1,-1,-1,-1,-1,-1,-1,-1,1,12,M,1988,DISTID1,47
SNFGB-peat,YC6,?,?,FALSE,40,60,40,60,-1,-1,-1,-1,-1,-1,-1,-1,-1,-1,-1,-1,-1,-1,-1,-1,-1,-1,-1,-1,-1,1,12,M,1755,DISTID1,48
SNFGB-peat,YC6,?,?,FALSE,40,60,40,60,-1,-1,-1,-1,-1,-1,-1,-1,-1,-1,-1,-1,-1,-1,-1,-1,-1,-1,-1,-1,-1,1,12,M,1333,DISTID1,49
SNFGB-peat,YC6,?,?,FALSE,40,60,40,60,-1,-1,-1,-1,-1,-1,-1,-1,-1,-1,-1,-1,-1,-1,-1,-1,-1,-1,-1,-1,-1,1,12,M,1283,DISTID1,50
SNFGB-peat,YC6,?,?,FALSE,40,60,40,60,-1,-1,-1,-1,-1,-1,-1,-1,-1,-1,-1,-1,-1,-1,-1,-1,-1,-1,-1,-1,-1,1,12,M,1299,DISTID1,51
SNFGB-peat,YC6,?,?,FALSE,40,60,40,60,-1,-1,-1,-1,-1,-1,-1,-1,-1,-1,-1,-1,-1,-1,-1,-1,-1,-1,-1,-1,-1,1,12,M,1543,DISTID1,52
SNFGB-peat,YC6,?,?,FALSE,40,60,40,60,-1,-1,-1,-1,-1,-1,-1,-1,-1,-1,-1,-1,-1,-1,-1,-1,-1,-1,-1,-1,-1,1,12,M,1461,DISTID1,53
SNFGB-peat,YC6,?,?,FALSE,40,60,40,60,-1,-1,-1,-1,-1,-1,-1,-1,-1,-1,-1,-1,-1,-1,-1,-1,-1,-1,-1,-1,-1,1,12,M,1370,DISTID1,54
Spruce13-16,YC13_16,?,?,FALSE,39,59,39,59,-1,-1,-1,-1,-1,-1,-1,-1,-1,-1,-1,-1,-1,-1,-1,-1,-1,-1,-1,-1,-1,1,3,M,194276,DISTID1,1
Spruce13-16,YC13_16,?,?,FALSE,39,59,39,59,-1,-1,-1,-1,-1,-1,-1,-1,-1,-1,-1,-1,-1,-1,-1,-1,-1,-1,-1,-1,-1,1,3,M,161823,DISTID1,2
Spruce13-16,YC13_16,?,?,FALSE,39,59,39,59,-1,-1,-1,-1,-1,-1,-1,-1,-1,-1,-1,-1,-1,-1,-1,-1,-1,-1,-1,-1,-1,1,3,M,0,DISTID1,3
Spruce13-16,YC13_16,?,?,FALSE,39,59,39,59,-1,-1,-1,-1,-1,-1,-1,-1,-1,-1,-1,-1,-1,-1,-1,-1,-1,-1,-1,-1,-1,1,3,M,158815,DISTID1,4
Spruce13-16,YC13_16,?,?,FALSE,39,59,39,59,-1,-1,-1,-1,-1,-1,-1,-1,-1,-1,-1,-1,-1,-1,-1,-1,-1,-1,-1,-1,-1,1,3,M,29805,DISTID1,5
Spruce13-16,YC13_16,?,?,FALSE,39,59,39,59,-1,-1,-1,-1,-1,-1,-1,-1,-1,-1,-1,-1,-1,-1,-1,-1,-1,-1,-1,-1,-1,1,3,M,78622,DISTID1,6
Spruce13-16,YC13_16,?,?,FALSE,39,59,39,59,-1,-1,-1,-1,-1,-1,-1,-1,-1,-1,-1,-1,-1,-1,-1,-1,-1,-1,-1,-1,-1,1,3,M,101000,DISTID1,7
Spruce13-16,YC13_16,?,?,FALSE,39,59,39,59,-1,-1,-1,-1,-1,-1,-1,-1,-1,-1,-1,-1,-1,-1,-1,-1,-1,-1,-1,-1,-1,1,3,M,95856,DISTID1,8
Spruce13-16,YC13_16,?,?,FALSE,39,59,39,59,-1,-1,-1,-1,-1,-1,-1,-1,-1,-1,-1,-1,-1,-1,-1,-1,-1,-1,-1,-1,-1,1,3,M,28334,DISTID1,9
Spruce13-16,YC13_16,?,?,FALSE,39,59,39,59,-1,-1,-1,-1,-1,-1,-1,-1,-1,-1,-1,-1,-1,-1,-1,-1,-1,-1,-1,-1,-1,1,3,M,39553,DISTID1,10
Spruce13-16,YC13_16,?,?,FALSE,39,59,39,59,-1,-1,-1,-1,-1,-1,-1,-1,-1,-1,-1,-1,-1,-1,-1,-1,-1,-1,-1,-1,-1,1,3,M,55843,DISTID1,11
Spruce13-16,YC13_16,?,?,FALSE,39,59,39,59,-1,-1,-1,-1,-1,-1,-1,-1,-1,-1,-1,-1,-1,-1,-1,-1,-1,-1,-1,-1,-1,1,3,M,37673,DISTID1,12
Spruce13-16,YC13_16,?,?,FALSE,39,59,39,59,-1,-1,-1,-1,-1,-1,-1,-1,-1,-1,-1,-1,-1,-1,-1,-1,-1,-1,-1,-1,-1,1,3,M,36217,DISTID1,13
Spruce13-16,YC13_16,?,?,FALSE,39,59,39,59,-1,-1,-1,-1,-1,-1,-1,-1,-1,-1,-1,-1,-1,-1,-1,-1,-1,-1,-1,-1,-1,1,3,M,60352,DISTID1,14
Spruce13-16,YC13_16,?,?,FALSE,39,59,39,59,-1,-1,-1,-1,-1,-1,-1,-1,-1,-1,-1,-1,-1,-1,-1,-1,-1,-1,-1,-1,-1,1,3,M,22442,DISTID1,15
Spruce13-16,YC13_16,?,?,FALSE,39,59,39,59,-1,-1,-1,-1,-1,-1,-1,-1,-1,-1,-1,-1,-1,-1,-1,-1,-1,-1,-1,-1,-1,1,3,M,41764,DISTID1,16
Spruce13-16,YC13_16,?,?,FALSE,39,59,39,59,-1,-1,-1,-1,-1,-1,-1,-1,-1,-1,-1,-1,-1,-1,-1,-1,-1,-1,-1,-1,-1,1,3,M,70938,DISTID1,17
Spruce13-16,YC13_16,?,?,FALSE,39,59,39,59,-1,-1,-1,-1,-1,-1,-1,-1,-1,-1,-1,-1,-1,-1,-1,-1,-1,-1,-1,-1,-1,1,3,M,94268,DISTID1,18
Spruce13-16,YC13_16,?,?,FALSE,39,59,39,59,-1,-1,-1,-1,-1,-1,-1,-1,-1,-1,-1,-1,-1,-1,-1,-1,-1,-1,-1,-1,-1,1,3,M,59623,DISTID1,19
Spruce13-16,YC13_16,?,?,FALSE,39,59,39,59,-1,-1,-1,-1,-1,-1,-1,-1,-1,-1,-1,-1,-1,-1,-1,-1,-1,-1,-1,-1,-1,1,3,M,59263,DISTID1,20
Spruce13-16,YC13_16,?,?,FALSE,39,59,39,59,-1,-1,-1,-1,-1,-1,-1,-1,-1,-1,-1,-1,-1,-1,-1,-1,-1,-1,-1,-1,-1,1,3,M,56471,DISTID1,21
Spruce13-16,YC13_16,?,?,FALSE,39,59,39,59,-1,-1,-1,-1,-1,-1,-1,-1,-1,-1,-1,-1,-1,-1,-1,-1,-1,-1,-1,-1,-1,1,3,M,71279,DISTID1,22
Spruce13-16,YC13_16,?,?,FALSE,39,59,39,59,-1,-1,-1,-1,-1,-1,-1,-1,-1,-1,-1,-1,-1,-1,-1,-1,-1,-1,-1,-1,-1,1,3,M,67503,DISTID1,23
Spruce13-16,YC13_16,?,?,FALSE,39,59,39,59,-1,-1,-1,-1,-1,-1,-1,-1,-1,-1,-1,-1,-1,-1,-1,-1,-1,-1,-1,-1,-1,1,3,M,66564,DISTID1,24
Spruce13-16,YC13_16,?,?,FALSE,39,59,39,59,-1,-1,-1,-1,-1,-1,-1,-1,-1,-1,-1,-1,-1,-1,-1,-1,-1,-1,-1,-1,-1,1,3,M,49899,DISTID1,25
Spruce13-16,YC13_16,?,?,FALSE,39,59,39,59,-1,-1,-1,-1,-1,-1,-1,-1,-1,-1,-1,-1,-1,-1,-1,-1,-1,-1,-1,-1,-1,1,3,M,65704,DISTID1,26
Spruce13-16,YC13_16,?,?,FALSE,39,59,39,59,-1,-1,-1,-1,-1,-1,-1,-1,-1,-1,-1,-1,-1,-1,-1,-1,-1,-1,-1,-1,-1,1,3,M,79047,DISTID1,27
Spruce13-16,YC13_16,?,?,FALSE,39,59,39,59,-1,-1,-1,-1,-1,-1,-1,-1,-1,-1,-1,-1,-1,-1,-1,-1,-1,-1,-1,-1,-1,1,3,M,83447,DISTID1,28
Spruce13-16,YC13_16,?,?,FALSE,39,59,39,59,-1,-1,-1,-1,-1,-1,-1,-1,-1,-1,-1,-1,-1,-1,-1,-1,-1,-1,-1,-1,-1,1,3,M,98416,DISTID1,29
Spruce13-16,YC13_16,?,?,FALSE,39,59,39,59,-1,-1,-1,-1,-1,-1,-1,-1,-1,-1,-1,-1,-1,-1,-1,-1,-1,-1,-1,-1,-1,1,3,M,113273,DISTID1,30
Spruce13-16,YC13_16,?,?,FALSE,39,59,39,59,-1,-1,-1,-1,-1,-1,-1,-1,-1,-1,-1,-1,-1,-1,-1,-1,-1,-1,-1,-1,-1,1,3,M,75777,DISTID1,31
Spruce13-16,YC13_16,?,?,FALSE,39,59,39,59,-1,-1,-1,-1,-1,-1,-1,-1,-1,-1,-1,-1,-1,-1,-1,-1,-1,-1,-1,-1,-1,1,3,M,80180,DISTID1,32
Spruce13-16,YC13_16,?,?,FALSE,39,59,39,59,-1,-1,-1,-1,-1,-1,-1,-1,-1,-1,-1,-1,-1,-1,-1,-1,-1,-1,-1,-1,-1,1,3,M,100092,DISTID1,33
Spruce13-16,YC13_16,?,?,FALSE,39,59,39,59,-1,-1,-1,-1,-1,-1,-1,-1,-1,-1,-1,-1,-1,-1,-1,-1,-1,-1,-1,-1,-1,1,3,M,103190,DISTID1,34
Spruce13-16,YC13_16,?,?,FALSE,39,59,39,59,-1,-1,-1,-1,-1,-1,-1,-1,-1,-1,-1,-1,-1,-1,-1,-1,-1,-1,-1,-1,-1,1,3,M,103190,DISTID1,35
Spruce13-16,YC13_16,?,?,FALSE,39,59,39,59,-1,-1,-1,-1,-1,-1,-1,-1,-1,-1,-1,-1,-1,-1,-1,-1,-1,-1,-1,-1,-1,1,3,M,117017,DISTID1,36
Spruce13-16,YC13_16,?,?,FALSE,39,59,39,59,-1,-1,-1,-1,-1,-1,-1,-1,-1,-1,-1,-1,-1,-1,-1,-1,-1,-1,-1,-1,-1,1,3,M,155486,DISTID1,37
Spruce13-16,YC13_16,?,?,FALSE,39,59,39,59,-1,-1,-1,-1,-1,-1,-1,-1,-1,-1,-1,-1,-1,-1,-1,-1,-1,-1,-1,-1,-1,1,3,M,144025,DISTID1,38
Spruce13-16,YC13_16,?,?,FALSE,39,59,39,59,-1,-1,-1,-1,-1,-1,-1,-1,-1,-1,-1,-1,-1,-1,-1,-1,-1,-1,-1,-1,-1,1,3,M,158696,DISTID1,39
Spruce13-16,YC13_16,?,?,FALSE,39,59,39,59,-1,-1,-1,-1,-1,-1,-1,-1,-1,-1,-1,-1,-1,-1,-1,-1,-1,-1,-1,-1,-1,1,3,M,146712,DISTID1,40
Spruce13-16,YC13_16,?,?,FALSE,39,59,39,59,-1,-1,-1,-1,-1,-1,-1,-1,-1,-1,-1,-1,-1,-1,-1,-1,-1,-1,-1,-1,-1,1,3,M,145258,DISTID1,41
Spruce13-16,YC13_16,?,?,FALSE,39,59,39,59,-1,-1,-1,-1,-1,-1,-1,-1,-1,-1,-1,-1,-1,-1,-1,-1,-1,-1,-1,-1,-1,1,3,M,151088,DISTID1,42
Spruce13-16,YC13_16,?,?,FALSE,39,59,39,59,-1,-1,-1,-1,-1,-1,-1,-1,-1,-1,-1,-1,-1,-1,-1,-1,-1,-1,-1,-1,-1,1,3,M,153988,DISTID1,43
Spruce13-16,YC13_16,?,?,FALSE,39,59,39,59,-1,-1,-1,-1,-1,-1,-1,-1,-1,-1,-1,-1,-1,-1,-1,-1,-1,-1,-1,-1,-1,1,3,M,121611,DISTID1,44
Spruce13-16,YC13_16,?,?,FALSE,39,59,39,59,-1,-1,-1,-1,-1,-1,-1,-1,-1,-1,-1,-1,-1,-1,-1,-1,-1,-1,-1,-1,-1,1,3,M,46693,DISTID1,45
Spruce13-16,YC13_16,?,?,FALSE,39,59,39,59,-1,-1,-1,-1,-1,-1,-1,-1,-1,-1,-1,-1,-1,-1,-1,-1,-1,-1,-1,-1,-1,1,3,M,57234,DISTID1,46
Spruce13-16,YC13_16,?,?,FALSE,39,59,39,59,-1,-1,-1,-1,-1,-1,-1,-1,-1,-1,-1,-1,-1,-1,-1,-1,-1,-1,-1,-1,-1,1,3,M,50135,DISTID1,47
Spruce13-16,YC13_16,?,?,FALSE,39,59,39,59,-1,-1,-1,-1,-1,-1,-1,-1,-1,-1,-1,-1,-1,-1,-1,-1,-1,-1,-1,-1,-1,1,3,M,15218,DISTID1,48
Spruce13-16,YC13_16,?,?,FALSE,39,59,39,59,-1,-1,-1,-1,-1,-1,-1,-1,-1,-1,-1,-1,-1,-1,-1,-1,-1,-1,-1,-1,-1,1,3,M,21816,DISTID1,49
Spruce13-16,YC13_16,?,?,FALSE,39,59,39,59,-1,-1,-1,-1,-1,-1,-1,-1,-1,-1,-1,-1,-1,-1,-1,-1,-1,-1,-1,-1,-1,1,3,M,33012,DISTID1,50
Spruce13-16,YC13_16,?,?,FALSE,39,59,39,59,-1,-1,-1,-1,-1,-1,-1,-1,-1,-1,-1,-1,-1,-1,-1,-1,-1,-1,-1,-1,-1,1,3,M,22752,DISTID1,51
Spruce13-16,YC13_16,?,?,FALSE,39,59,39,59,-1,-1,-1,-1,-1,-1,-1,-1,-1,-1,-1,-1,-1,-1,-1,-1,-1,-1,-1,-1,-1,1,3,M,17757,DISTID1,52
Spruce13-16,YC13_16,?,?,FALSE,39,59,39,59,-1,-1,-1,-1,-1,-1,-1,-1,-1,-1,-1,-1,-1,-1,-1,-1,-1,-1,-1,-1,-1,1,3,M,16390,DISTID1,53
Spruce13-16,YC13_16,?,?,FALSE,39,59,39,59,-1,-1,-1,-1,-1,-1,-1,-1,-1,-1,-1,-1,-1,-1,-1,-1,-1,-1,-1,-1,-1,1,3,M,12465,DISTID1,54
Spruce17-20-nothin,YC17_20,?,?,FALSE,34,51,34,51,-1,-1,-1,-1,-1,-1,-1,-1,-1,-1,-1,-1,-1,-1,-1,-1,-1,-1,-1,-1,-1,1,3,M,0,DISTID1,1
Spruce17-20-nothin,YC17_20,?,?,FALSE,34,51,34,51,-1,-1,-1,-1,-1,-1,-1,-1,-1,-1,-1,-1,-1,-1,-1,-1,-1,-1,-1,-1,-1,1,3,M,112562,DISTID1,2
Spruce17-20-nothin,YC17_20,?,?,FALSE,34,51,34,51,-1,-1,-1,-1,-1,-1,-1,-1,-1,-1,-1,-1,-1,-1,-1,-1,-1,-1,-1,-1,-1,1,3,M,0,DISTID1,3
Spruce17-20-nothin,YC17_20,?,?,FALSE,34,51,34,51,-1,-1,-1,-1,-1,-1,-1,-1,-1,-1,-1,-1,-1,-1,-1,-1,-1,-1,-1,-1,-1,1,3,M,0,DISTID1,4
Spruce17-20-nothin,YC17_20,?,?,FALSE,34,51,34,51,-1,-1,-1,-1,-1,-1,-1,-1,-1,-1,-1,-1,-1,-1,-1,-1,-1,-1,-1,-1,-1,1,3,M,26133,DISTID1,5
Spruce17-20-nothin,YC17_20,?,?,FALSE,34,51,34,51,-1,-1,-1,-1,-1,-1,-1,-1,-1,-1,-1,-1,-1,-1,-1,-1,-1,-1,-1,-1,-1,1,3,M,24175,DISTID1,6
Spruce17-20-nothin,YC17_20,?,?,FALSE,34,51,34,51,-1,-1,-1,-1,-1,-1,-1,-1,-1,-1,-1,-1,-1,-1,-1,-1,-1,-1,-1,-1,-1,1,3,M,25020,DISTID1,7
Spruce17-20-nothin,YC17_20,?,?,FALSE,34,51,34,51,-1,-1,-1,-1,-1,-1,-1,-1,-1,-1,-1,-1,-1,-1,-1,-1,-1,-1,-1,-1,-1,1,3,M,31461,DISTID1,8
Spruce17-20-nothin,YC17_20,?,?,FALSE,34,51,34,51,-1,-1,-1,-1,-1,-1,-1,-1,-1,-1,-1,-1,-1,-1,-1,-1,-1,-1,-1,-1,-1,1,3,M,32324,DISTID1,9
Spruce17-20-nothin,YC17_20,?,?,FALSE,34,51,34,51,-1,-1,-1,-1,-1,-1,-1,-1,-1,-1,-1,-1,-1,-1,-1,-1,-1,-1,-1,-1,-1,1,3,M,32119,DISTID1,10
Spruce17-20-nothin,YC17_20,?,?,FALSE,34,51,34,51,-1,-1,-1,-1,-1,-1,-1,-1,-1,-1,-1,-1,-1,-1,-1,-1,-1,-1,-1,-1,-1,1,3,M,29908,DISTID1,11
Spruce17-20-nothin,YC17_20,?,?,FALSE,34,51,34,51,-1,-1,-1,-1,-1,-1,-1,-1,-1,-1,-1,-1,-1,-1,-1,-1,-1,-1,-1,-1,-1,1,3,M,26143,DISTID1,12
Spruce17-20-nothin,YC17_20,?,?,FALSE,34,51,34,51,-1,-1,-1,-1,-1,-1,-1,-1,-1,-1,-1,-1,-1,-1,-1,-1,-1,-1,-1,-1,-1,1,3,M,27109,DISTID1,13
Spruce17-20-nothin,YC17_20,?,?,FALSE,34,51,34,51,-1,-1,-1,-1,-1,-1,-1,-1,-1,-1,-1,-1,-1,-1,-1,-1,-1,-1,-1,-1,-1,1,3,M,34297,DISTID1,14
Spruce17-20-nothin,YC17_20,?,?,FALSE,34,51,34,51,-1,-1,-1,-1,-1,-1,-1,-1,-1,-1,-1,-1,-1,-1,-1,-1,-1,-1,-1,-1,-1,1,3,M,30164,DISTID1,15
Spruce17-20-nothin,YC17_20,?,?,FALSE,34,51,34,51,-1,-1,-1,-1,-1,-1,-1,-1,-1,-1,-1,-1,-1,-1,-1,-1,-1,-1,-1,-1,-1,1,3,M,35968,DISTID1,16
Spruce17-20-nothin,YC17_20,?,?,FALSE,34,51,34,51,-1,-1,-1,-1,-1,-1,-1,-1,-1,-1,-1,-1,-1,-1,-1,-1,-1,-1,-1,-1,-1,1,3,M,41009,DISTID1,17
Spruce17-20-nothin,YC17_20,?,?,FALSE,34,51,34,51,-1,-1,-1,-1,-1,-1,-1,-1,-1,-1,-1,-1,-1,-1,-1,-1,-1,-1,-1,-1,-1,1,3,M,46022,DISTID1,18
Spruce17-20-nothin,YC17_20,?,?,FALSE,34,51,34,51,-1,-1,-1,-1,-1,-1,-1,-1,-1,-1,-1,-1,-1,-1,-1,-1,-1,-1,-1,-1,-1,1,3,M,37396,DISTID1,19
Spruce17-20-nothin,YC17_20,?,?,FALSE,34,51,34,51,-1,-1,-1,-1,-1,-1,-1,-1,-1,-1,-1,-1,-1,-1,-1,-1,-1,-1,-1,-1,-1,1,3,M,59190,DISTID1,20
Spruce17-20-nothin,YC17_20,?,?,FALSE,34,51,34,51,-1,-1,-1,-1,-1,-1,-1,-1,-1,-1,-1,-1,-1,-1,-1,-1,-1,-1,-1,-1,-1,1,3,M,56408,DISTID1,21
Spruce17-20-nothin,YC17_20,?,?,FALSE,34,51,34,51,-1,-1,-1,-1,-1,-1,-1,-1,-1,-1,-1,-1,-1,-1,-1,-1,-1,-1,-1,-1,-1,1,3,M,71203,DISTID1,22
Spruce17-20-nothin,YC17_20,?,?,FALSE,34,51,34,51,-1,-1,-1,-1,-1,-1,-1,-1,-1,-1,-1,-1,-1,-1,-1,-1,-1,-1,-1,-1,-1,1,3,M,67430,DISTID1,23
Spruce17-20-nothin,YC17_20,?,?,FALSE,34,51,34,51,-1,-1,-1,-1,-1,-1,-1,-1,-1,-1,-1,-1,-1,-1,-1,-1,-1,-1,-1,-1,-1,1,3,M,66492,DISTID1,24
Spruce17-20-nothin,YC17_20,?,?,FALSE,34,51,34,51,-1,-1,-1,-1,-1,-1,-1,-1,-1,-1,-1,-1,-1,-1,-1,-1,-1,-1,-1,-1,-1,1,3,M,49870,DISTID1,25
Spruce17-20-nothin,YC17_20,?,?,FALSE,34,51,34,51,-1,-1,-1,-1,-1,-1,-1,-1,-1,-1,-1,-1,-1,-1,-1,-1,-1,-1,-1,-1,-1,1,3,M,65692,DISTID1,26
Spruce17-20-nothin,YC17_20,?,?,FALSE,34,51,34,51,-1,-1,-1,-1,-1,-1,-1,-1,-1,-1,-1,-1,-1,-1,-1,-1,-1,-1,-1,-1,-1,1,3,M,79068,DISTID1,27
Spruce17-20-nothin,YC17_20,?,?,FALSE,34,51,34,51,-1,-1,-1,-1,-1,-1,-1,-1,-1,-1,-1,-1,-1,-1,-1,-1,-1,-1,-1,-1,-1,1,3,M,83500,DISTID1,28
Spruce17-20-nothin,YC17_20,?,?,FALSE,34,51,34,51,-1,-1,-1,-1,-1,-1,-1,-1,-1,-1,-1,-1,-1,-1,-1,-1,-1,-1,-1,-1,-1,1,3,M,90444,DISTID1,29
Spruce17-20-nothin,YC17_20,?,?,FALSE,34,51,34,51,-1,-1,-1,-1,-1,-1,-1,-1,-1,-1,-1,-1,-1,-1,-1,-1,-1,-1,-1,-1,-1,1,3,M,12668,DISTID1,30
Spruce17-20-nothin,YC17_20,?,?,FALSE,34,51,34,51,-1,-1,-1,-1,-1,-1,-1,-1,-1,-1,-1,-1,-1,-1,-1,-1,-1,-1,-1,-1,-1,1,3,M,10352,DISTID1,31
Spruce17-20-nothin,YC17_20,?,?,FALSE,34,51,34,51,-1,-1,-1,-1,-1,-1,-1,-1,-1,-1,-1,-1,-1,-1,-1,-1,-1,-1,-1,-1,-1,1,3,M,10063,DISTID1,32
Spruce17-20-nothin,YC17_20,?,?,FALSE,34,51,34,51,-1,-1,-1,-1,-1,-1,-1,-1,-1,-1,-1,-1,-1,-1,-1,-1,-1,-1,-1,-1,-1,1,3,M,11812,DISTID1,33
Spruce17-20-nothin,YC17_20,?,?,FALSE,34,51,34,51,-1,-1,-1,-1,-1,-1,-1,-1,-1,-1,-1,-1,-1,-1,-1,-1,-1,-1,-1,-1,-1,1,3,M,12097,DISTID1,34
Spruce17-20-nothin,YC17_20,?,?,FALSE,34,51,34,51,-1,-1,-1,-1,-1,-1,-1,-1,-1,-1,-1,-1,-1,-1,-1,-1,-1,-1,-1,-1,-1,1,3,M,12097,DISTID1,35
Spruce17-20-nothin,YC17_20,?,?,FALSE,34,51,34,51,-1,-1,-1,-1,-1,-1,-1,-1,-1,-1,-1,-1,-1,-1,-1,-1,-1,-1,-1,-1,-1,1,3,M,13718,DISTID1,36
Spruce17-20-nothin,YC17_20,?,?,FALSE,34,51,34,51,-1,-1,-1,-1,-1,-1,-1,-1,-1,-1,-1,-1,-1,-1,-1,-1,-1,-1,-1,-1,-1,1,3,M,18227,DISTID1,37
Spruce17-20-nothin,YC17_20,?,?,FALSE,34,51,34,51,-1,-1,-1,-1,-1,-1,-1,-1,-1,-1,-1,-1,-1,-1,-1,-1,-1,-1,-1,-1,-1,1,3,M,16884,DISTID1,38
Spruce17-20-nothin,YC17_20,?,?,FALSE,34,51,34,51,-1,-1,-1,-1,-1,-1,-1,-1,-1,-1,-1,-1,-1,-1,-1,-1,-1,-1,-1,-1,-1,1,3,M,18604,DISTID1,39
Spruce17-20-nothin,YC17_20,?,?,FALSE,34,51,34,51,-1,-1,-1,-1,-1,-1,-1,-1,-1,-1,-1,-1,-1,-1,-1,-1,-1,-1,-1,-1,-1,1,3,M,17199,DISTID1,40
Spruce17-20-nothin,YC17_20,?,?,FALSE,34,51,34,51,-1,-1,-1,-1,-1,-1,-1,-1,-1,-1,-1,-1,-1,-1,-1,-1,-1,-1,-1,-1,-1,1,3,M,17028,DISTID1,41
Spruce17-20-nothin,YC17_20,?,?,FALSE,34,51,34,51,-1,-1,-1,-1,-1,-1,-1,-1,-1,-1,-1,-1,-1,-1,-1,-1,-1,-1,-1,-1,-1,1,3,M,17713,DISTID1,42
Spruce17-20-nothin,YC17_20,?,?,FALSE,34,51,34,51,-1,-1,-1,-1,-1,-1,-1,-1,-1,-1,-1,-1,-1,-1,-1,-1,-1,-1,-1,-1,-1,1,3,M,18053,DISTID1,43
Spruce17-20-nothin,YC17_20,?,?,FALSE,34,51,34,51,-1,-1,-1,-1,-1,-1,-1,-1,-1,-1,-1,-1,-1,-1,-1,-1,-1,-1,-1,-1,-1,1,3,M,27083,DISTID1,44
Spruce17-20-nothin,YC17_20,?,?,FALSE,34,51,34,51,-1,-1,-1,-1,-1,-1,-1,-1,-1,-1,-1,-1,-1,-1,-1,-1,-1,-1,-1,-1,-1,1,3,M,78936,DISTID1,45
Spruce21-24-nothin,YC21_24,?,?,FALSE,30,45,30,45,-1,-1,-1,-1,-1,-1,-1,-1,-1,-1,-1,-1,-1,-1,-1,-1,-1,-1,-1,-1,-1,1,3,M,0,DISTID1,1
Spruce21-24-nothin,YC21_24,?,?,FALSE,30,45,30,45,-1,-1,-1,-1,-1,-1,-1,-1,-1,-1,-1,-1,-1,-1,-1,-1,-1,-1,-1,-1,-1,1,3,M,137911,DISTID1,2
Spruce21-24-nothin,YC21_24,?,?,FALSE,30,45,30,45,-1,-1,-1,-1,-1,-1,-1,-1,-1,-1,-1,-1,-1,-1,-1,-1,-1,-1,-1,-1,-1,1,3,M,0,DISTID1,3
Spruce21-24-nothin,YC21_24,?,?,FALSE,30,45,30,45,-1,-1,-1,-1,-1,-1,-1,-1,-1,-1,-1,-1,-1,-1,-1,-1,-1,-1,-1,-1,-1,1,3,M,229196,DISTID1,4
Spruce21-24-nothin,YC21_24,?,?,FALSE,30,45,30,45,-1,-1,-1,-1,-1,-1,-1,-1,-1,-1,-1,-1,-1,-1,-1,-1,-1,-1,-1,-1,-1,1,3,M,31530,DISTID1,5
Spruce21-24-nothin,YC21_24,?,?,FALSE,30,45,30,45,-1,-1,-1,-1,-1,-1,-1,-1,-1,-1,-1,-1,-1,-1,-1,-1,-1,-1,-1,-1,-1,1,3,M,29188,DISTID1,6
Spruce21-24-nothin,YC21_24,?,?,FALSE,30,45,30,45,-1,-1,-1,-1,-1,-1,-1,-1,-1,-1,-1,-1,-1,-1,-1,-1,-1,-1,-1,-1,-1,1,3,M,30221,DISTID1,7
Spruce21-24-nothin,YC21_24,?,?,FALSE,30,45,30,45,-1,-1,-1,-1,-1,-1,-1,-1,-1,-1,-1,-1,-1,-1,-1,-1,-1,-1,-1,-1,-1,1,3,M,38008,DISTID1,8
Spruce21-24-nothin,YC21_24,?,?,FALSE,30,45,30,45,-1,-1,-1,-1,-1,-1,-1,-1,-1,-1,-1,-1,-1,-1,-1,-1,-1,-1,-1,-1,-1,1,3,M,39055,DISTID1,9
Spruce21-24-nothin,YC21_24,?,?,FALSE,30,45,30,45,-1,-1,-1,-1,-1,-1,-1,-1,-1,-1,-1,-1,-1,-1,-1,-1,-1,-1,-1,-1,-1,1,3,M,38805,DISTID1,10
Spruce21-24-nothin,YC21_24,?,?,FALSE,30,45,30,45,-1,-1,-1,-1,-1,-1,-1,-1,-1,-1,-1,-1,-1,-1,-1,-1,-1,-1,-1,-1,-1,1,3,M,36124,DISTID1,11
Spruce21-24-nothin,YC21_24,?,?,FALSE,30,45,30,45,-1,-1,-1,-1,-1,-1,-1,-1,-1,-1,-1,-1,-1,-1,-1,-1,-1,-1,-1,-1,-1,1,3,M,31575,DISTID1,12
Spruce21-24-nothin,YC21_24,?,?,FALSE,30,45,30,45,-1,-1,-1,-1,-1,-1,-1,-1,-1,-1,-1,-1,-1,-1,-1,-1,-1,-1,-1,-1,-1,1,3,M,32738,DISTID1,13
Spruce21-24-nothin,YC21_24,?,?,FALSE,30,45,30,45,-1,-1,-1,-1,-1,-1,-1,-1,-1,-1,-1,-1,-1,-1,-1,-1,-1,-1,-1,-1,-1,1,3,M,41417,DISTID1,14
Spruce21-24-nothin,YC21_24,?,?,FALSE,30,45,30,45,-1,-1,-1,-1,-1,-1,-1,-1,-1,-1,-1,-1,-1,-1,-1,-1,-1,-1,-1,-1,-1,1,3,M,36426,DISTID1,15
Spruce21-24-nothin,YC21_24,?,?,FALSE,30,45,30,45,-1,-1,-1,-1,-1,-1,-1,-1,-1,-1,-1,-1,-1,-1,-1,-1,-1,-1,-1,-1,-1,1,3,M,43456,DISTID1,16
Spruce21-24-nothin,YC21_24,?,?,FALSE,30,45,30,45,-1,-1,-1,-1,-1,-1,-1,-1,-1,-1,-1,-1,-1,-1,-1,-1,-1,-1,-1,-1,-1,1,3,M,49566,DISTID1,17
Spruce21-24-nothin,YC21_24,?,?,FALSE,30,45,30,45,-1,-1,-1,-1,-1,-1,-1,-1,-1,-1,-1,-1,-1,-1,-1,-1,-1,-1,-1,-1,-1,1,3,M,55641,DISTID1,18
Spruce21-24-nothin,YC21_24,?,?,FALSE,30,45,30,45,-1,-1,-1,-1,-1,-1,-1,-1,-1,-1,-1,-1,-1,-1,-1,-1,-1,-1,-1,-1,-1,1,3,M,45222,DISTID1,19
Spruce21-24-nothin,YC21_24,?,?,FALSE,30,45,30,45,-1,-1,-1,-1,-1,-1,-1,-1,-1,-1,-1,-1,-1,-1,-1,-1,-1,-1,-1,-1,-1,1,3,M,71596,DISTID1,20
Spruce21-24-nothin,YC21_24,?,?,FALSE,30,45,30,45,-1,-1,-1,-1,-1,-1,-1,-1,-1,-1,-1,-1,-1,-1,-1,-1,-1,-1,-1,-1,-1,1,3,M,68248,DISTID1,21
Spruce21-24-nothin,YC21_24,?,?,FALSE,30,45,30,45,-1,-1,-1,-1,-1,-1,-1,-1,-1,-1,-1,-1,-1,-1,-1,-1,-1,-1,-1,-1,-1,1,3,M,86152,DISTID1,22
Spruce21-24-nothin,YC21_24,?,?,FALSE,30,45,30,45,-1,-1,-1,-1,-1,-1,-1,-1,-1,-1,-1,-1,-1,-1,-1,-1,-1,-1,-1,-1,-1,1,3,M,81591,DISTID1,23
Spruce21-24-nothin,YC21_24,?,?,FALSE,30,45,30,45,-1,-1,-1,-1,-1,-1,-1,-1,-1,-1,-1,-1,-1,-1,-1,-1,-1,-1,-1,-1,-1,1,3,M,43253,DISTID1,24
Spruce21-24-nothin,YC21_24,?,?,FALSE,30,45,30,45,-1,-1,-1,-1,-1,-1,-1,-1,-1,-1,-1,-1,-1,-1,-1,-1,-1,-1,-1,-1,-1,1,3,M,21385,DISTID1,25
Spruce21-24-nothin,YC21_24,?,?,FALSE,30,45,30,45,-1,-1,-1,-1,-1,-1,-1,-1,-1,-1,-1,-1,-1,-1,-1,-1,-1,-1,-1,-1,-1,1,3,M,14841,DISTID1,26
Spruce21-24-nothin,YC21_24,?,?,FALSE,30,45,30,45,-1,-1,-1,-1,-1,-1,-1,-1,-1,-1,-1,-1,-1,-1,-1,-1,-1,-1,-1,-1,-1,1,3,M,15317,DISTID1,27
Spruce21-24-nothin,YC21_24,?,?,FALSE,30,45,30,45,-1,-1,-1,-1,-1,-1,-1,-1,-1,-1,-1,-1,-1,-1,-1,-1,-1,-1,-1,-1,-1,1,3,M,14453,DISTID1,28
Spruce21-24-nothin,YC21_24,?,?,FALSE,30,45,30,45,-1,-1,-1,-1,-1,-1,-1,-1,-1,-1,-1,-1,-1,-1,-1,-1,-1,-1,-1,-1,-1,1,3,M,13725,DISTID1,29
Spruce21-24-nothin,YC21_24,?,?,FALSE,30,45,30,45,-1,-1,-1,-1,-1,-1,-1,-1,-1,-1,-1,-1,-1,-1,-1,-1,-1,-1,-1,-1,-1,1,3,M,16238,DISTID1,30
Spruce21-24-nothin,YC21_24,?,?,FALSE,30,45,30,45,-1,-1,-1,-1,-1,-1,-1,-1,-1,-1,-1,-1,-1,-1,-1,-1,-1,-1,-1,-1,-1,1,3,M,39681,DISTID1,31
Spruce21-24-nothin,YC21_24,?,?,FALSE,30,45,30,45,-1,-1,-1,-1,-1,-1,-1,-1,-1,-1,-1,-1,-1,-1,-1,-1,-1,-1,-1,-1,-1,1,3,M,96652,DISTID1,32
Spruce21-24-nothin,YC21_24,?,?,FALSE,30,45,30,45,-1,-1,-1,-1,-1,-1,-1,-1,-1,-1,-1,-1,-1,-1,-1,-1,-1,-1,-1,-1,-1,1,3,M,43771,DISTID1,33
Spruce21-24-nothin,YC21_24,?,?,FALSE,30,45,30,45,-1,-1,-1,-1,-1,-1,-1,-1,-1,-1,-1,-1,-1,-1,-1,-1,-1,-1,-1,-1,-1,1,3,M,124173,DISTID1,34
Spruce21-24-nothin,YC21_24,?,?,FALSE,30,45,30,45,-1,-1,-1,-1,-1,-1,-1,-1,-1,-1,-1,-1,-1,-1,-1,-1,-1,-1,-1,-1,-1,1,3,M,124173,DISTID1,35
Spruce21-24-nothin,YC21_24,?,?,FALSE,30,45,30,45,-1,-1,-1,-1,-1,-1,-1,-1,-1,-1,-1,-1,-1,-1,-1,-1,-1,-1,-1,-1,-1,1,3,M,97786,DISTID1,36
Spruce21-24-nothin,YC21_24,?,?,FALSE,30,45,30,45,-1,-1,-1,-1,-1,-1,-1,-1,-1,-1,-1,-1,-1,-1,-1,-1,-1,-1,-1,-1,-1,1,3,M,50530,DISTID1,37
Spruce21-24-nothin,YC21_24,?,?,FALSE,30,45,30,45,-1,-1,-1,-1,-1,-1,-1,-1,-1,-1,-1,-1,-1,-1,-1,-1,-1,-1,-1,-1,-1,1,3,M,36663,DISTID1,38
Spruce21-24-nothin,YC21_24,?,?,FALSE,30,45,30,45,-1,-1,-1,-1,-1,-1,-1,-1,-1,-1,-1,-1,-1,-1,-1,-1,-1,-1,-1,-1,-1,1,3,M,26312,DISTID1,39
Spruce21-24-nothin,YC21_24,?,?,FALSE,30,45,30,45,-1,-1,-1,-1,-1,-1,-1,-1,-1,-1,-1,-1,-1,-1,-1,-1,-1,-1,-1,-1,-1,1,3,M,35823,DISTID1,40
Spruce21-24-nothin,YC21_24,?,?,FALSE,30,45,30,45,-1,-1,-1,-1,-1,-1,-1,-1,-1,-1,-1,-1,-1,-1,-1,-1,-1,-1,-1,-1,-1,1,3,M,29353,DISTID1,41
Spruce21-24-nothin,YC21_24,?,?,FALSE,30,45,30,45,-1,-1,-1,-1,-1,-1,-1,-1,-1,-1,-1,-1,-1,-1,-1,-1,-1,-1,-1,-1,-1,1,3,M,30868,DISTID1,42
Spruce21-24-nothin,YC21_24,?,?,FALSE,30,45,30,45,-1,-1,-1,-1,-1,-1,-1,-1,-1,-1,-1,-1,-1,-1,-1,-1,-1,-1,-1,-1,-1,1,3,M,28972,DISTID1,43
Spruce21-24-nothin,YC21_24,?,?,FALSE,30,45,30,45,-1,-1,-1,-1,-1,-1,-1,-1,-1,-1,-1,-1,-1,-1,-1,-1,-1,-1,-1,-1,-1,1,3,M,34984,DISTID1,44
Spruce21-24-nothin,YC21_24,?,?,FALSE,30,45,30,45,-1,-1,-1,-1,-1,-1,-1,-1,-1,-1,-1,-1,-1,-1,-1,-1,-1,-1,-1,-1,-1,1,3,M,32686,DISTID1,45
Spruce21-24-nothin,YC21_24,?,?,FALSE,30,45,30,45,-1,-1,-1,-1,-1,-1,-1,-1,-1,-1,-1,-1,-1,-1,-1,-1,-1,-1,-1,-1,-1,1,3,M,39379,DISTID1,46
Spruce21-24-nothin,YC21_24,?,?,FALSE,30,45,30,45,-1,-1,-1,-1,-1,-1,-1,-1,-1,-1,-1,-1,-1,-1,-1,-1,-1,-1,-1,-1,-1,1,3,M,45267,DISTID1,47
Spruce21-24-nothin,YC21_24,?,?,FALSE,30,45,30,45,-1,-1,-1,-1,-1,-1,-1,-1,-1,-1,-1,-1,-1,-1,-1,-1,-1,-1,-1,-1,-1,1,3,M,55399,DISTID1,48
Spruce21-24-nothin,YC21_24,?,?,FALSE,30,45,30,45,-1,-1,-1,-1,-1,-1,-1,-1,-1,-1,-1,-1,-1,-1,-1,-1,-1,-1,-1,-1,-1,1,3,M,43151,DISTID1,49
Spruce21-24-nothin,YC21_24,?,?,FALSE,30,45,30,45,-1,-1,-1,-1,-1,-1,-1,-1,-1,-1,-1,-1,-1,-1,-1,-1,-1,-1,-1,-1,-1,1,3,M,64857,DISTID1,50
Spruce21-24-nothin,YC21_24,?,?,FALSE,30,45,30,45,-1,-1,-1,-1,-1,-1,-1,-1,-1,-1,-1,-1,-1,-1,-1,-1,-1,-1,-1,-1,-1,1,3,M,59699,DISTID1,51
Spruce21-24-nothin,YC21_24,?,?,FALSE,30,45,30,45,-1,-1,-1,-1,-1,-1,-1,-1,-1,-1,-1,-1,-1,-1,-1,-1,-1,-1,-1,-1,-1,1,3,M,78681,DISTID1,52
Spruce21-24-nothin,YC21_24,?,?,FALSE,30,45,30,45,-1,-1,-1,-1,-1,-1,-1,-1,-1,-1,-1,-1,-1,-1,-1,-1,-1,-1,-1,-1,-1,1,3,M,73587,DISTID1,53
Spruce21-24-nothin,YC21_24,?,?,FALSE,30,45,30,45,-1,-1,-1,-1,-1,-1,-1,-1,-1,-1,-1,-1,-1,-1,-1,-1,-1,-1,-1,-1,-1,1,3,M,51295,DISTID1,54
Spruce21-24-thin,YC21_24,?,?,FALSE,30,45,30,45,-1,-1,-1,-1,-1,-1,-1,-1,-1,-1,-1,-1,-1,-1,-1,-1,-1,-1,-1,-1,-1,1,3,M,74962,DISTID1,1
Spruce21-24-thin,YC21_24,?,?,FALSE,30,45,30,45,-1,-1,-1,-1,-1,-1,-1,-1,-1,-1,-1,-1,-1,-1,-1,-1,-1,-1,-1,-1,-1,1,3,M,70126,DISTID1,2
Spruce21-24-thin,YC21_24,?,?,FALSE,30,45,30,45,-1,-1,-1,-1,-1,-1,-1,-1,-1,-1,-1,-1,-1,-1,-1,-1,-1,-1,-1,-1,-1,1,3,M,169064,DISTID1,3
Spruce21-24-thin,YC21_24,?,?,FALSE,30,45,30,45,-1,-1,-1,-1,-1,-1,-1,-1,-1,-1,-1,-1,-1,-1,-1,-1,-1,-1,-1,-1,-1,1,3,M,0,DISTID1,4
Spruce21-24-thin,YC21_24,?,?,FALSE,30,45,30,45,-1,-1,-1,-1,-1,-1,-1,-1,-1,-1,-1,-1,-1,-1,-1,-1,-1,-1,-1,-1,-1,1,3,M,48948,DISTID1,5
Spruce21-24-thin,YC21_24,?,?,FALSE,30,45,30,45,-1,-1,-1,-1,-1,-1,-1,-1,-1,-1,-1,-1,-1,-1,-1,-1,-1,-1,-1,-1,-1,1,3,M,19403,DISTID1,6
Spruce21-24-thin,YC21_24,?,?,FALSE,30,45,30,45,-1,-1,-1,-1,-1,-1,-1,-1,-1,-1,-1,-1,-1,-1,-1,-1,-1,-1,-1,-1,-1,1,3,M,18840,DISTID1,7
Spruce21-24-thin,YC21_24,?,?,FALSE,30,45,30,45,-1,-1,-1,-1,-1,-1,-1,-1,-1,-1,-1,-1,-1,-1,-1,-1,-1,-1,-1,-1,-1,1,3,M,27505,DISTID1,8
Spruce21-24-thin,YC21_24,?,?,FALSE,30,45,30,45,-1,-1,-1,-1,-1,-1,-1,-1,-1,-1,-1,-1,-1,-1,-1,-1,-1,-1,-1,-1,-1,1,3,M,362369,DISTID1,9
Spruce21-24-thin,YC21_24,?,?,FALSE,30,45,30,45,-1,-1,-1,-1,-1,-1,-1,-1,-1,-1,-1,-1,-1,-1,-1,-1,-1,-1,-1,-1,-1,1,3,M,21499,DISTID1,10
Spruce21-24-thin,YC21_24,?,?,FALSE,30,45,30,45,-1,-1,-1,-1,-1,-1,-1,-1,-1,-1,-1,-1,-1,-1,-1,-1,-1,-1,-1,-1,-1,1,3,M,18015,DISTID1,11
Spruce21-24-thin,YC21_24,?,?,FALSE,30,45,30,45,-1,-1,-1,-1,-1,-1,-1,-1,-1,-1,-1,-1,-1,-1,-1,-1,-1,-1,-1,-1,-1,1,3,M,15837,DISTID1,12
Spruce21-24-thin,YC21_24,?,?,FALSE,30,45,30,45,-1,-1,-1,-1,-1,-1,-1,-1,-1,-1,-1,-1,-1,-1,-1,-1,-1,-1,-1,-1,-1,1,3,M,123472,DISTID1,13
Spruce21-24-thin,YC21_24,?,?,FALSE,30,45,30,45,-1,-1,-1,-1,-1,-1,-1,-1,-1,-1,-1,-1,-1,-1,-1,-1,-1,-1,-1,-1,-1,1,3,M,87815,DISTID1,14
Spruce21-24-thin,YC21_24,?,?,FALSE,30,45,30,45,-1,-1,-1,-1,-1,-1,-1,-1,-1,-1,-1,-1,-1,-1,-1,-1,-1,-1,-1,-1,-1,1,3,M,20241,DISTID1,15
Spruce21-24-thin,YC21_24,?,?,FALSE,30,45,30,45,-1,-1,-1,-1,-1,-1,-1,-1,-1,-1,-1,-1,-1,-1,-1,-1,-1,-1,-1,-1,-1,1,3,M,33865,DISTID1,16
Spruce21-24-thin,YC21_24,?,?,FALSE,30,45,30,45,-1,-1,-1,-1,-1,-1,-1,-1,-1,-1,-1,-1,-1,-1,-1,-1,-1,-1,-1,-1,-1,1,3,M,60632,DISTID1,17
Spruce21-24-thin,YC21_24,?,?,FALSE,30,45,30,45,-1,-1,-1,-1,-1,-1,-1,-1,-1,-1,-1,-1,-1,-1,-1,-1,-1,-1,-1,-1,-1,1,3,M,75176,DISTID1,18
Spruce21-24-thin,YC21_24,?,?,FALSE,30,45,30,45,-1,-1,-1,-1,-1,-1,-1,-1,-1,-1,-1,-1,-1,-1,-1,-1,-1,-1,-1,-1,-1,1,3,M,92093,DISTID1,19
Spruce21-24-thin,YC21_24,?,?,FALSE,30,45,30,45,-1,-1,-1,-1,-1,-1,-1,-1,-1,-1,-1,-1,-1,-1,-1,-1,-1,-1,-1,-1,-1,1,3,M,63623,DISTID1,20
Spruce21-24-thin,YC21_24,?,?,FALSE,30,45,30,45,-1,-1,-1,-1,-1,-1,-1,-1,-1,-1,-1,-1,-1,-1,-1,-1,-1,-1,-1,-1,-1,1,3,M,60635,DISTID1,21
Spruce21-24-thin,YC21_24,?,?,FALSE,30,45,30,45,-1,-1,-1,-1,-1,-1,-1,-1,-1,-1,-1,-1,-1,-1,-1,-1,-1,-1,-1,-1,-1,1,3,M,76532,DISTID1,22
Spruce21-24-thin,YC21_24,?,?,FALSE,30,45,30,45,-1,-1,-1,-1,-1,-1,-1,-1,-1,-1,-1,-1,-1,-1,-1,-1,-1,-1,-1,-1,-1,1,3,M,72475,DISTID1,23
Spruce21-24-thin,YC21_24,?,?,FALSE,30,45,30,45,-1,-1,-1,-1,-1,-1,-1,-1,-1,-1,-1,-1,-1,-1,-1,-1,-1,-1,-1,-1,-1,1,3,M,71466,DISTID1,24
Spruce21-24-thin,YC21_24,?,?,FALSE,30,45,30,45,-1,-1,-1,-1,-1,-1,-1,-1,-1,-1,-1,-1,-1,-1,-1,-1,-1,-1,-1,-1,-1,1,3,M,53583,DISTID1,25
Spruce21-24-thin,YC21_24,?,?,FALSE,30,45,30,45,-1,-1,-1,-1,-1,-1,-1,-1,-1,-1,-1,-1,-1,-1,-1,-1,-1,-1,-1,-1,-1,1,3,M,70580,DISTID1,26
Spruce21-24-thin,YC21_24,?,?,FALSE,30,45,30,45,-1,-1,-1,-1,-1,-1,-1,-1,-1,-1,-1,-1,-1,-1,-1,-1,-1,-1,-1,-1,-1,1,3,M,84946,DISTID1,27
Spruce21-24-thin,YC21_24,?,?,FALSE,30,45,30,45,-1,-1,-1,-1,-1,-1,-1,-1,-1,-1,-1,-1,-1,-1,-1,-1,-1,-1,-1,-1,-1,1,3,M,51129,DISTID1,28
Spruce21-24-thin,YC21_24,?,?,FALSE,30,45,30,45,-1,-1,-1,-1,-1,-1,-1,-1,-1,-1,-1,-1,-1,-1,-1,-1,-1,-1,-1,-1,-1,1,3,M,17181,DISTID1,29
Spruce21-24-thin,YC21_24,?,?,FALSE,30,45,30,45,-1,-1,-1,-1,-1,-1,-1,-1,-1,-1,-1,-1,-1,-1,-1,-1,-1,-1,-1,-1,-1,1,3,M,18834,DISTID1,30
Spruce21-24-thin,YC21_24,?,?,FALSE,30,45,30,45,-1,-1,-1,-1,-1,-1,-1,-1,-1,-1,-1,-1,-1,-1,-1,-1,-1,-1,-1,-1,-1,1,3,M,81431,DISTID1,31
Spruce21-24-thin,YC21_24,?,?,FALSE,30,45,30,45,-1,-1,-1,-1,-1,-1,-1,-1,-1,-1,-1,-1,-1,-1,-1,-1,-1,-1,-1,-1,-1,1,3,M,75520,DISTID1,32
Spruce21-24-thin,YC21_24,?,?,FALSE,30,45,30,45,-1,-1,-1,-1,-1,-1,-1,-1,-1,-1,-1,-1,-1,-1,-1,-1,-1,-1,-1,-1,-1,1,3,M,107450,DISTID1,33
Spruce21-24-thin,YC21_24,?,?,FALSE,30,45,30,45,-1,-1,-1,-1,-1,-1,-1,-1,-1,-1,-1,-1,-1,-1,-1,-1,-1,-1,-1,-1,-1,1,3,M,39220,DISTID1,34
Spruce21-24-thin,YC21_24,?,?,FALSE,30,45,30,45,-1,-1,-1,-1,-1,-1,-1,-1,-1,-1,-1,-1,-1,-1,-1,-1,-1,-1,-1,-1,-1,1,3,M,39220,DISTID1,35
Spruce21-24-thin,YC21_24,?,?,FALSE,30,45,30,45,-1,-1,-1,-1,-1,-1,-1,-1,-1,-1,-1,-1,-1,-1,-1,-1,-1,-1,-1,-1,-1,1,3,M,44475,DISTID1,36
Spruce21-24-thin,YC21_24,?,?,FALSE,30,45,30,45,-1,-1,-1,-1,-1,-1,-1,-1,-1,-1,-1,-1,-1,-1,-1,-1,-1,-1,-1,-1,-1,1,3,M,59097,DISTID1,37
Spruce21-24-thin,YC21_24,?,?,FALSE,30,45,30,45,-1,-1,-1,-1,-1,-1,-1,-1,-1,-1,-1,-1,-1,-1,-1,-1,-1,-1,-1,-1,-1,1,3,M,57316,DISTID1,38
Spruce21-24-thin,YC21_24,?,?,FALSE,30,45,30,45,-1,-1,-1,-1,-1,-1,-1,-1,-1,-1,-1,-1,-1,-1,-1,-1,-1,-1,-1,-1,-1,1,3,M,75937,DISTID1,39
Spruce21-24-thin,YC21_24,?,?,FALSE,30,45,30,45,-1,-1,-1,-1,-1,-1,-1,-1,-1,-1,-1,-1,-1,-1,-1,-1,-1,-1,-1,-1,-1,1,3,M,70349,DISTID1,40
Spruce21-24-thin,YC21_24,?,?,FALSE,30,45,30,45,-1,-1,-1,-1,-1,-1,-1,-1,-1,-1,-1,-1,-1,-1,-1,-1,-1,-1,-1,-1,-1,1,3,M,55210,DISTID1,41
Spruce21-24-thin,YC21_24,?,?,FALSE,30,45,30,45,-1,-1,-1,-1,-1,-1,-1,-1,-1,-1,-1,-1,-1,-1,-1,-1,-1,-1,-1,-1,-1,1,3,M,65635,DISTID1,42
Spruce21-24-thin,YC21_24,?,?,FALSE,30,45,30,45,-1,-1,-1,-1,-1,-1,-1,-1,-1,-1,-1,-1,-1,-1,-1,-1,-1,-1,-1,-1,-1,1,3,M,70095,DISTID1,43
Spruce21-24-thin,YC21_24,?,?,FALSE,30,45,30,45,-1,-1,-1,-1,-1,-1,-1,-1,-1,-1,-1,-1,-1,-1,-1,-1,-1,-1,-1,-1,-1,1,3,M,66321,DISTID1,44
Spruce21-24-thin,YC21_24,?,?,FALSE,30,45,30,45,-1,-1,-1,-1,-1,-1,-1,-1,-1,-1,-1,-1,-1,-1,-1,-1,-1,-1,-1,-1,-1,1,3,M,76523,DISTID1,45
Spruce21-24-thin,YC21_24,?,?,FALSE,30,45,30,45,-1,-1,-1,-1,-1,-1,-1,-1,-1,-1,-1,-1,-1,-1,-1,-1,-1,-1,-1,-1,-1,1,3,M,61830,DISTID1,46
Spruce21-24-thin,YC21_24,?,?,FALSE,30,45,30,45,-1,-1,-1,-1,-1,-1,-1,-1,-1,-1,-1,-1,-1,-1,-1,-1,-1,-1,-1,-1,-1,1,3,M,60272,DISTID1,47
Spruce21-24-thin,YC21_24,?,?,FALSE,30,45,30,45,-1,-1,-1,-1,-1,-1,-1,-1,-1,-1,-1,-1,-1,-1,-1,-1,-1,-1,-1,-1,-1,1,3,M,102181,DISTID1,48
Spruce21-24-thin,YC21_24,?,?,FALSE,30,45,30,45,-1,-1,-1,-1,-1,-1,-1,-1,-1,-1,-1,-1,-1,-1,-1,-1,-1,-1,-1,-1,-1,1,3,M,120365,DISTID1,49
Spruce21-24-thin,YC21_24,?,?,FALSE,30,45,30,45,-1,-1,-1,-1,-1,-1,-1,-1,-1,-1,-1,-1,-1,-1,-1,-1,-1,-1,-1,-1,-1,1,3,M,117847,DISTID1,50
Spruce21-24-thin,YC21_24,?,?,FALSE,30,45,30,45,-1,-1,-1,-1,-1,-1,-1,-1,-1,-1,-1,-1,-1,-1,-1,-1,-1,-1,-1,-1,-1,1,3,M,44064,DISTID1,51
Spruce21-24-thin,YC21_24,?,?,FALSE,30,45,30,45,-1,-1,-1,-1,-1,-1,-1,-1,-1,-1,-1,-1,-1,-1,-1,-1,-1,-1,-1,-1,-1,1,3,M,63582,DISTID1,52
Spruce21-24-thin,YC21_24,?,?,FALSE,30,45,30,45,-1,-1,-1,-1,-1,-1,-1,-1,-1,-1,-1,-1,-1,-1,-1,-1,-1,-1,-1,-1,-1,1,3,M,53802,DISTID1,53
Spruce21-24-thin,YC21_24,?,?,FALSE,30,45,30,45,-1,-1,-1,-1,-1,-1,-1,-1,-1,-1,-1,-1,-1,-1,-1,-1,-1,-1,-1,-1,-1,1,3,M,52979,DISTID1,54
Spruce25-32-nothin,YC25_32,?,?,FALSE,27,41,27,41,-1,-1,-1,-1,-1,-1,-1,-1,-1,-1,-1,-1,-1,-1,-1,-1,-1,-1,-1,-1,-1,1,3,M,28241,DISTID1,5
Spruce25-32-nothin,YC25_32,?,?,FALSE,27,41,27,41,-1,-1,-1,-1,-1,-1,-1,-1,-1,-1,-1,-1,-1,-1,-1,-1,-1,-1,-1,-1,-1,1,3,M,26123,DISTID1,6
Spruce25-32-nothin,YC25_32,?,?,FALSE,27,41,27,41,-1,-1,-1,-1,-1,-1,-1,-1,-1,-1,-1,-1,-1,-1,-1,-1,-1,-1,-1,-1,-1,1,3,M,27034,DISTID1,7
Spruce25-32-nothin,YC25_32,?,?,FALSE,27,41,27,41,-1,-1,-1,-1,-1,-1,-1,-1,-1,-1,-1,-1,-1,-1,-1,-1,-1,-1,-1,-1,-1,1,3,M,34009,DISTID1,8
Spruce25-32-nothin,YC25_32,?,?,FALSE,27,41,27,41,-1,-1,-1,-1,-1,-1,-1,-1,-1,-1,-1,-1,-1,-1,-1,-1,-1,-1,-1,-1,-1,1,3,M,34528,DISTID1,9
Spruce25-32-nothin,YC25_32,?,?,FALSE,27,41,27,41,-1,-1,-1,-1,-1,-1,-1,-1,-1,-1,-1,-1,-1,-1,-1,-1,-1,-1,-1,-1,-1,1,3,M,4494,DISTID1,10
Spruce25-32-nothin,YC25_32,?,?,FALSE,27,41,27,41,-1,-1,-1,-1,-1,-1,-1,-1,-1,-1,-1,-1,-1,-1,-1,-1,-1,-1,-1,-1,-1,1,3,M,3500,DISTID1,11
Spruce25-32-nothin,YC25_32,?,?,FALSE,27,41,27,41,-1,-1,-1,-1,-1,-1,-1,-1,-1,-1,-1,-1,-1,-1,-1,-1,-1,-1,-1,-1,-1,1,3,M,3745,DISTID1,12
Spruce25-32-nothin,YC25_32,?,?,FALSE,27,41,27,41,-1,-1,-1,-1,-1,-1,-1,-1,-1,-1,-1,-1,-1,-1,-1,-1,-1,-1,-1,-1,-1,1,3,M,14247,DISTID1,13
Spruce25-32-nothin,YC25_32,?,?,FALSE,27,41,27,41,-1,-1,-1,-1,-1,-1,-1,-1,-1,-1,-1,-1,-1,-1,-1,-1,-1,-1,-1,-1,-1,1,3,M,15713,DISTID1,14
Spruce25-32-nothin,YC25_32,?,?,FALSE,27,41,27,41,-1,-1,-1,-1,-1,-1,-1,-1,-1,-1,-1,-1,-1,-1,-1,-1,-1,-1,-1,-1,-1,1,3,M,15963,DISTID1,15
Spruce25-32-nothin,YC25_32,?,?,FALSE,27,41,27,41,-1,-1,-1,-1,-1,-1,-1,-1,-1,-1,-1,-1,-1,-1,-1,-1,-1,-1,-1,-1,-1,1,3,M,16982,DISTID1,16
Spruce25-32-nothin,YC25_32,?,?,FALSE,27,41,27,41,-1,-1,-1,-1,-1,-1,-1,-1,-1,-1,-1,-1,-1,-1,-1,-1,-1,-1,-1,-1,-1,1,3,M,13203,DISTID1,17
Spruce25-32-nothin,YC25_32,?,?,FALSE,27,41,27,41,-1,-1,-1,-1,-1,-1,-1,-1,-1,-1,-1,-1,-1,-1,-1,-1,-1,-1,-1,-1,-1,1,3,M,1966,DISTID1,18
Spruce25-32-nothin,YC25_32,?,?,FALSE,27,41,27,41,-1,-1,-1,-1,-1,-1,-1,-1,-1,-1,-1,-1,-1,-1,-1,-1,-1,-1,-1,-1,-1,1,3,M,1902,DISTID1,19
Spruce25-32-nothin,YC25_32,?,?,FALSE,27,41,27,41,-1,-1,-1,-1,-1,-1,-1,-1,-1,-1,-1,-1,-1,-1,-1,-1,-1,-1,-1,-1,-1,1,3,M,2397,DISTID1,20
Spruce25-32-nothin,YC25_32,?,?,FALSE,27,41,27,41,-1,-1,-1,-1,-1,-1,-1,-1,-1,-1,-1,-1,-1,-1,-1,-1,-1,-1,-1,-1,-1,1,3,M,2309,DISTID1,21
Spruce25-32-nothin,YC25_32,?,?,FALSE,27,41,27,41,-1,-1,-1,-1,-1,-1,-1,-1,-1,-1,-1,-1,-1,-1,-1,-1,-1,-1,-1,-1,-1,1,3,M,2054,DISTID1,22
Spruce25-32-nothin,YC25_32,?,?,FALSE,27,41,27,41,-1,-1,-1,-1,-1,-1,-1,-1,-1,-1,-1,-1,-1,-1,-1,-1,-1,-1,-1,-1,-1,1,3,M,5532,DISTID1,23
Spruce25-32-nothin,YC25_32,?,?,FALSE,27,41,27,41,-1,-1,-1,-1,-1,-1,-1,-1,-1,-1,-1,-1,-1,-1,-1,-1,-1,-1,-1,-1,-1,1,3,M,4617,DISTID1,24
Spruce25-32-nothin,YC25_32,?,?,FALSE,27,41,27,41,-1,-1,-1,-1,-1,-1,-1,-1,-1,-1,-1,-1,-1,-1,-1,-1,-1,-1,-1,-1,-1,1,3,M,5841,DISTID1,25
Spruce25-32-nothin,YC25_32,?,?,FALSE,27,41,27,41,-1,-1,-1,-1,-1,-1,-1,-1,-1,-1,-1,-1,-1,-1,-1,-1,-1,-1,-1,-1,-1,1,3,M,7578,DISTID1,26
Spruce25-32-nothin,YC25_32,?,?,FALSE,27,41,27,41,-1,-1,-1,-1,-1,-1,-1,-1,-1,-1,-1,-1,-1,-1,-1,-1,-1,-1,-1,-1,-1,1,3,M,7834,DISTID1,27
Spruce25-32-nothin,YC25_32,?,?,FALSE,27,41,27,41,-1,-1,-1,-1,-1,-1,-1,-1,-1,-1,-1,-1,-1,-1,-1,-1,-1,-1,-1,-1,-1,1,3,M,9433,DISTID1,28
Spruce25-32-nothin,YC25_32,?,?,FALSE,27,41,27,41,-1,-1,-1,-1,-1,-1,-1,-1,-1,-1,-1,-1,-1,-1,-1,-1,-1,-1,-1,-1,-1,1,3,M,0,DISTID1,29
Spruce25-32-nothin,YC25_32,?,?,FALSE,27,41,27,41,-1,-1,-1,-1,-1,-1,-1,-1,-1,-1,-1,-1,-1,-1,-1,-1,-1,-1,-1,-1,-1,1,3,M,0,DISTID1,30
Spruce25-32-nothin,YC25_32,?,?,FALSE,27,41,27,41,-1,-1,-1,-1,-1,-1,-1,-1,-1,-1,-1,-1,-1,-1,-1,-1,-1,-1,-1,-1,-1,1,3,M,0,DISTID1,31
Spruce25-32-nothin,YC25_32,?,?,FALSE,27,41,27,41,-1,-1,-1,-1,-1,-1,-1,-1,-1,-1,-1,-1,-1,-1,-1,-1,-1,-1,-1,-1,-1,1,3,M,11999,DISTID1,32
Spruce25-32-nothin,YC25_32,?,?,FALSE,27,41,27,41,-1,-1,-1,-1,-1,-1,-1,-1,-1,-1,-1,-1,-1,-1,-1,-1,-1,-1,-1,-1,-1,1,3,M,31660,DISTID1,33
Spruce25-32-nothin,YC25_32,?,?,FALSE,27,41,27,41,-1,-1,-1,-1,-1,-1,-1,-1,-1,-1,-1,-1,-1,-1,-1,-1,-1,-1,-1,-1,-1,1,3,M,35562,DISTID1,34
Spruce25-32-nothin,YC25_32,?,?,FALSE,27,41,27,41,-1,-1,-1,-1,-1,-1,-1,-1,-1,-1,-1,-1,-1,-1,-1,-1,-1,-1,-1,-1,-1,1,3,M,35562,DISTID1,35
Spruce25-32-nothin,YC25_32,?,?,FALSE,27,41,27,41,-1,-1,-1,-1,-1,-1,-1,-1,-1,-1,-1,-1,-1,-1,-1,-1,-1,-1,-1,-1,-1,1,3,M,40327,DISTID1,36
Spruce25-32-nothin,YC25_32,?,?,FALSE,27,41,27,41,-1,-1,-1,-1,-1,-1,-1,-1,-1,-1,-1,-1,-1,-1,-1,-1,-1,-1,-1,-1,-1,1,3,M,15523,DISTID1,37
Spruce25-32-nothin,YC25_32,?,?,FALSE,27,41,27,41,-1,-1,-1,-1,-1,-1,-1,-1,-1,-1,-1,-1,-1,-1,-1,-1,-1,-1,-1,-1,-1,1,3,M,2900,DISTID1,38
Spruce25-32-nothin,YC25_32,?,?,FALSE,27,41,27,41,-1,-1,-1,-1,-1,-1,-1,-1,-1,-1,-1,-1,-1,-1,-1,-1,-1,-1,-1,-1,-1,1,3,M,2367,DISTID1,39
Spruce25-32-nothin,YC25_32,?,?,FALSE,27,41,27,41,-1,-1,-1,-1,-1,-1,-1,-1,-1,-1,-1,-1,-1,-1,-1,-1,-1,-1,-1,-1,-1,1,3,M,12683,DISTID1,40
Spruce25-32-nothin,YC25_32,?,?,FALSE,27,41,27,41,-1,-1,-1,-1,-1,-1,-1,-1,-1,-1,-1,-1,-1,-1,-1,-1,-1,-1,-1,-1,-1,1,3,M,13477,DISTID1,41
Spruce25-32-nothin,YC25_32,?,?,FALSE,27,41,27,41,-1,-1,-1,-1,-1,-1,-1,-1,-1,-1,-1,-1,-1,-1,-1,-1,-1,-1,-1,-1,-1,1,3,M,14056,DISTID1,42
Spruce25-32-nothin,YC25_32,?,?,FALSE,27,41,27,41,-1,-1,-1,-1,-1,-1,-1,-1,-1,-1,-1,-1,-1,-1,-1,-1,-1,-1,-1,-1,-1,1,3,M,15350,DISTID1,43
Spruce25-32-nothin,YC25_32,?,?,FALSE,27,41,27,41,-1,-1,-1,-1,-1,-1,-1,-1,-1,-1,-1,-1,-1,-1,-1,-1,-1,-1,-1,-1,-1,1,3,M,12010,DISTID1,44
Spruce25-32-nothin,YC25_32,?,?,FALSE,27,41,27,41,-1,-1,-1,-1,-1,-1,-1,-1,-1,-1,-1,-1,-1,-1,-1,-1,-1,-1,-1,-1,-1,1,3,M,1871,DISTID1,45
Spruce25-32-nothin,YC25_32,?,?,FALSE,27,41,27,41,-1,-1,-1,-1,-1,-1,-1,-1,-1,-1,-1,-1,-1,-1,-1,-1,-1,-1,-1,-1,-1,1,3,M,1823,DISTID1,46
Spruce25-32-nothin,YC25_32,?,?,FALSE,27,41,27,41,-1,-1,-1,-1,-1,-1,-1,-1,-1,-1,-1,-1,-1,-1,-1,-1,-1,-1,-1,-1,-1,1,3,M,2365,DISTID1,47
Spruce25-32-nothin,YC25_32,?,?,FALSE,27,41,27,41,-1,-1,-1,-1,-1,-1,-1,-1,-1,-1,-1,-1,-1,-1,-1,-1,-1,-1,-1,-1,-1,1,3,M,2305,DISTID1,48
Spruce25-32-nothin,YC25_32,?,?,FALSE,27,41,27,41,-1,-1,-1,-1,-1,-1,-1,-1,-1,-1,-1,-1,-1,-1,-1,-1,-1,-1,-1,-1,-1,1,3,M,2027,DISTID1,49
Spruce25-32-nothin,YC25_32,?,?,FALSE,27,41,27,41,-1,-1,-1,-1,-1,-1,-1,-1,-1,-1,-1,-1,-1,-1,-1,-1,-1,-1,-1,-1,-1,1,3,M,5148,DISTID1,50
Spruce25-32-nothin,YC25_32,?,?,FALSE,27,41,27,41,-1,-1,-1,-1,-1,-1,-1,-1,-1,-1,-1,-1,-1,-1,-1,-1,-1,-1,-1,-1,-1,1,3,M,4053,DISTID1,51
Spruce25-32-nothin,YC25_32,?,?,FALSE,27,41,27,41,-1,-1,-1,-1,-1,-1,-1,-1,-1,-1,-1,-1,-1,-1,-1,-1,-1,-1,-1,-1,-1,1,3,M,5892,DISTID1,52
Spruce25-32-nothin,YC25_32,?,?,FALSE,27,41,27,41,-1,-1,-1,-1,-1,-1,-1,-1,-1,-1,-1,-1,-1,-1,-1,-1,-1,-1,-1,-1,-1,1,3,M,8196,DISTID1,53
Spruce25-32-nothin,YC25_32,?,?,FALSE,27,41,27,41,-1,-1,-1,-1,-1,-1,-1,-1,-1,-1,-1,-1,-1,-1,-1,-1,-1,-1,-1,-1,-1,1,3,M,14606,DISTID1,54
Spruce25-32-thin,YC25_32,?,?,FALSE,27,41,27,41,-1,-1,-1,-1,-1,-1,-1,-1,-1,-1,-1,-1,-1,-1,-1,-1,-1,-1,-1,-1,-1,1,3,M,23153,DISTID1,1
Spruce25-32-thin,YC25_32,?,?,FALSE,27,41,27,41,-1,-1,-1,-1,-1,-1,-1,-1,-1,-1,-1,-1,-1,-1,-1,-1,-1,-1,-1,-1,-1,1,3,M,0,DISTID1,2
Spruce25-32-thin,YC25_32,?,?,FALSE,27,41,27,41,-1,-1,-1,-1,-1,-1,-1,-1,-1,-1,-1,-1,-1,-1,-1,-1,-1,-1,-1,-1,-1,1,3,M,0,DISTID1,3
Spruce25-32-thin,YC25_32,?,?,FALSE,27,41,27,41,-1,-1,-1,-1,-1,-1,-1,-1,-1,-1,-1,-1,-1,-1,-1,-1,-1,-1,-1,-1,-1,1,3,M,0,DISTID1,4
Spruce25-32-thin,YC25_32,?,?,FALSE,27,41,27,41,-1,-1,-1,-1,-1,-1,-1,-1,-1,-1,-1,-1,-1,-1,-1,-1,-1,-1,-1,-1,-1,1,3,M,9082,DISTID1,5
Spruce25-32-thin,YC25_32,?,?,FALSE,27,41,27,41,-1,-1,-1,-1,-1,-1,-1,-1,-1,-1,-1,-1,-1,-1,-1,-1,-1,-1,-1,-1,-1,1,3,M,2856,DISTID1,6
Spruce25-32-thin,YC25_32,?,?,FALSE,27,41,27,41,-1,-1,-1,-1,-1,-1,-1,-1,-1,-1,-1,-1,-1,-1,-1,-1,-1,-1,-1,-1,-1,1,3,M,1494,DISTID1,7
Spruce25-32-thin,YC25_32,?,?,FALSE,27,41,27,41,-1,-1,-1,-1,-1,-1,-1,-1,-1,-1,-1,-1,-1,-1,-1,-1,-1,-1,-1,-1,-1,1,3,M,161624,DISTID1,8
Spruce25-32-thin,YC25_32,?,?,FALSE,27,41,27,41,-1,-1,-1,-1,-1,-1,-1,-1,-1,-1,-1,-1,-1,-1,-1,-1,-1,-1,-1,-1,-1,1,3,M,9538,DISTID1,9
Spruce25-32-thin,YC25_32,?,?,FALSE,27,41,27,41,-1,-1,-1,-1,-1,-1,-1,-1,-1,-1,-1,-1,-1,-1,-1,-1,-1,-1,-1,-1,-1,1,3,M,971,DISTID1,10
Spruce25-32-thin,YC25_32,?,?,FALSE,27,41,27,41,-1,-1,-1,-1,-1,-1,-1,-1,-1,-1,-1,-1,-1,-1,-1,-1,-1,-1,-1,-1,-1,1,3,M,37796,DISTID1,11
Spruce25-32-thin,YC25_32,?,?,FALSE,27,41,27,41,-1,-1,-1,-1,-1,-1,-1,-1,-1,-1,-1,-1,-1,-1,-1,-1,-1,-1,-1,-1,-1,1,3,M,8237,DISTID1,12
Spruce25-32-thin,YC25_32,?,?,FALSE,27,41,27,41,-1,-1,-1,-1,-1,-1,-1,-1,-1,-1,-1,-1,-1,-1,-1,-1,-1,-1,-1,-1,-1,1,3,M,4949,DISTID1,13
Spruce25-32-thin,YC25_32,?,?,FALSE,27,41,27,41,-1,-1,-1,-1,-1,-1,-1,-1,-1,-1,-1,-1,-1,-1,-1,-1,-1,-1,-1,-1,-1,1,3,M,32487,DISTID1,14
Spruce25-32-thin,YC25_32,?,?,FALSE,27,41,27,41,-1,-1,-1,-1,-1,-1,-1,-1,-1,-1,-1,-1,-1,-1,-1,-1,-1,-1,-1,-1,-1,1,3,M,6791,DISTID1,15
Spruce25-32-thin,YC25_32,?,?,FALSE,27,41,27,41,-1,-1,-1,-1,-1,-1,-1,-1,-1,-1,-1,-1,-1,-1,-1,-1,-1,-1,-1,-1,-1,1,3,M,13401,DISTID1,16
Spruce25-32-thin,YC25_32,?,?,FALSE,27,41,27,41,-1,-1,-1,-1,-1,-1,-1,-1,-1,-1,-1,-1,-1,-1,-1,-1,-1,-1,-1,-1,-1,1,3,M,15507,DISTID1,17
Spruce25-32-thin,YC25_32,?,?,FALSE,27,41,27,41,-1,-1,-1,-1,-1,-1,-1,-1,-1,-1,-1,-1,-1,-1,-1,-1,-1,-1,-1,-1,-1,1,3,M,16806,DISTID1,18
Spruce25-32-thin,YC25_32,?,?,FALSE,27,41,27,41,-1,-1,-1,-1,-1,-1,-1,-1,-1,-1,-1,-1,-1,-1,-1,-1,-1,-1,-1,-1,-1,1,3,M,1448,DISTID1,19
Spruce25-32-thin,YC25_32,?,?,FALSE,27,41,27,41,-1,-1,-1,-1,-1,-1,-1,-1,-1,-1,-1,-1,-1,-1,-1,-1,-1,-1,-1,-1,-1,1,3,M,2564,DISTID1,20
Spruce25-32-thin,YC25_32,?,?,FALSE,27,41,27,41,-1,-1,-1,-1,-1,-1,-1,-1,-1,-1,-1,-1,-1,-1,-1,-1,-1,-1,-1,-1,-1,1,3,M,2152,DISTID1,21
Spruce25-32-thin,YC25_32,?,?,FALSE,27,41,27,41,-1,-1,-1,-1,-1,-1,-1,-1,-1,-1,-1,-1,-1,-1,-1,-1,-1,-1,-1,-1,-1,1,3,M,2069,DISTID1,22
Spruce25-32-thin,YC25_32,?,?,FALSE,27,41,27,41,-1,-1,-1,-1,-1,-1,-1,-1,-1,-1,-1,-1,-1,-1,-1,-1,-1,-1,-1,-1,-1,1,3,M,7206,DISTID1,23
Spruce25-32-thin,YC25_32,?,?,FALSE,27,41,27,41,-1,-1,-1,-1,-1,-1,-1,-1,-1,-1,-1,-1,-1,-1,-1,-1,-1,-1,-1,-1,-1,1,3,M,6815,DISTID1,24
Spruce25-32-thin,YC25_32,?,?,FALSE,27,41,27,41,-1,-1,-1,-1,-1,-1,-1,-1,-1,-1,-1,-1,-1,-1,-1,-1,-1,-1,-1,-1,-1,1,3,M,6510,DISTID1,25
Spruce25-32-thin,YC25_32,?,?,FALSE,27,41,27,41,-1,-1,-1,-1,-1,-1,-1,-1,-1,-1,-1,-1,-1,-1,-1,-1,-1,-1,-1,-1,-1,1,3,M,7325,DISTID1,26
Spruce25-32-thin,YC25_32,?,?,FALSE,27,41,27,41,-1,-1,-1,-1,-1,-1,-1,-1,-1,-1,-1,-1,-1,-1,-1,-1,-1,-1,-1,-1,-1,1,3,M,8020,DISTID1,27
Spruce25-32-thin,YC25_32,?,?,FALSE,27,41,27,41,-1,-1,-1,-1,-1,-1,-1,-1,-1,-1,-1,-1,-1,-1,-1,-1,-1,-1,-1,-1,-1,1,3,M,25903,DISTID1,28
Spruce25-32-thin,YC25_32,?,?,FALSE,27,41,27,41,-1,-1,-1,-1,-1,-1,-1,-1,-1,-1,-1,-1,-1,-1,-1,-1,-1,-1,-1,-1,-1,1,3,M,0,DISTID1,29
Spruce25-32-thin,YC25_32,?,?,FALSE,27,41,27,41,-1,-1,-1,-1,-1,-1,-1,-1,-1,-1,-1,-1,-1,-1,-1,-1,-1,-1,-1,-1,-1,1,3,M,0,DISTID1,30
Spruce25-32-thin,YC25_32,?,?,FALSE,27,41,27,41,-1,-1,-1,-1,-1,-1,-1,-1,-1,-1,-1,-1,-1,-1,-1,-1,-1,-1,-1,-1,-1,1,3,M,0,DISTID1,31
Spruce25-32-thin,YC25_32,?,?,FALSE,27,41,27,41,-1,-1,-1,-1,-1,-1,-1,-1,-1,-1,-1,-1,-1,-1,-1,-1,-1,-1,-1,-1,-1,1,3,M,2752,DISTID1,32
Spruce25-32-thin,YC25_32,?,?,FALSE,27,41,27,41,-1,-1,-1,-1,-1,-1,-1,-1,-1,-1,-1,-1,-1,-1,-1,-1,-1,-1,-1,-1,-1,1,3,M,2489,DISTID1,33
Spruce25-32-thin,YC25_32,?,?,FALSE,27,41,27,41,-1,-1,-1,-1,-1,-1,-1,-1,-1,-1,-1,-1,-1,-1,-1,-1,-1,-1,-1,-1,-1,1,3,M,1430,DISTID1,34
Spruce25-32-thin,YC25_32,?,?,FALSE,27,41,27,41,-1,-1,-1,-1,-1,-1,-1,-1,-1,-1,-1,-1,-1,-1,-1,-1,-1,-1,-1,-1,-1,1,3,M,1430,DISTID1,35
Spruce25-32-thin,YC25_32,?,?,FALSE,27,41,27,41,-1,-1,-1,-1,-1,-1,-1,-1,-1,-1,-1,-1,-1,-1,-1,-1,-1,-1,-1,-1,-1,1,3,M,1622,DISTID1,36
Spruce25-32-thin,YC25_32,?,?,FALSE,27,41,27,41,-1,-1,-1,-1,-1,-1,-1,-1,-1,-1,-1,-1,-1,-1,-1,-1,-1,-1,-1,-1,-1,1,3,M,4677,DISTID1,37
Spruce25-32-thin,YC25_32,?,?,FALSE,27,41,27,41,-1,-1,-1,-1,-1,-1,-1,-1,-1,-1,-1,-1,-1,-1,-1,-1,-1,-1,-1,-1,-1,1,3,M,2457,DISTID1,38
Spruce25-32-thin,YC25_32,?,?,FALSE,27,41,27,41,-1,-1,-1,-1,-1,-1,-1,-1,-1,-1,-1,-1,-1,-1,-1,-1,-1,-1,-1,-1,-1,1,3,M,3930,DISTID1,39
Spruce25-32-thin,YC25_32,?,?,FALSE,27,41,27,41,-1,-1,-1,-1,-1,-1,-1,-1,-1,-1,-1,-1,-1,-1,-1,-1,-1,-1,-1,-1,-1,1,3,M,3834,DISTID1,40
Spruce25-32-thin,YC25_32,?,?,FALSE,27,41,27,41,-1,-1,-1,-1,-1,-1,-1,-1,-1,-1,-1,-1,-1,-1,-1,-1,-1,-1,-1,-1,-1,1,3,M,4802,DISTID1,41
Spruce25-32-thin,YC25_32,?,?,FALSE,27,41,27,41,-1,-1,-1,-1,-1,-1,-1,-1,-1,-1,-1,-1,-1,-1,-1,-1,-1,-1,-1,-1,-1,1,3,M,5260,DISTID1,42
Spruce25-32-thin,YC25_32,?,?,FALSE,27,41,27,41,-1,-1,-1,-1,-1,-1,-1,-1,-1,-1,-1,-1,-1,-1,-1,-1,-1,-1,-1,-1,-1,1,3,M,5760,DISTID1,43
Spruce25-32-thin,YC25_32,?,?,FALSE,27,41,27,41,-1,-1,-1,-1,-1,-1,-1,-1,-1,-1,-1,-1,-1,-1,-1,-1,-1,-1,-1,-1,-1,1,3,M,3706,DISTID1,44
Spruce25-32-thin,YC25_32,?,?,FALSE,27,41,27,41,-1,-1,-1,-1,-1,-1,-1,-1,-1,-1,-1,-1,-1,-1,-1,-1,-1,-1,-1,-1,-1,1,3,M,2721,DISTID1,45
Spruce25-32-thin,YC25_32,?,?,FALSE,27,41,27,41,-1,-1,-1,-1,-1,-1,-1,-1,-1,-1,-1,-1,-1,-1,-1,-1,-1,-1,-1,-1,-1,1,3,M,2303,DISTID1,46
Spruce25-32-thin,YC25_32,?,?,FALSE,27,41,27,41,-1,-1,-1,-1,-1,-1,-1,-1,-1,-1,-1,-1,-1,-1,-1,-1,-1,-1,-1,-1,-1,1,3,M,2577,DISTID1,47
Spruce25-32-thin,YC25_32,?,?,FALSE,27,41,27,41,-1,-1,-1,-1,-1,-1,-1,-1,-1,-1,-1,-1,-1,-1,-1,-1,-1,-1,-1,-1,-1,1,3,M,2995,DISTID1,48
Spruce25-32-thin,YC25_32,?,?,FALSE,27,41,27,41,-1,-1,-1,-1,-1,-1,-1,-1,-1,-1,-1,-1,-1,-1,-1,-1,-1,-1,-1,-1,-1,1,3,M,4668,DISTID1,49
Spruce25-32-thin,YC25_32,?,?,FALSE,27,41,27,41,-1,-1,-1,-1,-1,-1,-1,-1,-1,-1,-1,-1,-1,-1,-1,-1,-1,-1,-1,-1,-1,1,3,M,6884,DISTID1,50
Spruce25-32-thin,YC25_32,?,?,FALSE,27,41,27,41,-1,-1,-1,-1,-1,-1,-1,-1,-1,-1,-1,-1,-1,-1,-1,-1,-1,-1,-1,-1,-1,1,3,M,6028,DISTID1,51
Spruce25-32-thin,YC25_32,?,?,FALSE,27,41,27,41,-1,-1,-1,-1,-1,-1,-1,-1,-1,-1,-1,-1,-1,-1,-1,-1,-1,-1,-1,-1,-1,1,3,M,5436,DISTID1,52
Spruce25-32-thin,YC25_32,?,?,FALSE,27,41,27,41,-1,-1,-1,-1,-1,-1,-1,-1,-1,-1,-1,-1,-1,-1,-1,-1,-1,-1,-1,-1,-1,1,3,M,6990,DISTID1,53
Spruce25-32-thin,YC25_32,?,?,FALSE,27,41,27,41,-1,-1,-1,-1,-1,-1,-1,-1,-1,-1,-1,-1,-1,-1,-1,-1,-1,-1,-1,-1,-1,1,3,M,13275,DISTID1,54
Spruce4-12,YC4_12,?,?,FALSE,30,45,30,45,-1,-1,-1,-1,-1,-1,-1,-1,-1,-1,-1,-1,-1,-1,-1,-1,-1,-1,-1,-1,-1,1,3,M,69205,DISTID1,1
Spruce4-12,YC4_12,?,?,FALSE,30,45,30,45,-1,-1,-1,-1,-1,-1,-1,-1,-1,-1,-1,-1,-1,-1,-1,-1,-1,-1,-1,-1,-1,1,3,M,10991,DISTID1,2
Spruce4-12,YC4_12,?,?,FALSE,30,45,30,45,-1,-1,-1,-1,-1,-1,-1,-1,-1,-1,-1,-1,-1,-1,-1,-1,-1,-1,-1,-1,-1,1,3,M,164325,DISTID1,3
Spruce4-12,YC4_12,?,?,FALSE,30,45,30,45,-1,-1,-1,-1,-1,-1,-1,-1,-1,-1,-1,-1,-1,-1,-1,-1,-1,-1,-1,-1,-1,1,3,M,77374,DISTID1,4
Spruce4-12,YC4_12,?,?,FALSE,50,75,50,75,-1,-1,-1,-1,-1,-1,-1,-1,-1,-1,-1,-1,-1,-1,-1,-1,-1,-1,-1,-1,-1,1,3,M,0,DISTID1,5
Spruce4-12,YC4_12,?,?,FALSE,50,75,50,75,-1,-1,-1,-1,-1,-1,-1,-1,-1,-1,-1,-1,-1,-1,-1,-1,-1,-1,-1,-1,-1,1,3,M,0,DISTID1,6
Spruce4-12,YC4_12,?,?,FALSE,50,75,50,75,-1,-1,-1,-1,-1,-1,-1,-1,-1,-1,-1,-1,-1,-1,-1,-1,-1,-1,-1,-1,-1,1,3,M,11391,DISTID1,7
Spruce4-12,YC4_12,?,?,FALSE,50,75,50,75,-1,-1,-1,-1,-1,-1,-1,-1,-1,-1,-1,-1,-1,-1,-1,-1,-1,-1,-1,-1,-1,1,3,M,28649,DISTID1,8
Spruce4-12,YC4_12,?,?,FALSE,50,75,50,75,-1,-1,-1,-1,-1,-1,-1,-1,-1,-1,-1,-1,-1,-1,-1,-1,-1,-1,-1,-1,-1,1,3,M,30987,DISTID1,9
Spruce4-12,YC4_12,?,?,FALSE,50,75,50,75,-1,-1,-1,-1,-1,-1,-1,-1,-1,-1,-1,-1,-1,-1,-1,-1,-1,-1,-1,-1,-1,1,3,M,35155,DISTID1,10
Spruce4-12,YC4_12,?,?,FALSE,50,75,50,75,-1,-1,-1,-1,-1,-1,-1,-1,-1,-1,-1,-1,-1,-1,-1,-1,-1,-1,-1,-1,-1,1,3,M,32723,DISTID1,11
Spruce4-12,YC4_12,?,?,FALSE,50,75,50,75,-1,-1,-1,-1,-1,-1,-1,-1,-1,-1,-1,-1,-1,-1,-1,-1,-1,-1,-1,-1,-1,1,3,M,28598,DISTID1,12
Spruce4-12,YC4_12,?,?,FALSE,50,75,50,75,-1,-1,-1,-1,-1,-1,-1,-1,-1,-1,-1,-1,-1,-1,-1,-1,-1,-1,-1,-1,-1,1,3,M,29649,DISTID1,13
Spruce4-12,YC4_12,?,?,FALSE,50,75,50,75,-1,-1,-1,-1,-1,-1,-1,-1,-1,-1,-1,-1,-1,-1,-1,-1,-1,-1,-1,-1,-1,1,3,M,37502,DISTID1,14
Spruce4-12,YC4_12,?,?,FALSE,50,75,50,75,-1,-1,-1,-1,-1,-1,-1,-1,-1,-1,-1,-1,-1,-1,-1,-1,-1,-1,-1,-1,-1,1,3,M,32977,DISTID1,15
Spruce4-12,YC4_12,?,?,FALSE,50,75,50,75,-1,-1,-1,-1,-1,-1,-1,-1,-1,-1,-1,-1,-1,-1,-1,-1,-1,-1,-1,-1,-1,1,3,M,39317,DISTID1,16
Spruce4-12,YC4_12,?,?,FALSE,50,75,50,75,-1,-1,-1,-1,-1,-1,-1,-1,-1,-1,-1,-1,-1,-1,-1,-1,-1,-1,-1,-1,-1,1,3,M,44822,DISTID1,17
Spruce4-12,YC4_12,?,?,FALSE,50,75,50,75,-1,-1,-1,-1,-1,-1,-1,-1,-1,-1,-1,-1,-1,-1,-1,-1,-1,-1,-1,-1,-1,1,3,M,50295,DISTID1,18
Spruce4-12,YC4_12,?,?,FALSE,50,75,50,75,-1,-1,-1,-1,-1,-1,-1,-1,-1,-1,-1,-1,-1,-1,-1,-1,-1,-1,-1,-1,-1,1,3,M,40863,DISTID1,19
Spruce4-12,YC4_12,?,?,FALSE,50,75,50,75,-1,-1,-1,-1,-1,-1,-1,-1,-1,-1,-1,-1,-1,-1,-1,-1,-1,-1,-1,-1,-1,1,3,M,64674,DISTID1,20
Spruce4-12,YC4_12,?,?,FALSE,50,75,50,75,-1,-1,-1,-1,-1,-1,-1,-1,-1,-1,-1,-1,-1,-1,-1,-1,-1,-1,-1,-1,-1,1,3,M,61627,DISTID1,21
Spruce4-12,YC4_12,?,?,FALSE,50,75,50,75,-1,-1,-1,-1,-1,-1,-1,-1,-1,-1,-1,-1,-1,-1,-1,-1,-1,-1,-1,-1,-1,1,3,M,77774,DISTID1,22
Spruce4-12,YC4_12,?,?,FALSE,50,75,50,75,-1,-1,-1,-1,-1,-1,-1,-1,-1,-1,-1,-1,-1,-1,-1,-1,-1,-1,-1,-1,-1,1,3,M,73643,DISTID1,23
Spruce4-12,YC4_12,?,?,FALSE,50,75,50,75,-1,-1,-1,-1,-1,-1,-1,-1,-1,-1,-1,-1,-1,-1,-1,-1,-1,-1,-1,-1,-1,1,3,M,60587,DISTID1,24
Spruce4-12,YC4_12,?,?,FALSE,50,75,50,75,-1,-1,-1,-1,-1,-1,-1,-1,-1,-1,-1,-1,-1,-1,-1,-1,-1,-1,-1,-1,-1,1,3,M,52412,DISTID1,25
Spruce4-12,YC4_12,?,?,FALSE,50,75,50,75,-1,-1,-1,-1,-1,-1,-1,-1,-1,-1,-1,-1,-1,-1,-1,-1,-1,-1,-1,-1,-1,1,3,M,3941,DISTID1,26
Spruce4-12,YC4_12,?,?,FALSE,50,75,50,75,-1,-1,-1,-1,-1,-1,-1,-1,-1,-1,-1,-1,-1,-1,-1,-1,-1,-1,-1,-1,-1,1,3,M,4049,DISTID1,27
Spruce4-12,YC4_12,?,?,FALSE,50,75,50,75,-1,-1,-1,-1,-1,-1,-1,-1,-1,-1,-1,-1,-1,-1,-1,-1,-1,-1,-1,-1,-1,1,3,M,3792,DISTID1,28
Spruce4-12,YC4_12,?,?,FALSE,50,75,50,75,-1,-1,-1,-1,-1,-1,-1,-1,-1,-1,-1,-1,-1,-1,-1,-1,-1,-1,-1,-1,-1,1,3,M,3514,DISTID1,29
Spruce4-12,YC4_12,?,?,FALSE,50,75,50,75,-1,-1,-1,-1,-1,-1,-1,-1,-1,-1,-1,-1,-1,-1,-1,-1,-1,-1,-1,-1,-1,1,3,M,3156,DISTID1,30
Spruce4-12,YC4_12,?,?,FALSE,50,75,50,75,-1,-1,-1,-1,-1,-1,-1,-1,-1,-1,-1,-1,-1,-1,-1,-1,-1,-1,-1,-1,-1,1,3,M,9509,DISTID1,31
Spruce4-12,YC4_12,?,?,FALSE,50,75,50,75,-1,-1,-1,-1,-1,-1,-1,-1,-1,-1,-1,-1,-1,-1,-1,-1,-1,-1,-1,-1,-1,1,3,M,9180,DISTID1,32
Spruce4-12,YC4_12,?,?,FALSE,50,75,50,75,-1,-1,-1,-1,-1,-1,-1,-1,-1,-1,-1,-1,-1,-1,-1,-1,-1,-1,-1,-1,-1,1,3,M,10692,DISTID1,33
Spruce4-12,YC4_12,?,?,FALSE,50,75,50,75,-1,-1,-1,-1,-1,-1,-1,-1,-1,-1,-1,-1,-1,-1,-1,-1,-1,-1,-1,-1,-1,1,3,M,8472,DISTID1,34
Spruce4-12,YC4_12,?,?,FALSE,50,75,50,75,-1,-1,-1,-1,-1,-1,-1,-1,-1,-1,-1,-1,-1,-1,-1,-1,-1,-1,-1,-1,-1,1,3,M,8472,DISTID1,35
Spruce4-12,YC4_12,?,?,FALSE,50,75,50,75,-1,-1,-1,-1,-1,-1,-1,-1,-1,-1,-1,-1,-1,-1,-1,-1,-1,-1,-1,-1,-1,1,3,M,9607,DISTID1,36
Spruce4-12,YC4_12,?,?,FALSE,50,75,50,75,-1,-1,-1,-1,-1,-1,-1,-1,-1,-1,-1,-1,-1,-1,-1,-1,-1,-1,-1,-1,-1,1,3,M,12765,DISTID1,37
Spruce4-12,YC4_12,?,?,FALSE,50,75,50,75,-1,-1,-1,-1,-1,-1,-1,-1,-1,-1,-1,-1,-1,-1,-1,-1,-1,-1,-1,-1,-1,1,3,M,30575,DISTID1,38
Spruce4-12,YC4_12,?,?,FALSE,50,75,50,75,-1,-1,-1,-1,-1,-1,-1,-1,-1,-1,-1,-1,-1,-1,-1,-1,-1,-1,-1,-1,-1,1,3,M,16237,DISTID1,39
Spruce4-12,YC4_12,?,?,FALSE,50,75,50,75,-1,-1,-1,-1,-1,-1,-1,-1,-1,-1,-1,-1,-1,-1,-1,-1,-1,-1,-1,-1,-1,1,3,M,17074,DISTID1,40
Spruce4-12,YC4_12,?,?,FALSE,50,75,50,75,-1,-1,-1,-1,-1,-1,-1,-1,-1,-1,-1,-1,-1,-1,-1,-1,-1,-1,-1,-1,-1,1,3,M,21510,DISTID1,41
Spruce4-12,YC4_12,?,?,FALSE,50,75,50,75,-1,-1,-1,-1,-1,-1,-1,-1,-1,-1,-1,-1,-1,-1,-1,-1,-1,-1,-1,-1,-1,1,3,M,22717,DISTID1,42
Spruce4-12,YC4_12,?,?,FALSE,50,75,50,75,-1,-1,-1,-1,-1,-1,-1,-1,-1,-1,-1,-1,-1,-1,-1,-1,-1,-1,-1,-1,-1,1,3,M,22228,DISTID1,43
Spruce4-12,YC4_12,?,?,FALSE,50,75,50,75,-1,-1,-1,-1,-1,-1,-1,-1,-1,-1,-1,-1,-1,-1,-1,-1,-1,-1,-1,-1,-1,1,3,M,27439,DISTID1,44
Spruce4-12,YC4_12,?,?,FALSE,50,75,50,75,-1,-1,-1,-1,-1,-1,-1,-1,-1,-1,-1,-1,-1,-1,-1,-1,-1,-1,-1,-1,-1,1,3,M,24859,DISTID1,45
Spruce4-12,YC4_12,?,?,FALSE,50,75,50,75,-1,-1,-1,-1,-1,-1,-1,-1,-1,-1,-1,-1,-1,-1,-1,-1,-1,-1,-1,-1,-1,1,3,M,20180,DISTID1,46
Spruce4-12,YC4_12,?,?,FALSE,50,75,50,75,-1,-1,-1,-1,-1,-1,-1,-1,-1,-1,-1,-1,-1,-1,-1,-1,-1,-1,-1,-1,-1,1,3,M,22270,DISTID1,47
Spruce4-12,YC4_12,?,?,FALSE,50,75,50,75,-1,-1,-1,-1,-1,-1,-1,-1,-1,-1,-1,-1,-1,-1,-1,-1,-1,-1,-1,-1,-1,1,3,M,17628,DISTID1,48
Spruce4-12,YC4_12,?,?,FALSE,50,75,50,75,-1,-1,-1,-1,-1,-1,-1,-1,-1,-1,-1,-1,-1,-1,-1,-1,-1,-1,-1,-1,-1,1,3,M,20253,DISTID1,49
Spruce4-12,YC4_12,?,?,FALSE,50,75,50,75,-1,-1,-1,-1,-1,-1,-1,-1,-1,-1,-1,-1,-1,-1,-1,-1,-1,-1,-1,-1,-1,1,3,M,17794,DISTID1,50
Spruce4-12,YC4_12,?,?,FALSE,50,75,50,75,-1,-1,-1,-1,-1,-1,-1,-1,-1,-1,-1,-1,-1,-1,-1,-1,-1,-1,-1,-1,-1,1,3,M,18822,DISTID1,51
Spruce4-12,YC4_12,?,?,FALSE,50,75,50,75,-1,-1,-1,-1,-1,-1,-1,-1,-1,-1,-1,-1,-1,-1,-1,-1,-1,-1,-1,-1,-1,1,3,M,18942,DISTID1,52
Spruce4-12,YC4_12,?,?,FALSE,50,75,50,75,-1,-1,-1,-1,-1,-1,-1,-1,-1,-1,-1,-1,-1,-1,-1,-1,-1,-1,-1,-1,-1,1,3,M,19045,DISTID1,53
Spruce4-12,YC4_12,?,?,FALSE,50,75,50,75,-1,-1,-1,-1,-1,-1,-1,-1,-1,-1,-1,-1,-1,-1,-1,-1,-1,-1,-1,-1,-1,1,3,M,25025,DISTID1,54
