Classifier1,Classifier2,Classifier3,Classifier4,UsingID,Age,Area,Delay,UNFCCCL,HistDist,LastDist
Pine13-30,YC13_30,mineral,coillte,TRUE,AGEID4,27.5,0,0,DISTID3,DISTID1
Pine4-12,YC4_12,mineral,coillte,TRUE,AGEID4,109.8,0,0,DISTID3,DISTID1
SGB,YC6,mineral,coillte,TRUE,AGEID4,37.7,0,0,DISTID3,DISTID1
SNFGB-mineral,YC6,mineral,coillte,TRUE,AGEID4,165.1,0,0,DISTID3,DISTID1
Spruce13-16,YC13_16,mineral,coillte,TRUE,AGEID4,489.3,0,0,DISTID3,DISTID1
Spruce4-12,YC4_12,mineral,coillte,TRUE,AGEID4,300.3,0,0,DISTID3,DISTID1
Cbmix-Bl,YC10,mineral,private,TRUE,AGEID4,117.0,0,0,DISTID3,DISTID1
Cbmix-Conifer,YC10,mineral,private,TRUE,AGEID4,17.3,0,0,DISTID3,DISTID1
Cmix,YC10,mineral,private,TRUE,AGEID4,3.6,0,0,DISTID3,DISTID1
FGB,YC6,mineral,private,TRUE,AGEID4,136.2,0,0,DISTID3,DISTID1
Pine13-30,YC13_30,mineral,private,TRUE,AGEID4,2.5,0,0,DISTID3,DISTID1
SGB,YC6,mineral,private,TRUE,AGEID4,89.0,0,0,DISTID3,DISTID1
SNFGB-mineral,YC6,mineral,private,TRUE,AGEID4,910.2,0,0,DISTID3,DISTID1
Cbmix-Bl,YC10,peat,coillte,TRUE,AGEID4,264.5,0,0,DISTID3,DISTID1
Cbmix-Conifer,YC10,peat,coillte,TRUE,AGEID4,340.7,0,0,DISTID3,DISTID1
Cmix,YC10,peat,coillte,TRUE,AGEID4,672.7,0,0,DISTID3,DISTID1
FGB,YC6,peat,coillte,TRUE,AGEID4,61.5,0,0,DISTID3,DISTID1
OC,YC10,peat,coillte,TRUE,AGEID4,8.7,0,0,DISTID3,DISTID1
Pine13-30,YC13_30,peat,coillte,TRUE,AGEID4,1.2,0,0,DISTID3,DISTID1
SNFGB-peat,YC6,peat,coillte,TRUE,AGEID4,70.7,0,0,DISTID3,DISTID1
Spruce13-16,YC13_16,peat,coillte,TRUE,AGEID4,94.1,0,0,DISTID3,DISTID1
Spruce4-12,YC4_12,peat,coillte,TRUE,AGEID4,12.3,0,0,DISTID3,DISTID1
Pine4-12,YC4_12,peat,private,TRUE,AGEID4,27.9,0,0,DISTID3,DISTID1
SNFGB-peat,YC6,peat,private,TRUE,AGEID4,410.1,0,0,DISTID3,DISTID1
Spruce4-12,YC4_12,peat,private,TRUE,AGEID4,29.4,0,0,DISTID3,DISTID1
Spruce17-20-thin,YC17_20,mineral,coillte,TRUE,AGEID4,713.4,0,0,DISTID3,DISTID1
Spruce21-24-thin,YC21_24,mineral,coillte,TRUE,AGEID4,826.9,0,0,DISTID3,DISTID1
Spruce25-32-thin,YC25_32,mineral,coillte,TRUE,AGEID4,69.0,0,0,DISTID3,DISTID1
Spruce21-24-thin,YC21_24,mineral,private,TRUE,AGEID4,0.0,0,0,DISTID3,DISTID1
Spruce17-20-thin,YC17_20,peat,coillte,TRUE,AGEID4,396.5,0,0,DISTID3,DISTID1
Spruce21-24-thin,YC21_24,peat,coillte,TRUE,AGEID4,445.1,0,0,DISTID3,DISTID1
Spruce17-20-nothin,YC17_20,mineral,coillte,TRUE,AGEID4,367.5,0,0,DISTID3,DISTID1
Spruce21-24-nothin,YC21_24,mineral,coillte,TRUE,AGEID4,426.0,0,0,DISTID3,DISTID1
Spruce25-32-nothin,YC25_32,mineral,coillte,TRUE,AGEID4,35.6,0,0,DISTID3,DISTID1
Spruce21-24-nothin,YC21_24,mineral,private,TRUE,AGEID4,0.0,0,0,DISTID3,DISTID1
Spruce17-20-nothin,YC17_20,peat,coillte,TRUE,AGEID4,204.3,0,0,DISTID3,DISTID1
Spruce21-24-nothin,YC21_24,peat,coillte,TRUE,AGEID4,229.3,0,0,DISTID3,DISTID1
Cbmix-Bl,YC10,mineral,coillte,TRUE,AGEID5,125.5,0,0,DISTID3,DISTID1
Cbmix-Conifer,YC10,mineral,coillte,TRUE,AGEID5,660.9,0,0,DISTID3,DISTID1
Cmix,YC10,mineral,coillte,TRUE,AGEID5,308.6,0,0,DISTID3,DISTID1
FGB,YC6,mineral,coillte,TRUE,AGEID5,287.2,0,0,DISTID3,DISTID1
OC,YC10,mineral,coillte,TRUE,AGEID5,300.3,0,0,DISTID3,DISTID1
Pine13-30,YC13_30,mineral,coillte,TRUE,AGEID5,0.0,0,0,DISTID3,DISTID1
Pine4-12,YC4_12,mineral,coillte,TRUE,AGEID5,15.2,0,0,DISTID3,DISTID1
SGB,YC6,mineral,coillte,TRUE,AGEID5,111.9,0,0,DISTID3,DISTID1
SNFGB-mineral,YC6,mineral,coillte,TRUE,AGEID5,122.3,0,0,DISTID3,DISTID1
Spruce13-16,YC13_16,mineral,coillte,TRUE,AGEID5,504.3,0,0,DISTID3,DISTID1
Cbmix-Bl,YC10,mineral,coillte,TRUE,AGEID1,335.7,0,0,DISTID3,DISTID1
Cbmix-Conifer,YC10,mineral,coillte,TRUE,AGEID1,230.4,0,0,DISTID3,DISTID1
Cmix,YC10,mineral,coillte,TRUE,AGEID1,86.7,0,0,DISTID3,DISTID1
FGB,YC6,mineral,coillte,TRUE,AGEID1,431.5,0,0,DISTID3,DISTID1
OC,YC10,mineral,coillte,TRUE,AGEID1,12.2,0,0,DISTID3,DISTID1
Pine13-30,YC13_30,mineral,coillte,TRUE,AGEID1,7.0,0,0,DISTID3,DISTID1
Pine4-12,YC4_12,mineral,coillte,TRUE,AGEID1,100.1,0,0,DISTID3,DISTID1
SGB,YC6,mineral,coillte,TRUE,AGEID1,188.1,0,0,DISTID3,DISTID1
SNFGB-mineral,YC6,mineral,coillte,TRUE,AGEID1,17.1,0,0,DISTID3,DISTID1
Spruce13-16,YC13_16,mineral,coillte,TRUE,AGEID1,46.0,0,0,DISTID3,DISTID1
Spruce4-12,YC4_12,mineral,coillte,TRUE,AGEID1,2404.0,0,0,DISTID3,DISTID1
Cbmix-Bl,YC10,mineral,private,TRUE,AGEID1,51.0,0,0,DISTID3,DISTID1
Cbmix-Conifer,YC10,mineral,private,TRUE,AGEID1,36.0,0,0,DISTID3,DISTID1
Cmix,YC10,mineral,private,TRUE,AGEID1,0.5,0,0,DISTID3,DISTID1
FGB,YC6,mineral,private,TRUE,AGEID1,138.6,0,0,DISTID3,DISTID1
OC,YC10,mineral,private,TRUE,AGEID1,25.1,0,0,DISTID3,DISTID1
Pine4-12,YC4_12,mineral,private,TRUE,AGEID1,100.1,0,0,DISTID3,DISTID1
SGB,YC6,mineral,private,TRUE,AGEID1,99.9,0,0,DISTID3,DISTID1
SNFGB-mineral,YC6,mineral,private,TRUE,AGEID1,298.0,0,0,DISTID3,DISTID1
Spruce13-16,YC13_16,mineral,private,TRUE,AGEID1,112.5,0,0,DISTID3,DISTID1
Spruce4-12,YC4_12,mineral,private,TRUE,AGEID1,400.4,0,0,DISTID3,DISTID1
Cbmix-Bl,YC10,peat,coillte,TRUE,AGEID1,159.1,0,0,DISTID3,DISTID1
Cbmix-Conifer,YC10,peat,coillte,TRUE,AGEID1,327.5,0,0,DISTID3,DISTID1
Cmix,YC10,peat,coillte,TRUE,AGEID1,128.6,0,0,DISTID3,DISTID1
FGB,YC6,peat,coillte,TRUE,AGEID1,319.0,0,0,DISTID3,DISTID1
OC,YC10,peat,coillte,TRUE,AGEID1,3.2,0,0,DISTID3,DISTID1
Pine13-30,YC13_30,peat,coillte,TRUE,AGEID1,233.4,0,0,DISTID3,DISTID1
Pine4-12,YC4_12,peat,coillte,TRUE,AGEID1,394.0,0,0,DISTID3,DISTID1
SNFGB-peat,YC6,peat,coillte,TRUE,AGEID1,188.7,0,0,DISTID3,DISTID1
Spruce13-16,YC13_16,peat,coillte,TRUE,AGEID1,109.8,0,0,DISTID3,DISTID1
Spruce4-12,YC4_12,peat,coillte,TRUE,AGEID1,975.7,0,0,DISTID3,DISTID1
Cbmix-Bl,YC10,peat,private,TRUE,AGEID1,100.1,0,0,DISTID3,DISTID1
Cbmix-Conifer,YC10,peat,private,TRUE,AGEID1,56.8,0,0,DISTID3,DISTID1
Pine4-12,YC4_12,peat,private,TRUE,AGEID1,307.8,0,0,DISTID3,DISTID1
SNFGB-peat,YC6,peat,private,TRUE,AGEID1,156.6,0,0,DISTID3,DISTID1
Spruce4-12,YC4_12,peat,private,TRUE,AGEID1,104.9,0,0,DISTID3,DISTID1
Spruce17-20-thin,YC17_20,mineral,coillte,TRUE,AGEID1,5.3,0,0,DISTID3,DISTID1
Spruce21-24-thin,YC21_24,mineral,coillte,TRUE,AGEID1,32.1,0,0,DISTID3,DISTID1
Spruce25-32-thin,YC25_32,mineral,coillte,TRUE,AGEID1,25.4,0,0,DISTID3,DISTID1
Spruce17-20-thin,YC17_20,peat,coillte,TRUE,AGEID1,287.1,0,0,DISTID3,DISTID1
Spruce21-24-thin,YC21_24,peat,coillte,TRUE,AGEID1,271.9,0,0,DISTID3,DISTID1
Spruce25-32-thin,YC25_32,peat,coillte,TRUE,AGEID1,134.7,0,0,DISTID3,DISTID1
Spruce17-20-nothin,YC17_20,mineral,coillte,TRUE,AGEID1,2.7,0,0,DISTID3,DISTID1
Spruce21-24-nothin,YC21_24,mineral,coillte,TRUE,AGEID1,16.6,0,0,DISTID3,DISTID1
Spruce25-32-nothin,YC25_32,mineral,coillte,TRUE,AGEID1,13.1,0,0,DISTID3,DISTID1
Spruce17-20-nothin,YC17_20,peat,coillte,TRUE,AGEID1,147.9,0,0,DISTID3,DISTID1
Spruce21-24-nothin,YC21_24,peat,coillte,TRUE,AGEID1,140.1,0,0,DISTID3,DISTID1
Spruce25-32-nothin,YC25_32,peat,coillte,TRUE,AGEID1,69.4,0,0,DISTID3,DISTID1
Cbmix-Bl,YC10,mineral,coillte,TRUE,AGEID2,88.7,0,0,DISTID3,DISTID1
Cbmix-Conifer,YC10,mineral,coillte,TRUE,AGEID2,118.7,0,0,DISTID3,DISTID1
Cmix,YC10,mineral,coillte,TRUE,AGEID2,518.6,0,0,DISTID3,DISTID1
FGB,YC6,mineral,coillte,TRUE,AGEID2,606.9,0,0,DISTID3,DISTID1
OC,YC10,mineral,coillte,TRUE,AGEID2,104.6,0,0,DISTID3,DISTID1
Pine13-30,YC13_30,mineral,coillte,TRUE,AGEID2,20.7,0,0,DISTID3,DISTID1
Pine4-12,YC4_12,mineral,coillte,TRUE,AGEID2,0.3,0,0,DISTID3,DISTID1
SGB,YC6,mineral,coillte,TRUE,AGEID2,131.2,0,0,DISTID3,DISTID1
SNFGB-mineral,YC6,mineral,coillte,TRUE,AGEID2,109.1,0,0,DISTID3,DISTID1
Spruce13-16,YC13_16,mineral,coillte,TRUE,AGEID2,930.3,0,0,DISTID3,DISTID1
Spruce4-12,YC4_12,mineral,coillte,TRUE,AGEID2,202.3,0,0,DISTID3,DISTID1
Cbmix-Bl,YC10,mineral,private,TRUE,AGEID2,53.3,0,0,DISTID3,DISTID1
Cbmix-Conifer,YC10,mineral,private,TRUE,AGEID2,70.1,0,0,DISTID3,DISTID1
Cmix,YC10,mineral,private,TRUE,AGEID2,56.8,0,0,DISTID3,DISTID1
FGB,YC6,mineral,private,TRUE,AGEID2,120.2,0,0,DISTID3,DISTID1
OC,YC10,mineral,private,TRUE,AGEID2,10.4,0,0,DISTID3,DISTID1
Pine13-30,YC13_30,mineral,private,TRUE,AGEID2,0.4,0,0,DISTID3,DISTID1
SGB,YC6,mineral,private,TRUE,AGEID2,135.3,0,0,DISTID3,DISTID1
SNFGB-mineral,YC6,mineral,private,TRUE,AGEID2,491.1,0,0,DISTID3,DISTID1
Cbmix-Bl,YC10,peat,coillte,TRUE,AGEID2,312.5,0,0,DISTID3,DISTID1
Cbmix-Conifer,YC10,peat,coillte,TRUE,AGEID2,71.2,0,0,DISTID3,DISTID1
Cmix,YC10,peat,coillte,TRUE,AGEID2,168.3,0,0,DISTID3,DISTID1
FGB,YC6,peat,coillte,TRUE,AGEID2,431.2,0,0,DISTID3,DISTID1
OC,YC10,peat,coillte,TRUE,AGEID2,96.8,0,0,DISTID3,DISTID1
Pine13-30,YC13_30,peat,coillte,TRUE,AGEID2,191.4,0,0,DISTID3,DISTID1
Pine4-12,YC4_12,peat,coillte,TRUE,AGEID2,474.3,0,0,DISTID3,DISTID1
SNFGB-peat,YC6,peat,coillte,TRUE,AGEID2,70.2,0,0,DISTID3,DISTID1
Spruce13-16,YC13_16,peat,coillte,TRUE,AGEID2,225.5,0,0,DISTID3,DISTID1
Spruce4-12,YC4_12,peat,coillte,TRUE,AGEID2,114.9,0,0,DISTID3,DISTID1
Cbmix-Bl,YC10,peat,private,TRUE,AGEID2,19.7,0,0,DISTID3,DISTID1
Cbmix-Conifer,YC10,peat,private,TRUE,AGEID2,216.3,0,0,DISTID3,DISTID1
Pine4-12,YC4_12,peat,private,TRUE,AGEID2,25.5,0,0,DISTID3,DISTID1
SNFGB-peat,YC6,peat,private,TRUE,AGEID2,143.5,0,0,DISTID3,DISTID1
Spruce4-12,YC4_12,peat,private,TRUE,AGEID2,6.5,0,0,DISTID3,DISTID1
Spruce17-20-thin,YC17_20,mineral,coillte,TRUE,AGEID2,208.2,0,0,DISTID3,DISTID1
Spruce21-24-thin,YC21_24,mineral,coillte,TRUE,AGEID2,358.2,0,0,DISTID3,DISTID1
Spruce25-32-thin,YC25_32,mineral,coillte,TRUE,AGEID2,41.5,0,0,DISTID3,DISTID1
Spruce17-20-thin,YC17_20,peat,coillte,TRUE,AGEID2,351.3,0,0,DISTID3,DISTID1
Spruce21-24-thin,YC21_24,peat,coillte,TRUE,AGEID2,210.3,0,0,DISTID3,DISTID1
Spruce25-32-thin,YC25_32,peat,coillte,TRUE,AGEID2,4.1,0,0,DISTID3,DISTID1
Spruce17-20-nothin,YC17_20,mineral,coillte,TRUE,AGEID2,107.2,0,0,DISTID3,DISTID1
Spruce21-24-nothin,YC21_24,mineral,coillte,TRUE,AGEID2,184.5,0,0,DISTID3,DISTID1
Spruce25-32-nothin,YC25_32,mineral,coillte,TRUE,AGEID2,21.4,0,0,DISTID3,DISTID1
Spruce17-20-nothin,YC17_20,peat,coillte,TRUE,AGEID2,181.0,0,0,DISTID3,DISTID1
Spruce21-24-nothin,YC21_24,peat,coillte,TRUE,AGEID2,108.3,0,0,DISTID3,DISTID1
Spruce25-32-nothin,YC25_32,peat,coillte,TRUE,AGEID2,2.1,0,0,DISTID3,DISTID1
Cbmix-Bl,YC10,mineral,coillte,TRUE,AGEID3,362.6,0,0,DISTID3,DISTID1
Cbmix-Conifer,YC10,mineral,coillte,TRUE,AGEID3,212.0,0,0,DISTID3,DISTID1
Cmix,YC10,mineral,coillte,TRUE,AGEID3,410.0,0,0,DISTID3,DISTID1
FGB,YC6,mineral,coillte,TRUE,AGEID3,672.8,0,0,DISTID3,DISTID1
OC,YC10,mineral,coillte,TRUE,AGEID3,405.4,0,0,DISTID3,DISTID1
Pine13-30,YC13_30,mineral,coillte,TRUE,AGEID3,135.7,0,0,DISTID3,DISTID1
Pine4-12,YC4_12,mineral,coillte,TRUE,AGEID3,100.1,0,0,DISTID3,DISTID1
SGB,YC6,mineral,coillte,TRUE,AGEID3,143.9,0,0,DISTID3,DISTID1
SNFGB-mineral,YC6,mineral,coillte,TRUE,AGEID3,104.0,0,0,DISTID3,DISTID1
Spruce13-16,YC13_16,mineral,coillte,TRUE,AGEID3,670.4,0,0,DISTID3,DISTID1
Spruce4-12,YC4_12,mineral,coillte,TRUE,AGEID3,262.9,0,0,DISTID3,DISTID1
Cbmix-Bl,YC10,mineral,private,TRUE,AGEID3,26.0,0,0,DISTID3,DISTID1
Cbmix-Conifer,YC10,mineral,private,TRUE,AGEID3,19.5,0,0,DISTID3,DISTID1
FGB,YC6,mineral,private,TRUE,AGEID3,71.0,0,0,DISTID3,DISTID1
SGB,YC6,mineral,private,TRUE,AGEID3,144.7,0,0,DISTID3,DISTID1
SNFGB-mineral,YC6,mineral,private,TRUE,AGEID3,426.8,0,0,DISTID3,DISTID1
Cbmix-Bl,YC10,peat,coillte,TRUE,AGEID3,179.7,0,0,DISTID3,DISTID1
Cbmix-Conifer,YC10,peat,coillte,TRUE,AGEID3,148.4,0,0,DISTID3,DISTID1
Cmix,YC10,peat,coillte,TRUE,AGEID3,221.5,0,0,DISTID3,DISTID1
FGB,YC6,peat,coillte,TRUE,AGEID3,372.9,0,0,DISTID3,DISTID1
OC,YC10,peat,coillte,TRUE,AGEID3,2.6,0,0,DISTID3,DISTID1
Pine13-30,YC13_30,peat,coillte,TRUE,AGEID3,21.7,0,0,DISTID3,DISTID1
Pine4-12,YC4_12,peat,coillte,TRUE,AGEID3,105.8,0,0,DISTID3,DISTID1
SNFGB-peat,YC6,peat,coillte,TRUE,AGEID3,25.1,0,0,DISTID3,DISTID1
Spruce13-16,YC13_16,peat,coillte,TRUE,AGEID3,441.3,0,0,DISTID3,DISTID1
Spruce4-12,YC4_12,peat,coillte,TRUE,AGEID3,390.6,0,0,DISTID3,DISTID1
Cbmix-Bl,YC10,peat,private,TRUE,AGEID3,100.1,0,0,DISTID3,DISTID1
Pine4-12,YC4_12,peat,private,TRUE,AGEID3,16.5,0,0,DISTID3,DISTID1
SNFGB-peat,YC6,peat,private,TRUE,AGEID3,306.9,0,0,DISTID3,DISTID1
Spruce4-12,YC4_12,peat,private,TRUE,AGEID3,3.5,0,0,DISTID3,DISTID1
Spruce17-20-thin,YC17_20,mineral,coillte,TRUE,AGEID3,659.5,0,0,DISTID3,DISTID1
Spruce21-24-thin,YC21_24,mineral,coillte,TRUE,AGEID3,444.3,0,0,DISTID3,DISTID1
Spruce25-32-thin,YC25_32,mineral,coillte,TRUE,AGEID3,262.2,0,0,DISTID3,DISTID1
Spruce17-20-thin,YC17_20,mineral,private,TRUE,AGEID3,66.1,0,0,DISTID3,DISTID1
Spruce17-20-thin,YC17_20,peat,coillte,TRUE,AGEID3,519.5,0,0,DISTID3,DISTID1
Spruce21-24-thin,YC21_24,peat,coillte,TRUE,AGEID3,65.5,0,0,DISTID3,DISTID1
Spruce25-32-thin,YC25_32,peat,coillte,TRUE,AGEID3,62.3,0,0,DISTID3,DISTID1
Spruce17-20-nothin,YC17_20,mineral,coillte,TRUE,AGEID3,339.7,0,0,DISTID3,DISTID1
Spruce21-24-nothin,YC21_24,mineral,coillte,TRUE,AGEID3,228.9,0,0,DISTID3,DISTID1
Spruce25-32-nothin,YC25_32,mineral,coillte,TRUE,AGEID3,135.1,0,0,DISTID3,DISTID1
Spruce17-20-nothin,YC17_20,mineral,private,TRUE,AGEID3,34.0,0,0,DISTID3,DISTID1
Spruce17-20-nothin,YC17_20,peat,coillte,TRUE,AGEID3,267.6,0,0,DISTID3,DISTID1
Spruce21-24-nothin,YC21_24,peat,coillte,TRUE,AGEID3,33.7,0,0,DISTID3,DISTID1
Spruce25-32-nothin,YC25_32,peat,coillte,TRUE,AGEID3,32.1,0,0,DISTID3,DISTID1
Cbmix-Bl,YC10,mineral,coillte,TRUE,AGEID4,319.7,0,0,DISTID3,DISTID1
Cbmix-Conifer,YC10,mineral,coillte,TRUE,AGEID4,310.0,0,0,DISTID3,DISTID1
Cmix,YC10,mineral,coillte,TRUE,AGEID4,697.2,0,0,DISTID3,DISTID1
FGB,YC6,mineral,coillte,TRUE,AGEID4,308.5,0,0,DISTID3,DISTID1
OC,YC10,mineral,coillte,TRUE,AGEID4,479.2,0,0,DISTID3,DISTID1
Spruce4-12,YC4_12,mineral,coillte,TRUE,AGEID5,100.1,0,0,DISTID3,DISTID1
Cbmix-Bl,YC10,mineral,private,TRUE,AGEID5,20.1,0,0,DISTID3,DISTID1
Cbmix-Conifer,YC10,mineral,private,TRUE,AGEID5,8.3,0,0,DISTID3,DISTID1
Cmix,YC10,mineral,private,TRUE,AGEID5,0.0,0,0,DISTID3,DISTID1
FGB,YC6,mineral,private,TRUE,AGEID5,5.5,0,0,DISTID3,DISTID1
OC,YC10,mineral,private,TRUE,AGEID5,100.1,0,0,DISTID3,DISTID1
Pine4-12,YC4_12,mineral,private,TRUE,AGEID5,0.0,0,0,DISTID3,DISTID1
SGB,YC6,mineral,private,TRUE,AGEID5,69.2,0,0,DISTID3,DISTID1
SNFGB-mineral,YC6,mineral,private,TRUE,AGEID5,694.3,0,0,DISTID3,DISTID1
Spruce4-12,YC4_12,mineral,private,TRUE,AGEID5,0.0,0,0,DISTID3,DISTID1
Cbmix-Bl,YC10,peat,coillte,TRUE,AGEID5,8.9,0,0,DISTID3,DISTID1
Cbmix-Conifer,YC10,peat,coillte,TRUE,AGEID5,3.1,0,0,DISTID3,DISTID1
FGB,YC6,peat,coillte,TRUE,AGEID5,74.5,0,0,DISTID3,DISTID1
OC,YC10,peat,coillte,TRUE,AGEID5,88.9,0,0,DISTID3,DISTID1
SNFGB-peat,YC6,peat,coillte,TRUE,AGEID5,191.5,0,0,DISTID3,DISTID1
Spruce13-16,YC13_16,peat,coillte,TRUE,AGEID5,105.6,0,0,DISTID3,DISTID1
Spruce4-12,YC4_12,peat,coillte,TRUE,AGEID5,22.9,0,0,DISTID3,DISTID1
Cbmix-Bl,YC10,peat,private,TRUE,AGEID5,7.6,0,0,DISTID3,DISTID1
Cbmix-Conifer,YC10,peat,private,TRUE,AGEID5,54.8,0,0,DISTID3,DISTID1
Pine4-12,YC4_12,peat,private,TRUE,AGEID5,95.6,0,0,DISTID3,DISTID1
SNFGB-peat,YC6,peat,private,TRUE,AGEID5,450.5,0,0,DISTID3,DISTID1
Spruce13-16,YC13_16,peat,private,TRUE,AGEID5,0.0,0,0,DISTID3,DISTID1
Spruce17-20-thin,YC17_20,mineral,coillte,TRUE,AGEID5,718.7,0,0,DISTID3,DISTID1
Spruce21-24-thin,YC21_24,mineral,coillte,TRUE,AGEID5,901.3,0,0,DISTID3,DISTID1
Spruce25-32-thin,YC25_32,mineral,coillte,TRUE,AGEID5,261.3,0,0,DISTID3,DISTID1
Spruce17-20-thin,YC17_20,mineral,private,TRUE,AGEID5,0.0,0,0,DISTID3,DISTID1
Spruce21-24-thin,YC21_24,mineral,private,TRUE,AGEID5,66.1,0,0,DISTID3,DISTID1
Spruce25-32-thin,YC25_32,mineral,private,TRUE,AGEID5,0.0,0,0,DISTID3,DISTID1
Spruce17-20-thin,YC17_20,peat,coillte,TRUE,AGEID5,230.8,0,0,DISTID3,DISTID1
Spruce21-24-thin,YC21_24,peat,coillte,TRUE,AGEID5,0.9,0,0,DISTID3,DISTID1
Spruce17-20-thin,YC17_20,peat,private,TRUE,AGEID5,0.0,0,0,DISTID3,DISTID1
Spruce17-20-nothin,YC17_20,mineral,coillte,TRUE,AGEID5,370.2,0,0,DISTID3,DISTID1
Spruce21-24-nothin,YC21_24,mineral,coillte,TRUE,AGEID5,464.3,0,0,DISTID3,DISTID1
Spruce25-32-nothin,YC25_32,mineral,coillte,TRUE,AGEID5,134.6,0,0,DISTID3,DISTID1
Spruce17-20-nothin,YC17_20,mineral,private,TRUE,AGEID5,0.0,0,0,DISTID3,DISTID1
Spruce21-24-nothin,YC21_24,mineral,private,TRUE,AGEID5,34.0,0,0,DISTID3,DISTID1
Spruce25-32-nothin,YC25_32,mineral,private,TRUE,AGEID5,0.0,0,0,DISTID3,DISTID1
Spruce17-20-nothin,YC17_20,peat,coillte,TRUE,AGEID5,118.9,0,0,DISTID3,DISTID1
Spruce21-24-nothin,YC21_24,peat,coillte,TRUE,AGEID5,0.4,0,0,DISTID3,DISTID1
Spruce17-20-nothin,YC17_20,peat,private,TRUE,AGEID5,0.0,0,0,DISTID3,DISTID1
Cbmix-Bl,YC10,mineral,coillte,TRUE,AGEID6,118.8,0,0,DISTID3,DISTID1
Cbmix-Conifer,YC10,mineral,coillte,TRUE,AGEID6,635.9,0,0,DISTID3,DISTID1
Cmix,YC10,mineral,coillte,TRUE,AGEID6,584.3,0,0,DISTID3,DISTID1
FGB,YC6,mineral,coillte,TRUE,AGEID6,190.0,0,0,DISTID3,DISTID1
OC,YC10,mineral,coillte,TRUE,AGEID6,203.8,0,0,DISTID3,DISTID1
Pine13-30,YC13_30,mineral,coillte,TRUE,AGEID6,200.2,0,0,DISTID3,DISTID1
SGB,YC6,mineral,coillte,TRUE,AGEID6,47.0,0,0,DISTID3,DISTID1
SNFGB-mineral,YC6,mineral,coillte,TRUE,AGEID6,65.8,0,0,DISTID3,DISTID1
Spruce13-16,YC13_16,mineral,coillte,TRUE,AGEID6,871.6,0,0,DISTID3,DISTID1
Spruce4-12,YC4_12,mineral,coillte,TRUE,AGEID6,0.0,0,0,DISTID3,DISTID1
Cbmix-Bl,YC10,mineral,private,TRUE,AGEID6,20.3,0,0,DISTID3,DISTID1
Cbmix-Conifer,YC10,mineral,private,TRUE,AGEID6,176.0,0,0,DISTID3,DISTID1
Cmix,YC10,mineral,private,TRUE,AGEID6,162.1,0,0,DISTID3,DISTID1
FGB,YC6,mineral,private,TRUE,AGEID6,238.1,0,0,DISTID3,DISTID1
OC,YC10,mineral,private,TRUE,AGEID6,188.2,0,0,DISTID3,DISTID1
Pine13-30,YC13_30,mineral,private,TRUE,AGEID6,1.9,0,0,DISTID3,DISTID1
SGB,YC6,mineral,private,TRUE,AGEID6,92.8,0,0,DISTID3,DISTID1
SNFGB-mineral,YC6,mineral,private,TRUE,AGEID6,971.4,0,0,DISTID3,DISTID1
Spruce13-16,YC13_16,mineral,private,TRUE,AGEID6,200.2,0,0,DISTID3,DISTID1
Spruce4-12,YC4_12,mineral,private,TRUE,AGEID6,100.1,0,0,DISTID3,DISTID1
Cbmix-Bl,YC10,peat,coillte,TRUE,AGEID6,6.8,0,0,DISTID3,DISTID1
Cbmix-Conifer,YC10,peat,coillte,TRUE,AGEID6,98.3,0,0,DISTID3,DISTID1
Cmix,YC10,peat,coillte,TRUE,AGEID6,500.1,0,0,DISTID3,DISTID1
FGB,YC6,peat,coillte,TRUE,AGEID6,81.3,0,0,DISTID3,DISTID1
Pine13-30,YC13_30,peat,coillte,TRUE,AGEID6,0.0,0,0,DISTID3,DISTID1
Pine4-12,YC4_12,peat,coillte,TRUE,AGEID6,296.9,0,0,DISTID3,DISTID1
SNFGB-peat,YC6,peat,coillte,TRUE,AGEID6,169.4,0,0,DISTID3,DISTID1
Spruce13-16,YC13_16,peat,coillte,TRUE,AGEID6,533.0,0,0,DISTID3,DISTID1
Spruce4-12,YC4_12,peat,coillte,TRUE,AGEID6,1365.4,0,0,DISTID3,DISTID1
Cbmix-Bl,YC10,peat,private,TRUE,AGEID6,5.1,0,0,DISTID3,DISTID1
Cmix,YC10,peat,private,TRUE,AGEID6,100.1,0,0,DISTID3,DISTID1
FGB,YC6,peat,private,TRUE,AGEID6,0.0,0,0,DISTID3,DISTID1
Pine4-12,YC4_12,peat,private,TRUE,AGEID6,82.8,0,0,DISTID3,DISTID1
SNFGB-peat,YC6,peat,private,TRUE,AGEID6,286.7,0,0,DISTID3,DISTID1
Spruce13-16,YC13_16,peat,private,TRUE,AGEID6,200.2,0,0,DISTID3,DISTID1
Spruce4-12,YC4_12,peat,private,TRUE,AGEID6,645.1,0,0,DISTID3,DISTID1
Spruce17-20-thin,YC17_20,mineral,coillte,TRUE,AGEID6,997.3,0,0,DISTID3,DISTID1
Spruce21-24-thin,YC21_24,mineral,coillte,TRUE,AGEID6,1053.6,0,0,DISTID3,DISTID1
Spruce25-32-thin,YC25_32,mineral,coillte,TRUE,AGEID6,66.1,0,0,DISTID3,DISTID1
Spruce17-20-thin,YC17_20,mineral,private,TRUE,AGEID6,132.1,0,0,DISTID3,DISTID1
Spruce21-24-thin,YC21_24,mineral,private,TRUE,AGEID6,462.5,0,0,DISTID3,DISTID1
Spruce25-32-thin,YC25_32,mineral,private,TRUE,AGEID6,66.1,0,0,DISTID3,DISTID1
Spruce17-20-thin,YC17_20,peat,coillte,TRUE,AGEID6,136.5,0,0,DISTID3,DISTID1
Spruce21-24-thin,YC21_24,peat,coillte,TRUE,AGEID6,193.3,0,0,DISTID3,DISTID1
Spruce25-32-thin,YC25_32,peat,coillte,TRUE,AGEID6,63.2,0,0,DISTID3,DISTID1
Spruce17-20-thin,YC17_20,peat,private,TRUE,AGEID6,66.8,0,0,DISTID3,DISTID1
Spruce17-20-nothin,YC17_20,mineral,coillte,TRUE,AGEID6,513.8,0,0,DISTID3,DISTID1
Spruce21-24-nothin,YC21_24,mineral,coillte,TRUE,AGEID6,542.7,0,0,DISTID3,DISTID1
Spruce25-32-nothin,YC25_32,mineral,coillte,TRUE,AGEID6,34.0,0,0,DISTID3,DISTID1
Spruce17-20-nothin,YC17_20,mineral,private,TRUE,AGEID6,68.1,0,0,DISTID3,DISTID1
Spruce21-24-nothin,YC21_24,mineral,private,TRUE,AGEID6,238.2,0,0,DISTID3,DISTID1
Spruce25-32-nothin,YC25_32,mineral,private,TRUE,AGEID6,34.0,0,0,DISTID3,DISTID1
Spruce17-20-nothin,YC17_20,peat,coillte,TRUE,AGEID6,70.3,0,0,DISTID3,DISTID1
Spruce21-24-nothin,YC21_24,peat,coillte,TRUE,AGEID6,99.6,0,0,DISTID3,DISTID1
Spruce25-32-nothin,YC25_32,peat,coillte,TRUE,AGEID6,32.6,0,0,DISTID3,DISTID1
Spruce17-20-nothin,YC17_20,peat,private,TRUE,AGEID6,34.4,0,0,DISTID3,DISTID1
Cbmix-Bl,YC10,mineral,coillte,TRUE,AGEID7,227.7,0,0,DISTID3,DISTID1
Cbmix-Conifer,YC10,mineral,coillte,TRUE,AGEID7,283.3,0,0,DISTID3,DISTID1
Cmix,YC10,mineral,coillte,TRUE,AGEID7,385.6,0,0,DISTID3,DISTID1
FGB,YC6,mineral,coillte,TRUE,AGEID7,171.6,0,0,DISTID3,DISTID1
OC,YC10,mineral,coillte,TRUE,AGEID7,129.1,0,0,DISTID3,DISTID1
Pine13-30,YC13_30,mineral,coillte,TRUE,AGEID7,112.2,0,0,DISTID3,DISTID1
Pine4-12,YC4_12,mineral,coillte,TRUE,AGEID7,0.0,0,0,DISTID3,DISTID1
SGB,YC6,mineral,coillte,TRUE,AGEID7,121.6,0,0,DISTID3,DISTID1
SNFGB-mineral,YC6,mineral,coillte,TRUE,AGEID7,101.5,0,0,DISTID3,DISTID1
Spruce13-16,YC13_16,mineral,coillte,TRUE,AGEID7,193.6,0,0,DISTID3,DISTID1
Spruce4-12,YC4_12,mineral,coillte,TRUE,AGEID7,0.0,0,0,DISTID3,DISTID1
Cbmix-Bl,YC10,mineral,private,TRUE,AGEID7,61.1,0,0,DISTID3,DISTID1
Cmix,YC10,mineral,private,TRUE,AGEID7,123.4,0,0,DISTID3,DISTID1
FGB,YC6,mineral,private,TRUE,AGEID7,121.9,0,0,DISTID3,DISTID1
Pine4-12,YC4_12,mineral,private,TRUE,AGEID7,15.2,0,0,DISTID3,DISTID1
SGB,YC6,mineral,private,TRUE,AGEID7,218.7,0,0,DISTID3,DISTID1
SNFGB-mineral,YC6,mineral,private,TRUE,AGEID7,920.7,0,0,DISTID3,DISTID1
Spruce13-16,YC13_16,mineral,private,TRUE,AGEID7,1.8,0,0,DISTID3,DISTID1
Cbmix-Bl,YC10,peat,coillte,TRUE,AGEID7,104.8,0,0,DISTID3,DISTID1
Cbmix-Conifer,YC10,peat,coillte,TRUE,AGEID7,250.3,0,0,DISTID3,DISTID1
Cmix,YC10,peat,coillte,TRUE,AGEID7,300.3,0,0,DISTID3,DISTID1
FGB,YC6,peat,coillte,TRUE,AGEID7,4.7,0,0,DISTID3,DISTID1
Pine13-30,YC13_30,peat,coillte,TRUE,AGEID7,688.3,0,0,DISTID3,DISTID1
Pine4-12,YC4_12,peat,coillte,TRUE,AGEID7,668.3,0,0,DISTID3,DISTID1
SNFGB-peat,YC6,peat,coillte,TRUE,AGEID7,256.8,0,0,DISTID3,DISTID1
Spruce13-16,YC13_16,peat,coillte,TRUE,AGEID7,700.1,0,0,DISTID3,DISTID1
Spruce4-12,YC4_12,peat,coillte,TRUE,AGEID7,1293.1,0,0,DISTID3,DISTID1
Cbmix-Bl,YC10,peat,private,TRUE,AGEID7,11.3,0,0,DISTID3,DISTID1
Pine13-30,YC13_30,peat,private,TRUE,AGEID7,100.1,0,0,DISTID3,DISTID1
SNFGB-peat,YC6,peat,private,TRUE,AGEID7,566.9,0,0,DISTID3,DISTID1
Spruce4-12,YC4_12,peat,private,TRUE,AGEID7,200.2,0,0,DISTID3,DISTID1
Spruce17-20-thin,YC17_20,mineral,coillte,TRUE,AGEID7,262.1,0,0,DISTID3,DISTID1
Spruce21-24-thin,YC21_24,mineral,coillte,TRUE,AGEID7,66.1,0,0,DISTID3,DISTID1
Spruce25-32-thin,YC25_32,mineral,coillte,TRUE,AGEID7,66.1,0,0,DISTID3,DISTID1
Spruce17-20-thin,YC17_20,mineral,private,TRUE,AGEID7,66.1,0,0,DISTID3,DISTID1
Spruce21-24-thin,YC21_24,mineral,private,TRUE,AGEID7,0.0,0,0,DISTID3,DISTID1
Spruce17-20-thin,YC17_20,peat,coillte,TRUE,AGEID7,264.3,0,0,DISTID3,DISTID1
Spruce21-24-thin,YC21_24,peat,coillte,TRUE,AGEID7,66.1,0,0,DISTID3,DISTID1
Spruce25-32-thin,YC25_32,peat,coillte,TRUE,AGEID7,0.0,0,0,DISTID3,DISTID1
Spruce17-20-thin,YC17_20,peat,private,TRUE,AGEID7,0.0,0,0,DISTID3,DISTID1
Spruce17-20-nothin,YC17_20,mineral,coillte,TRUE,AGEID7,135.0,0,0,DISTID3,DISTID1
Spruce21-24-nothin,YC21_24,mineral,coillte,TRUE,AGEID7,34.0,0,0,DISTID3,DISTID1
Spruce25-32-nothin,YC25_32,mineral,coillte,TRUE,AGEID7,34.0,0,0,DISTID3,DISTID1
Spruce17-20-nothin,YC17_20,mineral,private,TRUE,AGEID7,34.0,0,0,DISTID3,DISTID1
Spruce21-24-nothin,YC21_24,mineral,private,TRUE,AGEID7,0.0,0,0,DISTID3,DISTID1
Spruce17-20-nothin,YC17_20,peat,coillte,TRUE,AGEID7,136.1,0,0,DISTID3,DISTID1
Spruce21-24-nothin,YC21_24,peat,coillte,TRUE,AGEID7,34.0,0,0,DISTID3,DISTID1
Spruce25-32-nothin,YC25_32,peat,coillte,TRUE,AGEID7,0.0,0,0,DISTID3,DISTID1
Spruce17-20-nothin,YC17_20,peat,private,TRUE,AGEID7,0.0,0,0,DISTID3,DISTID1
Cbmix-Bl,YC10,mineral,coillte,TRUE,AGEID8,118.5,0,0,DISTID3,DISTID1
Cbmix-Conifer,YC10,mineral,coillte,TRUE,AGEID8,28.4,0,0,DISTID3,DISTID1
Cmix,YC10,mineral,coillte,TRUE,AGEID8,203.6,0,0,DISTID3,DISTID1
FGB,YC6,mineral,coillte,TRUE,AGEID8,236.6,0,0,DISTID3,DISTID1
OC,YC10,mineral,coillte,TRUE,AGEID8,97.4,0,0,DISTID3,DISTID1
Pine13-30,YC13_30,mineral,coillte,TRUE,AGEID8,400.4,0,0,DISTID3,DISTID1
Pine4-12,YC4_12,mineral,coillte,TRUE,AGEID8,100.1,0,0,DISTID3,DISTID1
SGB,YC6,mineral,coillte,TRUE,AGEID8,212.5,0,0,DISTID3,DISTID1
SNFGB-mineral,YC6,mineral,coillte,TRUE,AGEID8,49.8,0,0,DISTID3,DISTID1
Spruce13-16,YC13_16,mineral,coillte,TRUE,AGEID8,100.1,0,0,DISTID3,DISTID1
Spruce4-12,YC4_12,mineral,coillte,TRUE,AGEID8,200.2,0,0,DISTID3,DISTID1
Cbmix-Bl,YC10,mineral,private,TRUE,AGEID8,4.9,0,0,DISTID3,DISTID1
Cbmix-Conifer,YC10,mineral,private,TRUE,AGEID8,91.8,0,0,DISTID3,DISTID1
Cmix,YC10,mineral,private,TRUE,AGEID8,70.4,0,0,DISTID3,DISTID1
FGB,YC6,mineral,private,TRUE,AGEID8,40.1,0,0,DISTID3,DISTID1
OC,YC10,mineral,private,TRUE,AGEID8,77.2,0,0,DISTID3,DISTID1
Pine13-30,YC13_30,mineral,private,TRUE,AGEID8,5.8,0,0,DISTID3,DISTID1
SGB,YC6,mineral,private,TRUE,AGEID8,111.7,0,0,DISTID3,DISTID1
SNFGB-mineral,YC6,mineral,private,TRUE,AGEID8,1558.9,0,0,DISTID3,DISTID1
Spruce4-12,YC4_12,mineral,private,TRUE,AGEID8,0.0,0,0,DISTID3,DISTID1
Cbmix-Bl,YC10,peat,coillte,TRUE,AGEID8,104.5,0,0,DISTID3,DISTID1
Cbmix-Conifer,YC10,peat,coillte,TRUE,AGEID8,133.9,0,0,DISTID3,DISTID1
Cmix,YC10,peat,coillte,TRUE,AGEID8,127.4,0,0,DISTID3,DISTID1
FGB,YC6,peat,coillte,TRUE,AGEID8,0.0,0,0,DISTID3,DISTID1
Pine13-30,YC13_30,peat,coillte,TRUE,AGEID8,1566.7,0,0,DISTID3,DISTID1
Pine4-12,YC4_12,peat,coillte,TRUE,AGEID8,980.0,0,0,DISTID3,DISTID1
SNFGB-peat,YC6,peat,coillte,TRUE,AGEID8,119.7,0,0,DISTID3,DISTID1
Spruce13-16,YC13_16,peat,coillte,TRUE,AGEID8,791.6,0,0,DISTID3,DISTID1
Spruce4-12,YC4_12,peat,coillte,TRUE,AGEID8,1159.7,0,0,DISTID3,DISTID1
Cbmix-Bl,YC10,peat,private,TRUE,AGEID8,144.7,0,0,DISTID3,DISTID1
Pine4-12,YC4_12,peat,private,TRUE,AGEID8,99.3,0,0,DISTID3,DISTID1
SNFGB-peat,YC6,peat,private,TRUE,AGEID8,429.4,0,0,DISTID3,DISTID1
Spruce17-20-thin,YC17_20,mineral,coillte,TRUE,AGEID8,132.1,0,0,DISTID3,DISTID1
Spruce21-24-thin,YC21_24,mineral,coillte,TRUE,AGEID8,67.9,0,0,DISTID3,DISTID1
Spruce17-20-thin,YC17_20,peat,coillte,TRUE,AGEID8,55.2,0,0,DISTID3,DISTID1
Spruce21-24-thin,YC21_24,peat,coillte,TRUE,AGEID8,1.1,0,0,DISTID3,DISTID1
Spruce25-32-thin,YC25_32,peat,coillte,TRUE,AGEID8,0.0,0,0,DISTID3,DISTID1
Spruce17-20-thin,YC17_20,peat,private,TRUE,AGEID8,65.3,0,0,DISTID3,DISTID1
Spruce17-20-nothin,YC17_20,mineral,coillte,TRUE,AGEID8,68.1,0,0,DISTID3,DISTID1
Spruce21-24-nothin,YC21_24,mineral,coillte,TRUE,AGEID8,35.0,0,0,DISTID3,DISTID1
Spruce17-20-nothin,YC17_20,peat,coillte,TRUE,AGEID8,28.4,0,0,DISTID3,DISTID1
Spruce21-24-nothin,YC21_24,peat,coillte,TRUE,AGEID8,0.6,0,0,DISTID3,DISTID1
Spruce25-32-nothin,YC25_32,peat,coillte,TRUE,AGEID8,0.0,0,0,DISTID3,DISTID1
Spruce17-20-nothin,YC17_20,peat,private,TRUE,AGEID8,33.6,0,0,DISTID3,DISTID1
Cbmix-Bl,YC10,mineral,coillte,TRUE,AGEID9,112.0,0,0,DISTID3,DISTID1
Cbmix-Conifer,YC10,mineral,coillte,TRUE,AGEID9,99.3,0,0,DISTID3,DISTID1
Cmix,YC10,mineral,coillte,TRUE,AGEID9,32.9,0,0,DISTID3,DISTID1
FGB,YC6,mineral,coillte,TRUE,AGEID9,42.3,0,0,DISTID3,DISTID1
OC,YC10,mineral,coillte,TRUE,AGEID9,116.8,0,0,DISTID3,DISTID1
Pine13-30,YC13_30,mineral,coillte,TRUE,AGEID9,0.0,0,0,DISTID3,DISTID1
Pine4-12,YC4_12,mineral,coillte,TRUE,AGEID9,0.0,0,0,DISTID3,DISTID1
SGB,YC6,mineral,coillte,TRUE,AGEID9,22.3,0,0,DISTID3,DISTID1
SNFGB-mineral,YC6,mineral,coillte,TRUE,AGEID9,268.7,0,0,DISTID3,DISTID1
Spruce13-16,YC13_16,mineral,coillte,TRUE,AGEID9,200.2,0,0,DISTID3,DISTID1
Spruce4-12,YC4_12,mineral,coillte,TRUE,AGEID9,100.1,0,0,DISTID3,DISTID1
Cbmix-Bl,YC10,mineral,private,TRUE,AGEID9,117.2,0,0,DISTID3,DISTID1
Cbmix-Conifer,YC10,mineral,private,TRUE,AGEID9,77.8,0,0,DISTID3,DISTID1
Cmix,YC10,mineral,private,TRUE,AGEID9,47.1,0,0,DISTID3,DISTID1
FGB,YC6,mineral,private,TRUE,AGEID9,10.7,0,0,DISTID3,DISTID1
SGB,YC6,mineral,private,TRUE,AGEID9,122.2,0,0,DISTID3,DISTID1
SNFGB-mineral,YC6,mineral,private,TRUE,AGEID9,510.7,0,0,DISTID3,DISTID1
Cbmix-Bl,YC10,peat,coillte,TRUE,AGEID9,0.0,0,0,DISTID3,DISTID1
Cbmix-Conifer,YC10,peat,coillte,TRUE,AGEID9,170.1,0,0,DISTID3,DISTID1
Cmix,YC10,peat,coillte,TRUE,AGEID9,241.9,0,0,DISTID3,DISTID1
FGB,YC6,peat,coillte,TRUE,AGEID9,123.0,0,0,DISTID3,DISTID1
Pine13-30,YC13_30,peat,coillte,TRUE,AGEID9,94.3,0,0,DISTID3,DISTID1
Pine4-12,YC4_12,peat,coillte,TRUE,AGEID9,0.0,0,0,DISTID3,DISTID1
SNFGB-peat,YC6,peat,coillte,TRUE,AGEID9,40.4,0,0,DISTID3,DISTID1
Spruce13-16,YC13_16,peat,coillte,TRUE,AGEID9,900.3,0,0,DISTID3,DISTID1
Spruce4-12,YC4_12,peat,coillte,TRUE,AGEID9,1104.2,0,0,DISTID3,DISTID1
FGB,YC6,peat,private,TRUE,AGEID9,100.1,0,0,DISTID3,DISTID1
Pine4-12,YC4_12,peat,private,TRUE,AGEID9,0.0,0,0,DISTID3,DISTID1
SNFGB-peat,YC6,peat,private,TRUE,AGEID9,308.0,0,0,DISTID3,DISTID1
Spruce17-20-thin,YC17_20,mineral,coillte,TRUE,AGEID9,133.5,0,0,DISTID3,DISTID1
Spruce21-24-thin,YC21_24,mineral,coillte,TRUE,AGEID9,77.1,0,0,DISTID3,DISTID1
Spruce17-20-thin,YC17_20,peat,coillte,TRUE,AGEID9,132.1,0,0,DISTID3,DISTID1
Spruce17-20-nothin,YC17_20,mineral,coillte,TRUE,AGEID9,68.8,0,0,DISTID3,DISTID1
Spruce21-24-nothin,YC21_24,mineral,coillte,TRUE,AGEID9,39.7,0,0,DISTID3,DISTID1
Spruce17-20-nothin,YC17_20,peat,coillte,TRUE,AGEID9,68.1,0,0,DISTID3,DISTID1
Cbmix-Bl,YC10,mineral,coillte,TRUE,AGEID10,115.7,0,0,DISTID3,DISTID1
Cbmix-Conifer,YC10,mineral,coillte,TRUE,AGEID10,168.2,0,0,DISTID3,DISTID1
Cmix,YC10,mineral,coillte,TRUE,AGEID10,150.5,0,0,DISTID3,DISTID1
FGB,YC6,mineral,coillte,TRUE,AGEID10,26.7,0,0,DISTID3,DISTID1
OC,YC10,mineral,coillte,TRUE,AGEID10,271.2,0,0,DISTID3,DISTID1
Pine13-30,YC13_30,mineral,coillte,TRUE,AGEID10,11.3,0,0,DISTID3,DISTID1
Pine4-12,YC4_12,mineral,coillte,TRUE,AGEID10,100.1,0,0,DISTID3,DISTID1
SGB,YC6,mineral,coillte,TRUE,AGEID10,46.3,0,0,DISTID3,DISTID1
SNFGB-mineral,YC6,mineral,coillte,TRUE,AGEID10,39.1,0,0,DISTID3,DISTID1
Spruce13-16,YC13_16,mineral,coillte,TRUE,AGEID10,100.1,0,0,DISTID3,DISTID1
Spruce4-12,YC4_12,mineral,coillte,TRUE,AGEID10,200.2,0,0,DISTID3,DISTID1
Cbmix-Bl,YC10,mineral,private,TRUE,AGEID10,54.2,0,0,DISTID3,DISTID1
Cbmix-Conifer,YC10,mineral,private,TRUE,AGEID10,194.4,0,0,DISTID3,DISTID1
Cmix,YC10,mineral,private,TRUE,AGEID10,31.5,0,0,DISTID3,DISTID1
FGB,YC6,mineral,private,TRUE,AGEID10,10.8,0,0,DISTID3,DISTID1
OC,YC10,mineral,private,TRUE,AGEID10,248.0,0,0,DISTID3,DISTID1
Pine13-30,YC13_30,mineral,private,TRUE,AGEID10,0.0,0,0,DISTID3,DISTID1
Pine4-12,YC4_12,mineral,private,TRUE,AGEID10,0.0,0,0,DISTID3,DISTID1
SGB,YC6,mineral,private,TRUE,AGEID10,90.6,0,0,DISTID3,DISTID1
SNFGB-mineral,YC6,mineral,private,TRUE,AGEID10,691.0,0,0,DISTID3,DISTID1
Cbmix-Bl,YC10,peat,coillte,TRUE,AGEID10,60.4,0,0,DISTID3,DISTID1
Cbmix-Conifer,YC10,peat,coillte,TRUE,AGEID10,55.6,0,0,DISTID3,DISTID1
Cmix,YC10,peat,coillte,TRUE,AGEID10,41.6,0,0,DISTID3,DISTID1
FGB,YC6,peat,coillte,TRUE,AGEID10,124.3,0,0,DISTID3,DISTID1
Pine4-12,YC4_12,peat,coillte,TRUE,AGEID10,200.2,0,0,DISTID3,DISTID1
SNFGB-peat,YC6,peat,coillte,TRUE,AGEID10,8.8,0,0,DISTID3,DISTID1
Spruce13-16,YC13_16,peat,coillte,TRUE,AGEID10,293.7,0,0,DISTID3,DISTID1
Spruce4-12,YC4_12,peat,coillte,TRUE,AGEID10,500.7,0,0,DISTID3,DISTID1
Cbmix-Bl,YC10,peat,private,TRUE,AGEID10,11.8,0,0,DISTID3,DISTID1
Cbmix-Conifer,YC10,peat,private,TRUE,AGEID10,72.5,0,0,DISTID3,DISTID1
SNFGB-peat,YC6,peat,private,TRUE,AGEID10,80.3,0,0,DISTID3,DISTID1
Spruce4-12,YC4_12,peat,private,TRUE,AGEID10,100.1,0,0,DISTID3,DISTID1
Spruce17-20-thin,YC17_20,mineral,coillte,TRUE,AGEID10,1.9,0,0,DISTID3,DISTID1
Spruce25-32-thin,YC25_32,mineral,coillte,TRUE,AGEID10,0.0,0,0,DISTID3,DISTID1
Spruce21-24-thin,YC21_24,peat,coillte,TRUE,AGEID10,1.2,0,0,DISTID3,DISTID1
Spruce17-20-nothin,YC17_20,mineral,coillte,TRUE,AGEID10,1.0,0,0,DISTID3,DISTID1
Spruce25-32-nothin,YC25_32,mineral,coillte,TRUE,AGEID10,0.0,0,0,DISTID3,DISTID1
Spruce21-24-nothin,YC21_24,peat,coillte,TRUE,AGEID10,0.6,0,0,DISTID3,DISTID1
Cbmix-Bl,YC10,mineral,coillte,TRUE,AGEID11,106.9,0,0,DISTID3,DISTID1
Cbmix-Conifer,YC10,mineral,coillte,TRUE,AGEID11,3.7,0,0,DISTID3,DISTID1
Cmix,YC10,mineral,coillte,TRUE,AGEID11,4.2,0,0,DISTID3,DISTID1
FGB,YC6,mineral,coillte,TRUE,AGEID11,77.7,0,0,DISTID3,DISTID1
OC,YC10,mineral,coillte,TRUE,AGEID11,100.1,0,0,DISTID3,DISTID1
Pine4-12,YC4_12,mineral,coillte,TRUE,AGEID11,99.8,0,0,DISTID3,DISTID1
SGB,YC6,mineral,coillte,TRUE,AGEID11,59.6,0,0,DISTID3,DISTID1
SNFGB-mineral,YC6,mineral,coillte,TRUE,AGEID11,249.7,0,0,DISTID3,DISTID1
Spruce13-16,YC13_16,mineral,coillte,TRUE,AGEID11,198.4,0,0,DISTID3,DISTID1
Spruce4-12,YC4_12,mineral,coillte,TRUE,AGEID11,198.6,0,0,DISTID3,DISTID1
Cbmix-Bl,YC10,mineral,private,TRUE,AGEID11,60.3,0,0,DISTID3,DISTID1
Cmix,YC10,mineral,private,TRUE,AGEID11,93.4,0,0,DISTID3,DISTID1
FGB,YC6,mineral,private,TRUE,AGEID11,6.4,0,0,DISTID3,DISTID1
Pine4-12,YC4_12,mineral,private,TRUE,AGEID11,100.1,0,0,DISTID3,DISTID1
SGB,YC6,mineral,private,TRUE,AGEID11,77.4,0,0,DISTID3,DISTID1
SNFGB-mineral,YC6,mineral,private,TRUE,AGEID11,627.1,0,0,DISTID3,DISTID1
Spruce13-16,YC13_16,mineral,private,TRUE,AGEID11,86.0,0,0,DISTID3,DISTID1
Spruce4-12,YC4_12,mineral,private,TRUE,AGEID11,0.0,0,0,DISTID3,DISTID1
Cbmix-Conifer,YC10,peat,coillte,TRUE,AGEID11,2.5,0,0,DISTID3,DISTID1
Pine13-30,YC13_30,peat,coillte,TRUE,AGEID11,5.8,0,0,DISTID3,DISTID1
Pine4-12,YC4_12,peat,coillte,TRUE,AGEID11,183.9,0,0,DISTID3,DISTID1
Spruce13-16,YC13_16,peat,coillte,TRUE,AGEID11,109.3,0,0,DISTID3,DISTID1
Spruce4-12,YC4_12,peat,coillte,TRUE,AGEID11,355.8,0,0,DISTID3,DISTID1
SNFGB-peat,YC6,peat,private,TRUE,AGEID11,151.2,0,0,DISTID3,DISTID1
Spruce4-12,YC4_12,peat,private,TRUE,AGEID11,111.4,0,0,DISTID3,DISTID1
Spruce21-24-thin,YC21_24,mineral,coillte,TRUE,AGEID11,4.3,0,0,DISTID3,DISTID1
Spruce25-32-thin,YC25_32,mineral,coillte,TRUE,AGEID11,0.0,0,0,DISTID3,DISTID1
Spruce17-20-thin,YC17_20,peat,coillte,TRUE,AGEID11,5.2,0,0,DISTID3,DISTID1
Spruce21-24-nothin,YC21_24,mineral,coillte,TRUE,AGEID11,2.2,0,0,DISTID3,DISTID1
Spruce25-32-nothin,YC25_32,mineral,coillte,TRUE,AGEID11,0.0,0,0,DISTID3,DISTID1
Spruce17-20-nothin,YC17_20,peat,coillte,TRUE,AGEID11,2.7,0,0,DISTID3,DISTID1
Cbmix-Bl,YC10,mineral,coillte,TRUE,AGEID12,12.2,0,0,DISTID3,DISTID1
Cmix,YC10,mineral,coillte,TRUE,AGEID12,258.2,0,0,DISTID3,DISTID1
FGB,YC6,mineral,coillte,TRUE,AGEID12,230.7,0,0,DISTID3,DISTID1
OC,YC10,mineral,coillte,TRUE,AGEID12,0.0,0,0,DISTID3,DISTID1
SGB,YC6,mineral,coillte,TRUE,AGEID12,7.3,0,0,DISTID3,DISTID1
SNFGB-mineral,YC6,mineral,coillte,TRUE,AGEID12,88.0,0,0,DISTID3,DISTID1
Spruce13-16,YC13_16,mineral,coillte,TRUE,AGEID12,100.1,0,0,DISTID3,DISTID1
Cbmix-Bl,YC10,mineral,private,TRUE,AGEID12,18.6,0,0,DISTID3,DISTID1
Cmix,YC10,mineral,private,TRUE,AGEID12,100.1,0,0,DISTID3,DISTID1
FGB,YC6,mineral,private,TRUE,AGEID12,3.7,0,0,DISTID3,DISTID1
Pine13-30,YC13_30,mineral,private,TRUE,AGEID12,3.7,0,0,DISTID3,DISTID1
SGB,YC6,mineral,private,TRUE,AGEID12,97.8,0,0,DISTID3,DISTID1
SNFGB-mineral,YC6,mineral,private,TRUE,AGEID12,462.9,0,0,DISTID3,DISTID1
FGB,YC6,peat,coillte,TRUE,AGEID12,9.2,0,0,DISTID3,DISTID1
SNFGB-peat,YC6,peat,coillte,TRUE,AGEID12,0.0,0,0,DISTID3,DISTID1
Spruce4-12,YC4_12,peat,coillte,TRUE,AGEID12,96.5,0,0,DISTID3,DISTID1
Pine4-12,YC4_12,peat,private,TRUE,AGEID12,11.3,0,0,DISTID3,DISTID1
SNFGB-peat,YC6,peat,private,TRUE,AGEID12,128.0,0,0,DISTID3,DISTID1
Spruce4-12,YC4_12,peat,private,TRUE,AGEID12,100.1,0,0,DISTID3,DISTID1
Spruce25-32-thin,YC25_32,mineral,coillte,TRUE,AGEID12,66.1,0,0,DISTID3,DISTID1
Spruce25-32-nothin,YC25_32,mineral,coillte,TRUE,AGEID12,34.0,0,0,DISTID3,DISTID1
Cbmix-Bl,YC10,mineral,coillte,TRUE,AGEID13,126.3,0,0,DISTID3,DISTID1
FGB,YC6,mineral,coillte,TRUE,AGEID13,51.2,0,0,DISTID3,DISTID1
OC,YC10,mineral,coillte,TRUE,AGEID13,182.3,0,0,DISTID3,DISTID1
Pine13-30,YC13_30,mineral,coillte,TRUE,AGEID13,86.0,0,0,DISTID3,DISTID1
SGB,YC6,mineral,coillte,TRUE,AGEID13,189.3,0,0,DISTID3,DISTID1
SNFGB-mineral,YC6,mineral,coillte,TRUE,AGEID13,28.7,0,0,DISTID3,DISTID1
Spruce4-12,YC4_12,mineral,coillte,TRUE,AGEID13,35.3,0,0,DISTID3,DISTID1
Cbmix-Bl,YC10,mineral,private,TRUE,AGEID13,53.5,0,0,DISTID3,DISTID1
Cbmix-Conifer,YC10,mineral,private,TRUE,AGEID13,63.8,0,0,DISTID3,DISTID1
Cmix,YC10,mineral,private,TRUE,AGEID13,12.0,0,0,DISTID3,DISTID1
FGB,YC6,mineral,private,TRUE,AGEID13,4.4,0,0,DISTID3,DISTID1
SGB,YC6,mineral,private,TRUE,AGEID13,16.6,0,0,DISTID3,DISTID1
SNFGB-mineral,YC6,mineral,private,TRUE,AGEID13,569.5,0,0,DISTID3,DISTID1
Cbmix-Bl,YC10,peat,coillte,TRUE,AGEID13,0.0,0,0,DISTID3,DISTID1
Pine4-12,YC4_12,peat,coillte,TRUE,AGEID13,100.1,0,0,DISTID3,DISTID1
SNFGB-peat,YC6,peat,coillte,TRUE,AGEID13,14.7,0,0,DISTID3,DISTID1
Pine4-12,YC4_12,peat,private,TRUE,AGEID13,34.0,0,0,DISTID3,DISTID1
SNFGB-peat,YC6,peat,private,TRUE,AGEID13,59.9,0,0,DISTID3,DISTID1
Cbmix-Bl,YC10,mineral,coillte,TRUE,AGEID14,2.0,0,0,DISTID3,DISTID1
Cmix,YC10,mineral,coillte,TRUE,AGEID14,99.5,0,0,DISTID3,DISTID1
FGB,YC6,mineral,coillte,TRUE,AGEID14,3.8,0,0,DISTID3,DISTID1
Pine4-12,YC4_12,mineral,coillte,TRUE,AGEID14,84.9,0,0,DISTID3,DISTID1
SGB,YC6,mineral,coillte,TRUE,AGEID14,76.0,0,0,DISTID3,DISTID1
SNFGB-mineral,YC6,mineral,coillte,TRUE,AGEID14,20.0,0,0,DISTID3,DISTID1
Cbmix-Bl,YC10,mineral,private,TRUE,AGEID14,97.4,0,0,DISTID3,DISTID1
FGB,YC6,mineral,private,TRUE,AGEID14,68.0,0,0,DISTID3,DISTID1
OC,YC10,mineral,private,TRUE,AGEID14,25.0,0,0,DISTID3,DISTID1
Pine13-30,YC13_30,mineral,private,TRUE,AGEID14,0.0,0,0,DISTID3,DISTID1
SGB,YC6,mineral,private,TRUE,AGEID14,223.5,0,0,DISTID3,DISTID1
SNFGB-mineral,YC6,mineral,private,TRUE,AGEID14,209.0,0,0,DISTID3,DISTID1
Pine4-12,YC4_12,peat,coillte,TRUE,AGEID14,0.0,0,0,DISTID3,DISTID1
SNFGB-peat,YC6,peat,coillte,TRUE,AGEID14,45.0,0,0,DISTID3,DISTID1
SNFGB-peat,YC6,peat,private,TRUE,AGEID14,6.8,0,0,DISTID3,DISTID1
Cbmix-Bl,YC10,mineral,coillte,TRUE,AGEID15,24.6,0,0,DISTID3,DISTID1
Cbmix-Conifer,YC10,mineral,coillte,TRUE,AGEID15,7.9,0,0,DISTID3,DISTID1
Cmix,YC10,mineral,coillte,TRUE,AGEID15,57.3,0,0,DISTID3,DISTID1
FGB,YC6,mineral,coillte,TRUE,AGEID15,11.0,0,0,DISTID3,DISTID1
Pine4-12,YC4_12,mineral,coillte,TRUE,AGEID15,0.0,0,0,DISTID3,DISTID1
SGB,YC6,mineral,coillte,TRUE,AGEID15,211.9,0,0,DISTID3,DISTID1
SNFGB-mineral,YC6,mineral,coillte,TRUE,AGEID15,12.1,0,0,DISTID3,DISTID1
Cbmix-Bl,YC10,mineral,private,TRUE,AGEID15,33.4,0,0,DISTID3,DISTID1
FGB,YC6,mineral,private,TRUE,AGEID15,31.3,0,0,DISTID3,DISTID1
Pine13-30,YC13_30,mineral,private,TRUE,AGEID15,0.0,0,0,DISTID3,DISTID1
SGB,YC6,mineral,private,TRUE,AGEID15,124.3,0,0,DISTID3,DISTID1
SNFGB-mineral,YC6,mineral,private,TRUE,AGEID15,327.3,0,0,DISTID3,DISTID1
Cbmix-Bl,YC10,peat,coillte,TRUE,AGEID15,0.0,0,0,DISTID3,DISTID1
SNFGB-peat,YC6,peat,private,TRUE,AGEID15,80.0,0,0,DISTID3,DISTID1
Spruce25-32-thin,YC25_32,mineral,coillte,TRUE,AGEID15,1.2,0,0,DISTID3,DISTID1
Spruce25-32-nothin,YC25_32,mineral,coillte,TRUE,AGEID15,0.6,0,0,DISTID3,DISTID1
Cbmix-Bl,YC10,mineral,coillte,TRUE,AGEID16,160.0,0,0,DISTID3,DISTID1
Cmix,YC10,mineral,coillte,TRUE,AGEID16,6.4,0,0,DISTID3,DISTID1
Pine4-12,YC4_12,mineral,coillte,TRUE,AGEID16,90.4,0,0,DISTID3,DISTID1
SGB,YC6,mineral,coillte,TRUE,AGEID16,84.6,0,0,DISTID3,DISTID1
SNFGB-mineral,YC6,mineral,coillte,TRUE,AGEID16,11.9,0,0,DISTID3,DISTID1
Cbmix-Conifer,YC10,mineral,private,TRUE,AGEID16,42.6,0,0,DISTID3,DISTID1
FGB,YC6,mineral,private,TRUE,AGEID16,7.1,0,0,DISTID3,DISTID1
Pine13-30,YC13_30,mineral,private,TRUE,AGEID16,85.8,0,0,DISTID3,DISTID1
SGB,YC6,mineral,private,TRUE,AGEID16,133.8,0,0,DISTID3,DISTID1
SNFGB-mineral,YC6,mineral,private,TRUE,AGEID16,86.2,0,0,DISTID3,DISTID1
Pine4-12,YC4_12,peat,coillte,TRUE,AGEID16,100.1,0,0,DISTID3,DISTID1
Spruce4-12,YC4_12,peat,coillte,TRUE,AGEID16,5.1,0,0,DISTID3,DISTID1
SNFGB-peat,YC6,peat,private,TRUE,AGEID16,16.4,0,0,DISTID3,DISTID1
Cbmix-Conifer,YC10,mineral,coillte,TRUE,AGEID17,35.0,0,0,DISTID3,DISTID1
SGB,YC6,mineral,coillte,TRUE,AGEID17,56.9,0,0,DISTID3,DISTID1
SNFGB-mineral,YC6,mineral,coillte,TRUE,AGEID17,10.9,0,0,DISTID3,DISTID1
Cbmix-Bl,YC10,mineral,private,TRUE,AGEID17,52.0,0,0,DISTID3,DISTID1
FGB,YC6,mineral,private,TRUE,AGEID17,46.8,0,0,DISTID3,DISTID1
OC,YC10,mineral,private,TRUE,AGEID17,5.6,0,0,DISTID3,DISTID1
SGB,YC6,mineral,private,TRUE,AGEID17,32.8,0,0,DISTID3,DISTID1
SNFGB-mineral,YC6,mineral,private,TRUE,AGEID17,172.0,0,0,DISTID3,DISTID1
SNFGB-peat,YC6,peat,private,TRUE,AGEID17,8.5,0,0,DISTID3,DISTID1
Cbmix-Bl,YC10,mineral,coillte,TRUE,AGEID18,21.3,0,0,DISTID3,DISTID1
OC,YC10,mineral,coillte,TRUE,AGEID18,100.1,0,0,DISTID3,DISTID1
SGB,YC6,mineral,coillte,TRUE,AGEID18,167.9,0,0,DISTID3,DISTID1
SNFGB-mineral,YC6,mineral,coillte,TRUE,AGEID18,0.0,0,0,DISTID3,DISTID1
Cbmix-Conifer,YC10,mineral,private,TRUE,AGEID18,3.2,0,0,DISTID3,DISTID1
FGB,YC6,mineral,private,TRUE,AGEID18,6.6,0,0,DISTID3,DISTID1
SGB,YC6,mineral,private,TRUE,AGEID18,46.5,0,0,DISTID3,DISTID1
SNFGB-mineral,YC6,mineral,private,TRUE,AGEID18,227.3,0,0,DISTID3,DISTID1
Cbmix-Bl,YC10,mineral,coillte,TRUE,AGEID19,8.3,0,0,DISTID3,DISTID1
FGB,YC6,mineral,coillte,TRUE,AGEID19,24.2,0,0,DISTID3,DISTID1
SGB,YC6,mineral,coillte,TRUE,AGEID19,93.3,0,0,DISTID3,DISTID1
SNFGB-mineral,YC6,mineral,coillte,TRUE,AGEID19,77.8,0,0,DISTID3,DISTID1
Cbmix-Bl,YC10,mineral,private,TRUE,AGEID19,51.6,0,0,DISTID3,DISTID1
FGB,YC6,mineral,private,TRUE,AGEID19,25.8,0,0,DISTID3,DISTID1
SGB,YC6,mineral,private,TRUE,AGEID19,18.5,0,0,DISTID3,DISTID1
SNFGB-mineral,YC6,mineral,private,TRUE,AGEID19,271.9,0,0,DISTID3,DISTID1
SNFGB-peat,YC6,peat,private,TRUE,AGEID19,13.9,0,0,DISTID3,DISTID1
FGB,YC6,mineral,coillte,TRUE,AGEID20,23.7,0,0,DISTID3,DISTID1
Cbmix-Bl,YC10,mineral,private,TRUE,AGEID20,29.6,0,0,DISTID3,DISTID1
FGB,YC6,mineral,private,TRUE,AGEID20,5.8,0,0,DISTID3,DISTID1
OC,YC10,mineral,private,TRUE,AGEID20,21.0,0,0,DISTID3,DISTID1
SGB,YC6,mineral,private,TRUE,AGEID20,98.7,0,0,DISTID3,DISTID1
SNFGB-mineral,YC6,mineral,private,TRUE,AGEID20,29.3,0,0,DISTID3,DISTID1
Cbmix-Bl,YC10,mineral,coillte,TRUE,AGEID20,5.2,0,0,DISTID3,DISTID1
FGB,YC6,mineral,coillte,TRUE,AGEID20,0.0,0,0,DISTID3,DISTID1
SGB,YC6,mineral,coillte,TRUE,AGEID20,0.0,0,0,DISTID3,DISTID1
Cbmix-Bl,YC10,mineral,private,TRUE,AGEID20,4.5,0,0,DISTID3,DISTID1
Pine4-12,YC4_12,mineral,private,TRUE,AGEID20,0.0,0,0,DISTID3,DISTID1
SGB,YC6,mineral,private,TRUE,AGEID20,67.2,0,0,DISTID3,DISTID1
SNFGB-mineral,YC6,mineral,private,TRUE,AGEID20,9.8,0,0,DISTID3,DISTID1
FGB,YC6,mineral,coillte,TRUE,AGEID20,56.1,0,0,DISTID3,DISTID1
SNFGB-mineral,YC6,mineral,coillte,TRUE,AGEID20,10.2,0,0,DISTID3,DISTID1
FGB,YC6,mineral,private,TRUE,AGEID20,22.2,0,0,DISTID3,DISTID1
SGB,YC6,mineral,private,TRUE,AGEID20,89.3,0,0,DISTID3,DISTID1
SNFGB-mineral,YC6,mineral,private,TRUE,AGEID20,23.8,0,0,DISTID3,DISTID1
SNFGB-peat,YC6,peat,private,TRUE,AGEID20,100.1,0,0,DISTID3,DISTID1
Cbmix-Bl,YC10,mineral,coillte,TRUE,AGEID20,10.6,0,0,DISTID3,DISTID1
FGB,YC6,mineral,coillte,TRUE,AGEID20,50.9,0,0,DISTID3,DISTID1
SGB,YC6,mineral,coillte,TRUE,AGEID20,37.5,0,0,DISTID3,DISTID1
SNFGB-mineral,YC6,mineral,coillte,TRUE,AGEID20,30.9,0,0,DISTID3,DISTID1
Cbmix-Bl,YC10,mineral,private,TRUE,AGEID20,75.1,0,0,DISTID3,DISTID1
FGB,YC6,mineral,private,TRUE,AGEID20,20.8,0,0,DISTID3,DISTID1
Pine4-12,YC4_12,mineral,private,TRUE,AGEID20,84.9,0,0,DISTID3,DISTID1
SNFGB-mineral,YC6,mineral,private,TRUE,AGEID20,61.5,0,0,DISTID3,DISTID1
SGB,YC6,mineral,coillte,TRUE,AGEID20,13.2,0,0,DISTID3,DISTID1
FGB,YC6,mineral,private,TRUE,AGEID20,16.0,0,0,DISTID3,DISTID1
SGB,YC6,mineral,private,TRUE,AGEID20,16.2,0,0,DISTID3,DISTID1
SNFGB-mineral,YC6,mineral,private,TRUE,AGEID20,16.6,0,0,DISTID3,DISTID1
SGB,YC6,mineral,coillte,TRUE,AGEID20,0.0,0,0,DISTID3,DISTID1
SNFGB-mineral,YC6,mineral,private,TRUE,AGEID20,62.0,0,0,DISTID3,DISTID1
FGB,YC6,mineral,private,TRUE,AGEID20,10.8,0,0,DISTID3,DISTID1
SNFGB-mineral,YC6,mineral,private,TRUE,AGEID20,18.0,0,0,DISTID3,DISTID1
Cbmix-Conifer,YC10,mineral,coillte,TRUE,AGEID20,9.2,0,0,DISTID3,DISTID1
SGB,YC6,mineral,coillte,TRUE,AGEID20,11.9,0,0,DISTID3,DISTID1
SGB,YC6,mineral,private,TRUE,AGEID20,17.3,0,0,DISTID3,DISTID1
SNFGB-mineral,YC6,mineral,private,TRUE,AGEID20,80.5,0,0,DISTID3,DISTID1
SGB,YC6,mineral,private,TRUE,AGEID20,27.7,0,0,DISTID3,DISTID1
Spruce4-12,YC4_12,peat,coillte,TRUE,AGEID20,10.2,0,0,DISTID3,DISTID1
SGB,YC6,mineral,private,TRUE,AGEID20,87.8,0,0,DISTID3,DISTID1
SNFGB-mineral,YC6,mineral,private,TRUE,AGEID20,37.9,0,0,DISTID3,DISTID1
SGB,YC6,mineral,private,TRUE,AGEID20,18.2,0,0,DISTID3,DISTID1
SGB,YC6,mineral,coillte,TRUE,AGEID20,17.7,0,0,DISTID3,DISTID1
SNFGB-mineral,YC6,mineral,coillte,TRUE,AGEID20,18.8,0,0,DISTID3,DISTID1
SGB,YC6,mineral,private,TRUE,AGEID20,0.0,0,0,DISTID3,DISTID1
SGB,YC6,mineral,coillte,TRUE,AGEID20,0.0,0,0,DISTID3,DISTID1
SGB,YC6,mineral,private,TRUE,AGEID20,41.0,0,0,DISTID3,DISTID1
SGB,YC6,mineral,coillte,TRUE,AGEID20,226.8,0,0,DISTID3,DISTID1
SGB,YC6,mineral,private,TRUE,AGEID20,97.7,0,0,DISTID3,DISTID1
SNFGB-mineral,YC6,mineral,private,TRUE,AGEID20,31.3,0,0,DISTID3,DISTID1
FGB,YC6,mineral,private,TRUE,AGEID20,14.6,0,0,DISTID3,DISTID1
SGB,YC6,mineral,private,TRUE,AGEID20,40.9,0,0,DISTID3,DISTID1
SNFGB-mineral,YC6,mineral,private,TRUE,AGEID20,13.7,0,0,DISTID3,DISTID1
SGB,YC6,mineral,coillte,TRUE,AGEID20,0.0,0,0,DISTID3,DISTID1
SGB,YC6,mineral,coillte,TRUE,AGEID20,51.5,0,0,DISTID3,DISTID1
SGB,YC6,mineral,private,TRUE,AGEID20,0.0,0,0,DISTID3,DISTID1
SGB,YC6,mineral,coillte,TRUE,AGEID20,100.1,0,0,DISTID3,DISTID1
FGB,YC6,mineral,private,TRUE,AGEID20,17.9,0,0,DISTID3,DISTID1
SGB,YC6,mineral,private,TRUE,AGEID20,209.3,0,0,DISTID3,DISTID1
SGB,YC6,mineral,coillte,TRUE,AGEID20,34.4,0,0,DISTID3,DISTID1
SGB,YC6,mineral,private,TRUE,AGEID20,46.0,0,0,DISTID3,DISTID1
Spruce4-12,YC4_12,mineral,coillte,TRUE,AGEID0,136.9,0,0,DISTID3,DISTID1
Spruce4-12,YC4_12,peat,coillte,TRUE,AGEID0,253.3,0,0,DISTID3,DISTID1
Spruce4-12,YC4_12,mineral,private,TRUE,AGEID0,17.1,0,0,DISTID3,DISTID1
Spruce4-12,YC4_12,peat,private,TRUE,AGEID0,44.5,0,0,DISTID3,DISTID1
Spruce25-32-thin,YC25_32,mineral,coillte,TRUE,AGEID0,29.4,0,0,DISTID3,DISTID1
Spruce25-32-thin,YC25_32,peat,coillte,TRUE,AGEID0,9.0,0,0,DISTID3,DISTID1
Spruce25-32-thin,YC25_32,mineral,private,TRUE,AGEID0,2.3,0,0,DISTID3,DISTID1
Spruce25-32-nothin,YC25_32,mineral,coillte,TRUE,AGEID0,15.1,0,0,DISTID3,DISTID1
Spruce25-32-nothin,YC25_32,peat,coillte,TRUE,AGEID0,4.7,0,0,DISTID3,DISTID1
Spruce25-32-nothin,YC25_32,mineral,private,TRUE,AGEID0,1.2,0,0,DISTID3,DISTID1
Spruce21-24-thin,YC21_24,mineral,coillte,TRUE,AGEID0,131.0,0,0,DISTID3,DISTID1
Spruce21-24-thin,YC21_24,peat,coillte,TRUE,AGEID0,42.9,0,0,DISTID3,DISTID1
Spruce21-24-thin,YC21_24,mineral,private,TRUE,AGEID0,18.1,0,0,DISTID3,DISTID1
Spruce21-24-nothin,YC21_24,mineral,coillte,TRUE,AGEID0,67.5,0,0,DISTID3,DISTID1
Spruce21-24-nothin,YC21_24,peat,coillte,TRUE,AGEID0,22.1,0,0,DISTID3,DISTID1
Spruce21-24-nothin,YC21_24,mineral,private,TRUE,AGEID0,9.3,0,0,DISTID3,DISTID1
Spruce17-20-thin,YC17_20,mineral,coillte,TRUE,AGEID0,131.0,0,0,DISTID3,DISTID1
Spruce17-20-thin,YC17_20,peat,coillte,TRUE,AGEID0,81.3,0,0,DISTID3,DISTID1
Spruce17-20-thin,YC17_20,mineral,private,TRUE,AGEID0,9.0,0,0,DISTID3,DISTID1
Spruce17-20-thin,YC17_20,peat,private,TRUE,AGEID0,4.5,0,0,DISTID3,DISTID1
Spruce17-20-nothin,YC17_20,mineral,coillte,TRUE,AGEID0,67.5,0,0,DISTID3,DISTID1
Spruce17-20-nothin,YC17_20,peat,coillte,TRUE,AGEID0,41.9,0,0,DISTID3,DISTID1
Spruce17-20-nothin,YC17_20,mineral,private,TRUE,AGEID0,4.7,0,0,DISTID3,DISTID1
Spruce17-20-nothin,YC17_20,peat,private,TRUE,AGEID0,2.3,0,0,DISTID3,DISTID1
Spruce13-16,YC13_16,mineral,coillte,TRUE,AGEID0,150.6,0,0,DISTID3,DISTID1
Spruce13-16,YC13_16,peat,coillte,TRUE,AGEID0,147.2,0,0,DISTID3,DISTID1
Spruce13-16,YC13_16,mineral,private,TRUE,AGEID0,13.7,0,0,DISTID3,DISTID1
Spruce13-16,YC13_16,peat,private,TRUE,AGEID0,6.8,0,0,DISTID3,DISTID1
SGB,YC6,mineral,coillte,TRUE,AGEID0,85.6,0,0,DISTID3,DISTID1
SGB,YC6,mineral,private,TRUE,AGEID0,95.8,0,0,DISTID3,DISTID1
Pine4-12,YC4_12,mineral,coillte,TRUE,AGEID0,27.4,0,0,DISTID3,DISTID1
Pine4-12,YC4_12,peat,coillte,TRUE,AGEID0,119.8,0,0,DISTID3,DISTID1
Pine4-12,YC4_12,mineral,private,TRUE,AGEID0,10.3,0,0,DISTID3,DISTID1
Pine4-12,YC4_12,peat,private,TRUE,AGEID0,24.0,0,0,DISTID3,DISTID1
Pine13-30,YC13_30,mineral,coillte,TRUE,AGEID0,34.2,0,0,DISTID3,DISTID1
Pine13-30,YC13_30,peat,coillte,TRUE,AGEID0,95.8,0,0,DISTID3,DISTID1
Pine13-30,YC13_30,mineral,private,TRUE,AGEID0,3.4,0,0,DISTID3,DISTID1
Pine13-30,YC13_30,peat,private,TRUE,AGEID0,3.4,0,0,DISTID3,DISTID1
OC,YC10,mineral,coillte,TRUE,AGEID0,85.6,0,0,DISTID3,DISTID1
OC,YC10,peat,coillte,TRUE,AGEID0,6.8,0,0,DISTID3,DISTID1
OC,YC10,mineral,private,TRUE,AGEID0,24.0,0,0,DISTID3,DISTID1
FGB,YC6,mineral,coillte,TRUE,AGEID0,119.8,0,0,DISTID3,DISTID1
FGB,YC6,peat,coillte,TRUE,AGEID0,54.8,0,0,DISTID3,DISTID1
FGB,YC6,mineral,private,TRUE,AGEID0,41.1,0,0,DISTID3,DISTID1
FGB,YC6,peat,private,TRUE,AGEID0,3.4,0,0,DISTID3,DISTID1
Cmix,YC10,mineral,coillte,TRUE,AGEID0,130.1,0,0,DISTID3,DISTID1
Cmix,YC10,peat,coillte,TRUE,AGEID0,82.2,0,0,DISTID3,DISTID1
Cmix,YC10,mineral,private,TRUE,AGEID0,24.0,0,0,DISTID3,DISTID1
Cmix,YC10,peat,private,TRUE,AGEID0,3.4,0,0,DISTID3,DISTID1
Cbmix-Conifer,YC10,mineral,coillte,TRUE,AGEID0,95.8,0,0,DISTID3,DISTID1
Cbmix-Conifer,YC10,peat,coillte,TRUE,AGEID0,54.8,0,0,DISTID3,DISTID1
Cbmix-Conifer,YC10,mineral,private,TRUE,AGEID0,27.4,0,0,DISTID3,DISTID1
Cbmix-Conifer,YC10,peat,private,TRUE,AGEID0,13.7,0,0,DISTID3,DISTID1
Cbmix-Bl,YC10,mineral,coillte,TRUE,AGEID0,82.2,0,0,DISTID3,DISTID1
Cbmix-Bl,YC10,peat,coillte,TRUE,AGEID0,41.1,0,0,DISTID3,DISTID1
Cbmix-Bl,YC10,mineral,private,TRUE,AGEID0,34.2,0,0,DISTID3,DISTID1
Cbmix-Bl,YC10,peat,private,TRUE,AGEID0,13.7,0,0,DISTID3,DISTID1
SNFGB-peat,YC6,peat,coillte,TRUE,AGEID12,0.0,0,0,DISTID3,DISTID1
Spruce4-12,YC4_12,peat,coillte,TRUE,AGEID12,96.5,0,0,DISTID3,DISTID1
Pine4-12,YC4_12,peat,private,TRUE,AGEID12,11.3,0,0,DISTID3,DISTID1
SNFGB-peat,YC6,peat,private,TRUE,AGEID12,128.0,0,0,DISTID3,DISTID1
Spruce4-12,YC4_12,peat,private,TRUE,AGEID12,100.1,0,0,DISTID3,DISTID1
Spruce25-32-thin,YC25_32,mineral,coillte,TRUE,AGEID12,66.1,0,0,DISTID3,DISTID1
Spruce25-32-nothin,YC25_32,mineral,coillte,TRUE,AGEID12,34.0,0,0,DISTID3,DISTID1
Cbmix-Bl,YC10,mineral,coillte,TRUE,AGEID13,126.3,0,0,DISTID3,DISTID1
FGB,YC6,mineral,coillte,TRUE,AGEID13,51.2,0,0,DISTID3,DISTID1
OC,YC10,mineral,coillte,TRUE,AGEID13,182.3,0,0,DISTID3,DISTID1
Pine13-30,YC13_30,mineral,coillte,TRUE,AGEID13,86.0,0,0,DISTID3,DISTID1
SGB,YC6,mineral,coillte,TRUE,AGEID13,189.3,0,0,DISTID3,DISTID1
SNFGB-mineral,YC6,mineral,coillte,TRUE,AGEID13,28.7,0,0,DISTID3,DISTID1
Spruce4-12,YC4_12,mineral,coillte,TRUE,AGEID13,35.3,0,0,DISTID3,DISTID1
Cbmix-Bl,YC10,mineral,private,TRUE,AGEID13,53.5,0,0,DISTID3,DISTID1
Cbmix-Conifer,YC10,mineral,private,TRUE,AGEID13,63.8,0,0,DISTID3,DISTID1
Cmix,YC10,mineral,private,TRUE,AGEID13,12.0,0,0,DISTID3,DISTID1
FGB,YC6,mineral,private,TRUE,AGEID13,4.4,0,0,DISTID3,DISTID1
SGB,YC6,mineral,private,TRUE,AGEID13,16.6,0,0,DISTID3,DISTID1
SNFGB-mineral,YC6,mineral,private,TRUE,AGEID13,569.5,0,0,DISTID3,DISTID1
Cbmix-Bl,YC10,peat,coillte,TRUE,AGEID13,0.0,0,0,DISTID3,DISTID1
Pine4-12,YC4_12,peat,coillte,TRUE,AGEID13,100.1,0,0,DISTID3,DISTID1
SNFGB-peat,YC6,peat,coillte,TRUE,AGEID13,14.7,0,0,DISTID3,DISTID1
Pine4-12,YC4_12,peat,private,TRUE,AGEID13,34.0,0,0,DISTID3,DISTID1
SNFGB-peat,YC6,peat,private,TRUE,AGEID13,59.9,0,0,DISTID3,DISTID1
Cbmix-Bl,YC10,mineral,coillte,TRUE,AGEID14,2.0,0,0,DISTID3,DISTID1
Cmix,YC10,mineral,coillte,TRUE,AGEID14,99.5,0,0,DISTID3,DISTID1
FGB,YC6,mineral,coillte,TRUE,AGEID14,3.8,0,0,DISTID3,DISTID1
Pine4-12,YC4_12,mineral,coillte,TRUE,AGEID14,84.9,0,0,DISTID3,DISTID1
SGB,YC6,mineral,coillte,TRUE,AGEID14,76.0,0,0,DISTID3,DISTID1
SNFGB-mineral,YC6,mineral,coillte,TRUE,AGEID14,20.0,0,0,DISTID3,DISTID1
Cbmix-Bl,YC10,mineral,private,TRUE,AGEID14,97.4,0,0,DISTID3,DISTID1
FGB,YC6,mineral,private,TRUE,AGEID14,68.0,0,0,DISTID3,DISTID1
OC,YC10,mineral,private,TRUE,AGEID14,25.0,0,0,DISTID3,DISTID1
Pine13-30,YC13_30,mineral,private,TRUE,AGEID14,0.0,0,0,DISTID3,DISTID1
SGB,YC6,mineral,private,TRUE,AGEID14,223.5,0,0,DISTID3,DISTID1
SNFGB-mineral,YC6,mineral,private,TRUE,AGEID14,209.0,0,0,DISTID3,DISTID1
Pine4-12,YC4_12,peat,coillte,TRUE,AGEID14,0.0,0,0,DISTID3,DISTID1
SNFGB-peat,YC6,peat,coillte,TRUE,AGEID14,45.0,0,0,DISTID3,DISTID1
SNFGB-peat,YC6,peat,private,TRUE,AGEID14,6.8,0,0,DISTID3,DISTID1
Cbmix-Bl,YC10,mineral,coillte,TRUE,AGEID15,24.6,0,0,DISTID3,DISTID1
Cbmix-Conifer,YC10,mineral,coillte,TRUE,AGEID15,7.9,0,0,DISTID3,DISTID1
Cmix,YC10,mineral,coillte,TRUE,AGEID15,57.3,0,0,DISTID3,DISTID1
FGB,YC6,mineral,coillte,TRUE,AGEID15,11.0,0,0,DISTID3,DISTID1
Pine4-12,YC4_12,mineral,coillte,TRUE,AGEID15,0.0,0,0,DISTID3,DISTID1
SGB,YC6,mineral,coillte,TRUE,AGEID15,211.9,0,0,DISTID3,DISTID1
SNFGB-mineral,YC6,mineral,coillte,TRUE,AGEID15,12.1,0,0,DISTID3,DISTID1
Cbmix-Bl,YC10,mineral,private,TRUE,AGEID15,33.4,0,0,DISTID3,DISTID1
FGB,YC6,mineral,private,TRUE,AGEID15,31.3,0,0,DISTID3,DISTID1
Pine13-30,YC13_30,mineral,private,TRUE,AGEID15,0.0,0,0,DISTID3,DISTID1
SGB,YC6,mineral,private,TRUE,AGEID15,124.3,0,0,DISTID3,DISTID1
SNFGB-mineral,YC6,mineral,private,TRUE,AGEID15,327.3,0,0,DISTID3,DISTID1
Cbmix-Bl,YC10,peat,coillte,TRUE,AGEID15,0.0,0,0,DISTID3,DISTID1
SNFGB-peat,YC6,peat,private,TRUE,AGEID15,80.0,0,0,DISTID3,DISTID1
Spruce25-32-thin,YC25_32,mineral,coillte,TRUE,AGEID15,1.2,0,0,DISTID3,DISTID1
Spruce25-32-nothin,YC25_32,mineral,coillte,TRUE,AGEID15,0.6,0,0,DISTID3,DISTID1
Cbmix-Bl,YC10,mineral,coillte,TRUE,AGEID16,160.0,0,0,DISTID3,DISTID1
Cmix,YC10,mineral,coillte,TRUE,AGEID16,6.4,0,0,DISTID3,DISTID1
Pine4-12,YC4_12,mineral,coillte,TRUE,AGEID16,90.4,0,0,DISTID3,DISTID1
SGB,YC6,mineral,coillte,TRUE,AGEID16,84.6,0,0,DISTID3,DISTID1
SNFGB-mineral,YC6,mineral,coillte,TRUE,AGEID16,11.9,0,0,DISTID3,DISTID1
Cbmix-Conifer,YC10,mineral,private,TRUE,AGEID16,42.6,0,0,DISTID3,DISTID1
FGB,YC6,mineral,private,TRUE,AGEID16,7.1,0,0,DISTID3,DISTID1
Pine13-30,YC13_30,mineral,private,TRUE,AGEID16,85.8,0,0,DISTID3,DISTID1
SGB,YC6,mineral,private,TRUE,AGEID16,133.8,0,0,DISTID3,DISTID1
SNFGB-mineral,YC6,mineral,private,TRUE,AGEID16,86.2,0,0,DISTID3,DISTID1
Pine4-12,YC4_12,peat,coillte,TRUE,AGEID16,100.1,0,0,DISTID3,DISTID1
Spruce4-12,YC4_12,peat,coillte,TRUE,AGEID16,5.1,0,0,DISTID3,DISTID1
SNFGB-peat,YC6,peat,private,TRUE,AGEID16,16.4,0,0,DISTID3,DISTID1
Cbmix-Conifer,YC10,mineral,coillte,TRUE,AGEID17,35.0,0,0,DISTID3,DISTID1
SGB,YC6,mineral,coillte,TRUE,AGEID17,56.9,0,0,DISTID3,DISTID1
SNFGB-mineral,YC6,mineral,coillte,TRUE,AGEID17,10.9,0,0,DISTID3,DISTID1
Cbmix-Bl,YC10,mineral,private,TRUE,AGEID17,52.0,0,0,DISTID3,DISTID1
FGB,YC6,mineral,private,TRUE,AGEID17,46.8,0,0,DISTID3,DISTID1
OC,YC10,mineral,private,TRUE,AGEID17,5.6,0,0,DISTID3,DISTID1
SGB,YC6,mineral,private,TRUE,AGEID17,32.8,0,0,DISTID3,DISTID1
SNFGB-mineral,YC6,mineral,private,TRUE,AGEID17,172.0,0,0,DISTID3,DISTID1
SNFGB-peat,YC6,peat,private,TRUE,AGEID17,8.5,0,0,DISTID3,DISTID1
Cbmix-Bl,YC10,mineral,coillte,TRUE,AGEID18,21.3,0,0,DISTID3,DISTID1
OC,YC10,mineral,coillte,TRUE,AGEID18,100.1,0,0,DISTID3,DISTID1
SGB,YC6,mineral,coillte,TRUE,AGEID18,167.9,0,0,DISTID3,DISTID1
SNFGB-mineral,YC6,mineral,coillte,TRUE,AGEID18,0.0,0,0,DISTID3,DISTID1
Cbmix-Conifer,YC10,mineral,private,TRUE,AGEID18,3.2,0,0,DISTID3,DISTID1
FGB,YC6,mineral,private,TRUE,AGEID18,6.6,0,0,DISTID3,DISTID1
SGB,YC6,mineral,private,TRUE,AGEID18,46.5,0,0,DISTID3,DISTID1
SNFGB-mineral,YC6,mineral,private,TRUE,AGEID18,227.3,0,0,DISTID3,DISTID1
Cbmix-Bl,YC10,mineral,coillte,TRUE,AGEID19,8.3,0,0,DISTID3,DISTID1
FGB,YC6,mineral,coillte,TRUE,AGEID19,24.2,0,0,DISTID3,DISTID1
SGB,YC6,mineral,coillte,TRUE,AGEID19,93.3,0,0,DISTID3,DISTID1
SNFGB-mineral,YC6,mineral,coillte,TRUE,AGEID19,77.8,0,0,DISTID3,DISTID1
Cbmix-Bl,YC10,mineral,private,TRUE,AGEID19,51.6,0,0,DISTID3,DISTID1
FGB,YC6,mineral,private,TRUE,AGEID19,25.8,0,0,DISTID3,DISTID1
SGB,YC6,mineral,private,TRUE,AGEID19,18.5,0,0,DISTID3,DISTID1
SNFGB-mineral,YC6,mineral,private,TRUE,AGEID19,271.9,0,0,DISTID3,DISTID1
SNFGB-peat,YC6,peat,private,TRUE,AGEID19,13.9,0,0,DISTID3,DISTID1
FGB,YC6,mineral,coillte,TRUE,AGEID20,23.7,0,0,DISTID3,DISTID1
Cbmix-Bl,YC10,mineral,private,TRUE,AGEID20,29.6,0,0,DISTID3,DISTID1
FGB,YC6,mineral,private,TRUE,AGEID20,5.8,0,0,DISTID3,DISTID1
OC,YC10,mineral,private,TRUE,AGEID20,21.0,0,0,DISTID3,DISTID1
SGB,YC6,mineral,private,TRUE,AGEID20,98.7,0,0,DISTID3,DISTID1
SNFGB-mineral,YC6,mineral,private,TRUE,AGEID20,29.3,0,0,DISTID3,DISTID1
Cbmix-Bl,YC10,mineral,coillte,TRUE,AGEID20,5.2,0,0,DISTID3,DISTID1
FGB,YC6,mineral,coillte,TRUE,AGEID20,0.0,0,0,DISTID3,DISTID1
SGB,YC6,mineral,coillte,TRUE,AGEID20,0.0,0,0,DISTID3,DISTID1
Cbmix-Bl,YC10,mineral,private,TRUE,AGEID20,4.5,0,0,DISTID3,DISTID1
Pine4-12,YC4_12,mineral,private,TRUE,AGEID20,0.0,0,0,DISTID3,DISTID1
SGB,YC6,mineral,private,TRUE,AGEID20,67.2,0,0,DISTID3,DISTID1
SNFGB-mineral,YC6,mineral,private,TRUE,AGEID20,9.8,0,0,DISTID3,DISTID1
FGB,YC6,mineral,coillte,TRUE,AGEID20,56.1,0,0,DISTID3,DISTID1
SNFGB-mineral,YC6,mineral,coillte,TRUE,AGEID20,10.2,0,0,DISTID3,DISTID1
FGB,YC6,mineral,private,TRUE,AGEID20,22.2,0,0,DISTID3,DISTID1
SGB,YC6,mineral,private,TRUE,AGEID20,89.3,0,0,DISTID3,DISTID1
SNFGB-mineral,YC6,mineral,private,TRUE,AGEID20,23.8,0,0,DISTID3,DISTID1
SNFGB-peat,YC6,peat,private,TRUE,AGEID20,100.1,0,0,DISTID3,DISTID1
Cbmix-Bl,YC10,mineral,coillte,TRUE,AGEID20,10.6,0,0,DISTID3,DISTID1
FGB,YC6,mineral,coillte,TRUE,AGEID20,50.9,0,0,DISTID3,DISTID1
SGB,YC6,mineral,coillte,TRUE,AGEID20,37.5,0,0,DISTID3,DISTID1
SNFGB-mineral,YC6,mineral,coillte,TRUE,AGEID20,30.9,0,0,DISTID3,DISTID1
Cbmix-Bl,YC10,mineral,private,TRUE,AGEID20,75.1,0,0,DISTID3,DISTID1
FGB,YC6,mineral,private,TRUE,AGEID20,20.8,0,0,DISTID3,DISTID1
Pine4-12,YC4_12,mineral,private,TRUE,AGEID20,84.9,0,0,DISTID3,DISTID1
SNFGB-mineral,YC6,mineral,private,TRUE,AGEID20,61.5,0,0,DISTID3,DISTID1
SGB,YC6,mineral,coillte,TRUE,AGEID20,13.2,0,0,DISTID3,DISTID1
FGB,YC6,mineral,private,TRUE,AGEID20,16.0,0,0,DISTID3,DISTID1
SGB,YC6,mineral,private,TRUE,AGEID20,16.2,0,0,DISTID3,DISTID1
SNFGB-mineral,YC6,mineral,private,TRUE,AGEID20,16.6,0,0,DISTID3,DISTID1
SGB,YC6,mineral,coillte,TRUE,AGEID20,0.0,0,0,DISTID3,DISTID1
SNFGB-mineral,YC6,mineral,private,TRUE,AGEID20,62.0,0,0,DISTID3,DISTID1
FGB,YC6,mineral,private,TRUE,AGEID20,10.8,0,0,DISTID3,DISTID1
SNFGB-mineral,YC6,mineral,private,TRUE,AGEID20,18.0,0,0,DISTID3,DISTID1
Cbmix-Conifer,YC10,mineral,coillte,TRUE,AGEID20,9.2,0,0,DISTID3,DISTID1
SGB,YC6,mineral,coillte,TRUE,AGEID20,11.9,0,0,DISTID3,DISTID1
SGB,YC6,mineral,private,TRUE,AGEID20,17.3,0,0,DISTID3,DISTID1
SNFGB-mineral,YC6,mineral,private,TRUE,AGEID20,80.5,0,0,DISTID3,DISTID1
SGB,YC6,mineral,private,TRUE,AGEID20,27.7,0,0,DISTID3,DISTID1
Spruce4-12,YC4_12,peat,coillte,TRUE,AGEID20,10.2,0,0,DISTID3,DISTID1
SGB,YC6,mineral,private,TRUE,AGEID20,87.8,0,0,DISTID3,DISTID1
Pine13-30,YC13_30,mineral,coillte,TRUE,AGEID4,27.5,0,0,DISTID3,DISTID1
Pine4-12,YC4_12,mineral,coillte,TRUE,AGEID4,109.8,0,0,DISTID3,DISTID1
SGB,YC6,mineral,coillte,TRUE,AGEID4,37.7,0,0,DISTID3,DISTID1
SNFGB-mineral,YC6,mineral,coillte,TRUE,AGEID4,165.1,0,0,DISTID3,DISTID1
Spruce13-16,YC13_16,mineral,coillte,TRUE,AGEID4,489.3,0,0,DISTID3,DISTID1
Spruce4-12,YC4_12,mineral,coillte,TRUE,AGEID4,300.3,0,0,DISTID3,DISTID1
SNFGB-mineral,YC6,mineral,private,TRUE,AGEID3,426.8,0,0,DISTID3,DISTID1
Cbmix-Bl,YC10,peat,coillte,TRUE,AGEID3,179.7,0,0,DISTID3,DISTID1
Cbmix-Conifer,YC10,peat,coillte,TRUE,AGEID3,148.4,0,0,DISTID3,DISTID1
Cmix,YC10,peat,coillte,TRUE,AGEID3,221.5,0,0,DISTID3,DISTID1
FGB,YC6,peat,coillte,TRUE,AGEID3,372.9,0,0,DISTID3,DISTID1
OC,YC10,peat,coillte,TRUE,AGEID3,2.6,0,0,DISTID3,DISTID1
Pine13-30,YC13_30,peat,coillte,TRUE,AGEID3,21.7,0,0,DISTID3,DISTID1
Pine4-12,YC4_12,peat,coillte,TRUE,AGEID3,105.8,0,0,DISTID3,DISTID1
SNFGB-peat,YC6,peat,coillte,TRUE,AGEID3,25.1,0,0,DISTID3,DISTID1
Spruce13-16,YC13_16,peat,coillte,TRUE,AGEID3,441.3,0,0,DISTID3,DISTID1
Spruce4-12,YC4_12,peat,coillte,TRUE,AGEID3,390.6,0,0,DISTID3,DISTID1
Cbmix-Bl,YC10,peat,private,TRUE,AGEID3,100.1,0,0,DISTID3,DISTID1
Pine4-12,YC4_12,peat,private,TRUE,AGEID3,16.5,0,0,DISTID3,DISTID1
SNFGB-peat,YC6,peat,private,TRUE,AGEID3,306.9,0,0,DISTID3,DISTID1
Spruce4-12,YC4_12,peat,private,TRUE,AGEID3,3.5,0,0,DISTID3,DISTID1
Spruce17-20-thin,YC17_20,mineral,coillte,TRUE,AGEID3,659.5,0,0,DISTID3,DISTID1
Spruce21-24-thin,YC21_24,mineral,coillte,TRUE,AGEID3,444.3,0,0,DISTID3,DISTID1
Spruce25-32-thin,YC25_32,mineral,coillte,TRUE,AGEID3,262.2,0,0,DISTID3,DISTID1
Spruce17-20-thin,YC17_20,mineral,private,TRUE,AGEID3,66.1,0,0,DISTID3,DISTID1
Spruce17-20-thin,YC17_20,peat,coillte,TRUE,AGEID3,519.5,0,0,DISTID3,DISTID1
Spruce21-24-thin,YC21_24,peat,coillte,TRUE,AGEID3,65.5,0,0,DISTID3,DISTID1
Spruce25-32-thin,YC25_32,peat,coillte,TRUE,AGEID3,62.3,0,0,DISTID3,DISTID1
Spruce17-20-nothin,YC17_20,mineral,coillte,TRUE,AGEID3,339.7,0,0,DISTID3,DISTID1
Spruce21-24-nothin,YC21_24,mineral,coillte,TRUE,AGEID3,228.9,0,0,DISTID3,DISTID1
Spruce25-32-nothin,YC25_32,mineral,coillte,TRUE,AGEID3,135.1,0,0,DISTID3,DISTID1
Spruce17-20-nothin,YC17_20,mineral,private,TRUE,AGEID3,34.0,0,0,DISTID3,DISTID1
Spruce17-20-nothin,YC17_20,peat,coillte,TRUE,AGEID3,267.6,0,0,DISTID3,DISTID1
Spruce21-24-nothin,YC21_24,peat,coillte,TRUE,AGEID3,33.7,0,0,DISTID3,DISTID1
Spruce25-32-nothin,YC25_32,peat,coillte,TRUE,AGEID3,32.1,0,0,DISTID3,DISTID1
Cbmix-Bl,YC10,mineral,coillte,TRUE,AGEID4,319.7,0,0,DISTID3,DISTID1
Cbmix-Conifer,YC10,mineral,coillte,TRUE,AGEID4,310.0,0,0,DISTID3,DISTID1
Cmix,YC10,mineral,coillte,TRUE,AGEID4,697.2,0,0,DISTID3,DISTID1
FGB,YC6,mineral,coillte,TRUE,AGEID4,308.5,0,0,DISTID3,DISTID1
OC,YC10,mineral,coillte,TRUE,AGEID4,479.2,0,0,DISTID3,DISTID1
Spruce4-12,YC4_12,mineral,coillte,TRUE,AGEID5,100.1,0,0,DISTID3,DISTID1
Cbmix-Bl,YC10,mineral,private,TRUE,AGEID5,20.1,0,0,DISTID3,DISTID1
Cbmix-Conifer,YC10,mineral,private,TRUE,AGEID5,8.3,0,0,DISTID3,DISTID1
Cmix,YC10,mineral,private,TRUE,AGEID5,0.0,0,0,DISTID3,DISTID1
FGB,YC6,mineral,private,TRUE,AGEID5,5.5,0,0,DISTID3,DISTID1
OC,YC10,mineral,private,TRUE,AGEID5,100.1,0,0,DISTID3,DISTID1
Pine4-12,YC4_12,mineral,private,TRUE,AGEID5,0.0,0,0,DISTID3,DISTID1
SGB,YC6,mineral,private,TRUE,AGEID5,69.2,0,0,DISTID3,DISTID1
SNFGB-mineral,YC6,mineral,private,TRUE,AGEID5,694.3,0,0,DISTID3,DISTID1
Spruce4-12,YC4_12,mineral,private,TRUE,AGEID5,0.0,0,0,DISTID3,DISTID1
Cbmix-Bl,YC10,peat,coillte,TRUE,AGEID5,8.9,0,0,DISTID3,DISTID1
Cbmix-Conifer,YC10,peat,coillte,TRUE,AGEID5,3.1,0,0,DISTID3,DISTID1
FGB,YC6,peat,coillte,TRUE,AGEID5,74.5,0,0,DISTID3,DISTID1
OC,YC10,peat,coillte,TRUE,AGEID5,88.9,0,0,DISTID3,DISTID1
SNFGB-peat,YC6,peat,coillte,TRUE,AGEID5,191.5,0,0,DISTID3,DISTID1
Spruce13-16,YC13_16,peat,coillte,TRUE,AGEID5,105.6,0,0,DISTID3,DISTID1
Spruce4-12,YC4_12,peat,coillte,TRUE,AGEID5,22.9,0,0,DISTID3,DISTID1
Cbmix-Bl,YC10,peat,private,TRUE,AGEID5,7.6,0,0,DISTID3,DISTID1
Cbmix-Conifer,YC10,peat,private,TRUE,AGEID5,54.8,0,0,DISTID3,DISTID1
Pine4-12,YC4_12,peat,private,TRUE,AGEID5,95.6,0,0,DISTID3,DISTID1
SNFGB-peat,YC6,peat,private,TRUE,AGEID5,450.5,0,0,DISTID3,DISTID1
Spruce13-16,YC13_16,peat,private,TRUE,AGEID5,0.0,0,0,DISTID3,DISTID1
Cbmix-Bl,YC10,mineral,private,TRUE,AGEID4,117.0,0,0,DISTID3,DISTID1
Cbmix-Conifer,YC10,mineral,private,TRUE,AGEID4,17.3,0,0,DISTID3,DISTID1
Cmix,YC10,mineral,private,TRUE,AGEID4,3.6,0,0,DISTID3,DISTID1
FGB,YC6,mineral,private,TRUE,AGEID4,136.2,0,0,DISTID3,DISTID1
Pine13-30,YC13_30,mineral,private,TRUE,AGEID4,2.5,0,0,DISTID3,DISTID1
SGB,YC6,mineral,private,TRUE,AGEID4,89.0,0,0,DISTID3,DISTID1
SNFGB-mineral,YC6,mineral,private,TRUE,AGEID4,910.2,0,0,DISTID3,DISTID1
Cbmix-Bl,YC10,peat,coillte,TRUE,AGEID4,264.5,0,0,DISTID3,DISTID1
Cbmix-Conifer,YC10,peat,coillte,TRUE,AGEID4,340.7,0,0,DISTID3,DISTID1
Cmix,YC10,peat,coillte,TRUE,AGEID4,672.7,0,0,DISTID3,DISTID1
FGB,YC6,peat,coillte,TRUE,AGEID4,61.5,0,0,DISTID3,DISTID1
OC,YC10,peat,coillte,TRUE,AGEID4,8.7,0,0,DISTID3,DISTID1
Pine13-30,YC13_30,peat,coillte,TRUE,AGEID4,1.2,0,0,DISTID3,DISTID1
SNFGB-peat,YC6,peat,coillte,TRUE,AGEID4,70.7,0,0,DISTID3,DISTID1
Spruce13-16,YC13_16,peat,coillte,TRUE,AGEID4,94.1,0,0,DISTID3,DISTID1
Spruce4-12,YC4_12,peat,coillte,TRUE,AGEID4,12.3,0,0,DISTID3,DISTID1
Pine4-12,YC4_12,peat,private,TRUE,AGEID4,27.9,0,0,DISTID3,DISTID1
SNFGB-peat,YC6,peat,private,TRUE,AGEID4,410.1,0,0,DISTID3,DISTID1
Spruce4-12,YC4_12,peat,private,TRUE,AGEID4,29.4,0,0,DISTID3,DISTID1
Spruce17-20-thin,YC17_20,mineral,coillte,TRUE,AGEID4,713.4,0,0,DISTID3,DISTID1
Spruce21-24-thin,YC21_24,mineral,coillte,TRUE,AGEID4,826.9,0,0,DISTID3,DISTID1
Spruce25-32-thin,YC25_32,mineral,coillte,TRUE,AGEID4,69.0,0,0,DISTID3,DISTID1
Spruce21-24-thin,YC21_24,mineral,private,TRUE,AGEID4,0.0,0,0,DISTID3,DISTID1
Spruce17-20-thin,YC17_20,peat,coillte,TRUE,AGEID4,396.5,0,0,DISTID3,DISTID1
Spruce21-24-thin,YC21_24,peat,coillte,TRUE,AGEID4,445.1,0,0,DISTID3,DISTID1
Spruce17-20-nothin,YC17_20,mineral,coillte,TRUE,AGEID4,367.5,0,0,DISTID3,DISTID1
Spruce21-24-nothin,YC21_24,mineral,coillte,TRUE,AGEID4,426.0,0,0,DISTID3,DISTID1
Spruce25-32-nothin,YC25_32,mineral,coillte,TRUE,AGEID4,35.6,0,0,DISTID3,DISTID1
Spruce21-24-nothin,YC21_24,mineral,private,TRUE,AGEID4,0.0,0,0,DISTID3,DISTID1
Spruce17-20-nothin,YC17_20,peat,coillte,TRUE,AGEID4,204.3,0,0,DISTID3,DISTID1
Spruce21-24-nothin,YC21_24,peat,coillte,TRUE,AGEID4,229.3,0,0,DISTID3,DISTID1
Cbmix-Bl,YC10,mineral,coillte,TRUE,AGEID5,125.5,0,0,DISTID3,DISTID1
Cbmix-Conifer,YC10,mineral,coillte,TRUE,AGEID5,660.9,0,0,DISTID3,DISTID1
Cmix,YC10,mineral,coillte,TRUE,AGEID5,308.6,0,0,DISTID3,DISTID1
FGB,YC6,mineral,coillte,TRUE,AGEID5,287.2,0,0,DISTID3,DISTID1
OC,YC10,mineral,coillte,TRUE,AGEID5,300.3,0,0,DISTID3,DISTID1
Pine13-30,YC13_30,mineral,coillte,TRUE,AGEID5,0.0,0,0,DISTID3,DISTID1
Pine4-12,YC4_12,mineral,coillte,TRUE,AGEID5,15.2,0,0,DISTID3,DISTID1
SGB,YC6,mineral,coillte,TRUE,AGEID5,111.9,0,0,DISTID3,DISTID1
SNFGB-mineral,YC6,mineral,coillte,TRUE,AGEID5,122.3,0,0,DISTID3,DISTID1
Spruce13-16,YC13_16,mineral,coillte,TRUE,AGEID5,504.3,0,0,DISTID3,DISTID1
Cbmix-Bl,YC10,mineral,coillte,TRUE,AGEID1,335.7,0,0,DISTID3,DISTID1
Cbmix-Conifer,YC10,mineral,coillte,TRUE,AGEID1,230.4,0,0,DISTID3,DISTID1
Cmix,YC10,mineral,coillte,TRUE,AGEID1,86.7,0,0,DISTID3,DISTID1
FGB,YC6,mineral,coillte,TRUE,AGEID1,431.5,0,0,DISTID3,DISTID1
OC,YC10,mineral,coillte,TRUE,AGEID1,12.2,0,0,DISTID3,DISTID1
Pine13-30,YC13_30,mineral,coillte,TRUE,AGEID1,7.0,0,0,DISTID3,DISTID1
Pine4-12,YC4_12,mineral,coillte,TRUE,AGEID1,100.1,0,0,DISTID3,DISTID1
SGB,YC6,mineral,coillte,TRUE,AGEID1,188.1,0,0,DISTID3,DISTID1
SNFGB-mineral,YC6,mineral,coillte,TRUE,AGEID1,17.1,0,0,DISTID3,DISTID1
Spruce13-16,YC13_16,mineral,coillte,TRUE,AGEID1,46.0,0,0,DISTID3,DISTID1
Spruce4-12,YC4_12,mineral,coillte,TRUE,AGEID1,2404.0,0,0,DISTID3,DISTID1
Cbmix-Bl,YC10,mineral,private,TRUE,AGEID1,51.0,0,0,DISTID3,DISTID1
Cbmix-Conifer,YC10,mineral,private,TRUE,AGEID1,36.0,0,0,DISTID3,DISTID1
Cmix,YC10,mineral,private,TRUE,AGEID1,0.5,0,0,DISTID3,DISTID1
FGB,YC6,mineral,private,TRUE,AGEID1,138.6,0,0,DISTID3,DISTID1
OC,YC10,mineral,private,TRUE,AGEID1,25.1,0,0,DISTID3,DISTID1
Pine4-12,YC4_12,mineral,private,TRUE,AGEID1,100.1,0,0,DISTID3,DISTID1
SGB,YC6,mineral,private,TRUE,AGEID1,99.9,0,0,DISTID3,DISTID1
SNFGB-mineral,YC6,mineral,private,TRUE,AGEID1,298.0,0,0,DISTID3,DISTID1
Spruce13-16,YC13_16,mineral,private,TRUE,AGEID1,112.5,0,0,DISTID3,DISTID1
Spruce4-12,YC4_12,mineral,private,TRUE,AGEID1,400.4,0,0,DISTID3,DISTID1
Cbmix-Bl,YC10,peat,coillte,TRUE,AGEID1,159.1,0,0,DISTID3,DISTID1
Cbmix-Conifer,YC10,peat,coillte,TRUE,AGEID1,327.5,0,0,DISTID3,DISTID1
Cmix,YC10,peat,coillte,TRUE,AGEID1,128.6,0,0,DISTID3,DISTID1
FGB,YC6,peat,coillte,TRUE,AGEID1,319.0,0,0,DISTID3,DISTID1
OC,YC10,peat,coillte,TRUE,AGEID1,3.2,0,0,DISTID3,DISTID1
Pine13-30,YC13_30,peat,coillte,TRUE,AGEID1,233.4,0,0,DISTID3,DISTID1
Pine4-12,YC4_12,peat,coillte,TRUE,AGEID1,394.0,0,0,DISTID3,DISTID1
SNFGB-peat,YC6,peat,coillte,TRUE,AGEID1,188.7,0,0,DISTID3,DISTID1
Spruce13-16,YC13_16,peat,coillte,TRUE,AGEID1,109.8,0,0,DISTID3,DISTID1
Spruce4-12,YC4_12,peat,coillte,TRUE,AGEID1,975.7,0,0,DISTID3,DISTID1
Cbmix-Bl,YC10,peat,private,TRUE,AGEID1,100.1,0,0,DISTID3,DISTID1
Cbmix-Conifer,YC10,peat,private,TRUE,AGEID1,56.8,0,0,DISTID3,DISTID1
Pine4-12,YC4_12,peat,private,TRUE,AGEID1,307.8,0,0,DISTID3,DISTID1
SNFGB-peat,YC6,peat,private,TRUE,AGEID1,156.6,0,0,DISTID3,DISTID1
Spruce4-12,YC4_12,peat,private,TRUE,AGEID1,104.9,0,0,DISTID3,DISTID1
Spruce17-20-thin,YC17_20,mineral,coillte,TRUE,AGEID1,5.3,0,0,DISTID3,DISTID1
Spruce21-24-thin,YC21_24,mineral,coillte,TRUE,AGEID1,32.1,0,0,DISTID3,DISTID1
Spruce25-32-thin,YC25_32,mineral,coillte,TRUE,AGEID1,25.4,0,0,DISTID3,DISTID1
Spruce17-20-thin,YC17_20,peat,coillte,TRUE,AGEID1,287.1,0,0,DISTID3,DISTID1
Spruce21-24-thin,YC21_24,peat,coillte,TRUE,AGEID1,271.9,0,0,DISTID3,DISTID1
Spruce25-32-thin,YC25_32,peat,coillte,TRUE,AGEID1,134.7,0,0,DISTID3,DISTID1
Spruce17-20-nothin,YC17_20,mineral,coillte,TRUE,AGEID1,2.7,0,0,DISTID3,DISTID1
Spruce21-24-nothin,YC21_24,mineral,coillte,TRUE,AGEID1,16.6,0,0,DISTID3,DISTID1
Spruce25-32-nothin,YC25_32,mineral,coillte,TRUE,AGEID1,13.1,0,0,DISTID3,DISTID1
Spruce17-20-nothin,YC17_20,peat,coillte,TRUE,AGEID1,147.9,0,0,DISTID3,DISTID1
Spruce21-24-nothin,YC21_24,peat,coillte,TRUE,AGEID1,140.1,0,0,DISTID3,DISTID1
Spruce25-32-nothin,YC25_32,peat,coillte,TRUE,AGEID1,69.4,0,0,DISTID3,DISTID1
Cbmix-Bl,YC10,mineral,coillte,TRUE,AGEID2,88.7,0,0,DISTID3,DISTID1
Cbmix-Conifer,YC10,mineral,coillte,TRUE,AGEID2,118.7,0,0,DISTID3,DISTID1
Cmix,YC10,mineral,coillte,TRUE,AGEID2,518.6,0,0,DISTID3,DISTID1
FGB,YC6,mineral,coillte,TRUE,AGEID2,606.9,0,0,DISTID3,DISTID1
OC,YC10,mineral,coillte,TRUE,AGEID2,104.6,0,0,DISTID3,DISTID1
Pine13-30,YC13_30,mineral,coillte,TRUE,AGEID2,20.7,0,0,DISTID3,DISTID1
Pine4-12,YC4_12,mineral,coillte,TRUE,AGEID2,0.3,0,0,DISTID3,DISTID1
SGB,YC6,mineral,coillte,TRUE,AGEID2,131.2,0,0,DISTID3,DISTID1
SNFGB-mineral,YC6,mineral,coillte,TRUE,AGEID2,109.1,0,0,DISTID3,DISTID1
Spruce13-16,YC13_16,mineral,coillte,TRUE,AGEID2,930.3,0,0,DISTID3,DISTID1
Spruce4-12,YC4_12,mineral,coillte,TRUE,AGEID2,202.3,0,0,DISTID3,DISTID1
Cbmix-Bl,YC10,mineral,private,TRUE,AGEID2,53.3,0,0,DISTID3,DISTID1
Cbmix-Conifer,YC10,mineral,private,TRUE,AGEID2,70.1,0,0,DISTID3,DISTID1
Cmix,YC10,mineral,private,TRUE,AGEID2,56.8,0,0,DISTID3,DISTID1
FGB,YC6,mineral,private,TRUE,AGEID2,120.2,0,0,DISTID3,DISTID1
OC,YC10,mineral,private,TRUE,AGEID2,10.4,0,0,DISTID3,DISTID1
Pine13-30,YC13_30,mineral,private,TRUE,AGEID2,0.4,0,0,DISTID3,DISTID1
SGB,YC6,mineral,private,TRUE,AGEID2,135.3,0,0,DISTID3,DISTID1
SNFGB-mineral,YC6,mineral,private,TRUE,AGEID2,491.1,0,0,DISTID3,DISTID1
Cbmix-Bl,YC10,peat,coillte,TRUE,AGEID2,312.5,0,0,DISTID3,DISTID1
Cbmix-Conifer,YC10,peat,coillte,TRUE,AGEID2,71.2,0,0,DISTID3,DISTID1
Cmix,YC10,peat,coillte,TRUE,AGEID2,168.3,0,0,DISTID3,DISTID1
FGB,YC6,peat,coillte,TRUE,AGEID2,431.2,0,0,DISTID3,DISTID1
OC,YC10,peat,coillte,TRUE,AGEID2,96.8,0,0,DISTID3,DISTID1
Pine13-30,YC13_30,peat,coillte,TRUE,AGEID2,191.4,0,0,DISTID3,DISTID1
Pine4-12,YC4_12,peat,coillte,TRUE,AGEID2,474.3,0,0,DISTID3,DISTID1
SNFGB-peat,YC6,peat,coillte,TRUE,AGEID2,70.2,0,0,DISTID3,DISTID1
Spruce13-16,YC13_16,peat,coillte,TRUE,AGEID2,225.5,0,0,DISTID3,DISTID1
Spruce4-12,YC4_12,peat,coillte,TRUE,AGEID2,114.9,0,0,DISTID3,DISTID1
Cbmix-Bl,YC10,peat,private,TRUE,AGEID2,19.7,0,0,DISTID3,DISTID1
Cbmix-Conifer,YC10,peat,private,TRUE,AGEID2,216.3,0,0,DISTID3,DISTID1
Pine4-12,YC4_12,peat,private,TRUE,AGEID2,25.5,0,0,DISTID3,DISTID1
SNFGB-peat,YC6,peat,private,TRUE,AGEID2,143.5,0,0,DISTID3,DISTID1
Spruce4-12,YC4_12,peat,private,TRUE,AGEID2,6.5,0,0,DISTID3,DISTID1
Spruce17-20-thin,YC17_20,mineral,coillte,TRUE,AGEID2,208.2,0,0,DISTID3,DISTID1
Spruce21-24-thin,YC21_24,mineral,coillte,TRUE,AGEID2,358.2,0,0,DISTID3,DISTID1
Spruce25-32-thin,YC25_32,mineral,coillte,TRUE,AGEID2,41.5,0,0,DISTID3,DISTID1
Spruce17-20-thin,YC17_20,peat,coillte,TRUE,AGEID2,351.3,0,0,DISTID3,DISTID1
Spruce21-24-thin,YC21_24,peat,coillte,TRUE,AGEID2,210.3,0,0,DISTID3,DISTID1
Spruce25-32-thin,YC25_32,peat,coillte,TRUE,AGEID2,4.1,0,0,DISTID3,DISTID1
Spruce17-20-nothin,YC17_20,mineral,coillte,TRUE,AGEID2,107.2,0,0,DISTID3,DISTID1
Spruce21-24-nothin,YC21_24,mineral,coillte,TRUE,AGEID2,184.5,0,0,DISTID3,DISTID1
Spruce25-32-nothin,YC25_32,mineral,coillte,TRUE,AGEID2,21.4,0,0,DISTID3,DISTID1
Spruce17-20-nothin,YC17_20,peat,coillte,TRUE,AGEID2,181.0,0,0,DISTID3,DISTID1
Spruce21-24-nothin,YC21_24,peat,coillte,TRUE,AGEID2,108.3,0,0,DISTID3,DISTID1
Spruce25-32-nothin,YC25_32,peat,coillte,TRUE,AGEID2,2.1,0,0,DISTID3,DISTID1
Cbmix-Bl,YC10,mineral,coillte,TRUE,AGEID3,362.6,0,0,DISTID3,DISTID1
Cbmix-Conifer,YC10,mineral,coillte,TRUE,AGEID3,212.0,0,0,DISTID3,DISTID1
Cmix,YC10,mineral,coillte,TRUE,AGEID3,410.0,0,0,DISTID3,DISTID1
FGB,YC6,mineral,coillte,TRUE,AGEID3,672.8,0,0,DISTID3,DISTID1
OC,YC10,mineral,coillte,TRUE,AGEID3,405.4,0,0,DISTID3,DISTID1
Pine13-30,YC13_30,mineral,coillte,TRUE,AGEID3,135.7,0,0,DISTID3,DISTID1
Pine4-12,YC4_12,mineral,coillte,TRUE,AGEID3,100.1,0,0,DISTID3,DISTID1
SGB,YC6,mineral,coillte,TRUE,AGEID3,143.9,0,0,DISTID3,DISTID1
SNFGB-mineral,YC6,mineral,coillte,TRUE,AGEID3,104.0,0,0,DISTID3,DISTID1
Spruce13-16,YC13_16,mineral,coillte,TRUE,AGEID3,670.4,0,0,DISTID3,DISTID1
Spruce4-12,YC4_12,mineral,coillte,TRUE,AGEID3,262.9,0,0,DISTID3,DISTID1
Cbmix-Bl,YC10,mineral,private,TRUE,AGEID3,26.0,0,0,DISTID3,DISTID1
Cbmix-Conifer,YC10,mineral,private,TRUE,AGEID3,19.5,0,0,DISTID3,DISTID1
FGB,YC6,mineral,private,TRUE,AGEID3,71.0,0,0,DISTID3,DISTID1
SGB,YC6,mineral,private,TRUE,AGEID3,144.7,0,0,DISTID3,DISTID1
Spruce17-20-thin,YC17_20,mineral,coillte,TRUE,AGEID5,718.7,0,0,DISTID3,DISTID1
Spruce21-24-thin,YC21_24,mineral,coillte,TRUE,AGEID5,901.3,0,0,DISTID3,DISTID1
Spruce25-32-thin,YC25_32,mineral,coillte,TRUE,AGEID5,261.3,0,0,DISTID3,DISTID1
Spruce17-20-thin,YC17_20,mineral,private,TRUE,AGEID5,0.0,0,0,DISTID3,DISTID1
Spruce21-24-thin,YC21_24,mineral,private,TRUE,AGEID5,66.1,0,0,DISTID3,DISTID1
Spruce25-32-thin,YC25_32,mineral,private,TRUE,AGEID5,0.0,0,0,DISTID3,DISTID1
Spruce17-20-thin,YC17_20,peat,coillte,TRUE,AGEID5,230.8,0,0,DISTID3,DISTID1
Spruce21-24-thin,YC21_24,peat,coillte,TRUE,AGEID5,0.9,0,0,DISTID3,DISTID1
Spruce17-20-thin,YC17_20,peat,private,TRUE,AGEID5,0.0,0,0,DISTID3,DISTID1
Spruce17-20-nothin,YC17_20,mineral,coillte,TRUE,AGEID5,370.2,0,0,DISTID3,DISTID1
Spruce21-24-nothin,YC21_24,mineral,coillte,TRUE,AGEID5,464.3,0,0,DISTID3,DISTID1
Spruce25-32-nothin,YC25_32,mineral,coillte,TRUE,AGEID5,134.6,0,0,DISTID3,DISTID1
Spruce17-20-nothin,YC17_20,mineral,private,TRUE,AGEID5,0.0,0,0,DISTID3,DISTID1
Spruce21-24-nothin,YC21_24,mineral,private,TRUE,AGEID5,34.0,0,0,DISTID3,DISTID1
Spruce25-32-nothin,YC25_32,mineral,private,TRUE,AGEID5,0.0,0,0,DISTID3,DISTID1
Spruce17-20-nothin,YC17_20,peat,coillte,TRUE,AGEID5,118.9,0,0,DISTID3,DISTID1
Spruce21-24-nothin,YC21_24,peat,coillte,TRUE,AGEID5,0.4,0,0,DISTID3,DISTID1
Spruce17-20-nothin,YC17_20,peat,private,TRUE,AGEID5,0.0,0,0,DISTID3,DISTID1
Cbmix-Bl,YC10,mineral,coillte,TRUE,AGEID6,118.8,0,0,DISTID3,DISTID1
Cbmix-Conifer,YC10,mineral,coillte,TRUE,AGEID6,635.9,0,0,DISTID3,DISTID1
Cmix,YC10,mineral,coillte,TRUE,AGEID6,584.3,0,0,DISTID3,DISTID1
FGB,YC6,mineral,coillte,TRUE,AGEID6,190.0,0,0,DISTID3,DISTID1
OC,YC10,mineral,coillte,TRUE,AGEID6,203.8,0,0,DISTID3,DISTID1
Pine13-30,YC13_30,mineral,coillte,TRUE,AGEID6,200.2,0,0,DISTID3,DISTID1
SGB,YC6,mineral,coillte,TRUE,AGEID6,47.0,0,0,DISTID3,DISTID1
SNFGB-mineral,YC6,mineral,coillte,TRUE,AGEID6,65.8,0,0,DISTID3,DISTID1
Spruce13-16,YC13_16,mineral,coillte,TRUE,AGEID6,871.6,0,0,DISTID3,DISTID1
Spruce4-12,YC4_12,mineral,coillte,TRUE,AGEID6,0.0,0,0,DISTID3,DISTID1
Cbmix-Bl,YC10,mineral,private,TRUE,AGEID6,20.3,0,0,DISTID3,DISTID1
Cbmix-Conifer,YC10,mineral,private,TRUE,AGEID6,176.0,0,0,DISTID3,DISTID1
Cmix,YC10,mineral,private,TRUE,AGEID6,162.1,0,0,DISTID3,DISTID1
FGB,YC6,mineral,private,TRUE,AGEID6,238.1,0,0,DISTID3,DISTID1
OC,YC10,mineral,private,TRUE,AGEID6,188.2,0,0,DISTID3,DISTID1
Pine13-30,YC13_30,mineral,private,TRUE,AGEID6,1.9,0,0,DISTID3,DISTID1
SGB,YC6,mineral,private,TRUE,AGEID6,92.8,0,0,DISTID3,DISTID1
SNFGB-mineral,YC6,mineral,private,TRUE,AGEID6,971.4,0,0,DISTID3,DISTID1
Spruce13-16,YC13_16,mineral,private,TRUE,AGEID6,200.2,0,0,DISTID3,DISTID1
Spruce4-12,YC4_12,mineral,private,TRUE,AGEID6,100.1,0,0,DISTID3,DISTID1
Cbmix-Bl,YC10,peat,coillte,TRUE,AGEID6,6.8,0,0,DISTID3,DISTID1
Cbmix-Conifer,YC10,peat,coillte,TRUE,AGEID6,98.3,0,0,DISTID3,DISTID1
Cmix,YC10,peat,coillte,TRUE,AGEID6,500.1,0,0,DISTID3,DISTID1
FGB,YC6,peat,coillte,TRUE,AGEID6,81.3,0,0,DISTID3,DISTID1
Pine13-30,YC13_30,peat,coillte,TRUE,AGEID6,0.0,0,0,DISTID3,DISTID1
Pine4-12,YC4_12,peat,coillte,TRUE,AGEID6,296.9,0,0,DISTID3,DISTID1
SNFGB-peat,YC6,peat,coillte,TRUE,AGEID6,169.4,0,0,DISTID3,DISTID1
Spruce13-16,YC13_16,peat,coillte,TRUE,AGEID6,533.0,0,0,DISTID3,DISTID1
Spruce4-12,YC4_12,peat,coillte,TRUE,AGEID6,1365.4,0,0,DISTID3,DISTID1
Cbmix-Bl,YC10,peat,private,TRUE,AGEID6,5.1,0,0,DISTID3,DISTID1
Cmix,YC10,peat,private,TRUE,AGEID6,100.1,0,0,DISTID3,DISTID1
FGB,YC6,peat,private,TRUE,AGEID6,0.0,0,0,DISTID3,DISTID1
Pine4-12,YC4_12,peat,private,TRUE,AGEID6,82.8,0,0,DISTID3,DISTID1
SNFGB-peat,YC6,peat,private,TRUE,AGEID6,286.7,0,0,DISTID3,DISTID1
Spruce13-16,YC13_16,peat,private,TRUE,AGEID6,200.2,0,0,DISTID3,DISTID1
Spruce4-12,YC4_12,peat,private,TRUE,AGEID6,645.1,0,0,DISTID3,DISTID1
Spruce17-20-thin,YC17_20,mineral,coillte,TRUE,AGEID6,997.3,0,0,DISTID3,DISTID1
Spruce21-24-thin,YC21_24,mineral,coillte,TRUE,AGEID6,1053.6,0,0,DISTID3,DISTID1
Spruce25-32-thin,YC25_32,mineral,coillte,TRUE,AGEID6,66.1,0,0,DISTID3,DISTID1
Spruce17-20-thin,YC17_20,mineral,private,TRUE,AGEID6,132.1,0,0,DISTID3,DISTID1
Spruce21-24-thin,YC21_24,mineral,private,TRUE,AGEID6,462.5,0,0,DISTID3,DISTID1
Spruce25-32-thin,YC25_32,mineral,private,TRUE,AGEID6,66.1,0,0,DISTID3,DISTID1
Spruce17-20-thin,YC17_20,peat,coillte,TRUE,AGEID6,136.5,0,0,DISTID3,DISTID1
Spruce21-24-thin,YC21_24,peat,coillte,TRUE,AGEID6,193.3,0,0,DISTID3,DISTID1
Spruce25-32-thin,YC25_32,peat,coillte,TRUE,AGEID6,63.2,0,0,DISTID3,DISTID1
Spruce17-20-thin,YC17_20,peat,private,TRUE,AGEID6,66.8,0,0,DISTID3,DISTID1
Spruce17-20-nothin,YC17_20,mineral,coillte,TRUE,AGEID6,513.8,0,0,DISTID3,DISTID1
Spruce21-24-nothin,YC21_24,mineral,coillte,TRUE,AGEID6,542.7,0,0,DISTID3,DISTID1
Spruce25-32-nothin,YC25_32,mineral,coillte,TRUE,AGEID6,34.0,0,0,DISTID3,DISTID1
Spruce17-20-nothin,YC17_20,mineral,private,TRUE,AGEID6,68.1,0,0,DISTID3,DISTID1
Spruce21-24-nothin,YC21_24,mineral,private,TRUE,AGEID6,238.2,0,0,DISTID3,DISTID1
Spruce25-32-nothin,YC25_32,mineral,private,TRUE,AGEID6,34.0,0,0,DISTID3,DISTID1
Spruce17-20-nothin,YC17_20,peat,coillte,TRUE,AGEID6,70.3,0,0,DISTID3,DISTID1
Spruce21-24-nothin,YC21_24,peat,coillte,TRUE,AGEID6,99.6,0,0,DISTID3,DISTID1
Spruce25-32-nothin,YC25_32,peat,coillte,TRUE,AGEID6,32.6,0,0,DISTID3,DISTID1
Spruce17-20-nothin,YC17_20,peat,private,TRUE,AGEID6,34.4,0,0,DISTID3,DISTID1
Cbmix-Bl,YC10,mineral,coillte,TRUE,AGEID7,227.7,0,0,DISTID3,DISTID1
Cbmix-Conifer,YC10,mineral,coillte,TRUE,AGEID7,283.3,0,0,DISTID3,DISTID1
Cmix,YC10,mineral,coillte,TRUE,AGEID7,385.6,0,0,DISTID3,DISTID1
FGB,YC6,mineral,coillte,TRUE,AGEID7,171.6,0,0,DISTID3,DISTID1
OC,YC10,mineral,coillte,TRUE,AGEID7,129.1,0,0,DISTID3,DISTID1
Pine13-30,YC13_30,mineral,coillte,TRUE,AGEID7,112.2,0,0,DISTID3,DISTID1
Pine4-12,YC4_12,mineral,coillte,TRUE,AGEID7,0.0,0,0,DISTID3,DISTID1
SGB,YC6,mineral,coillte,TRUE,AGEID7,121.6,0,0,DISTID3,DISTID1
SNFGB-mineral,YC6,mineral,coillte,TRUE,AGEID7,101.5,0,0,DISTID3,DISTID1
Spruce13-16,YC13_16,mineral,coillte,TRUE,AGEID7,193.6,0,0,DISTID3,DISTID1
Spruce4-12,YC4_12,mineral,coillte,TRUE,AGEID7,0.0,0,0,DISTID3,DISTID1
Cbmix-Bl,YC10,mineral,private,TRUE,AGEID7,61.1,0,0,DISTID3,DISTID1
Cmix,YC10,mineral,private,TRUE,AGEID7,123.4,0,0,DISTID3,DISTID1
FGB,YC6,mineral,private,TRUE,AGEID7,121.9,0,0,DISTID3,DISTID1
Pine4-12,YC4_12,mineral,private,TRUE,AGEID7,15.2,0,0,DISTID3,DISTID1
SGB,YC6,mineral,private,TRUE,AGEID7,218.7,0,0,DISTID3,DISTID1
SNFGB-mineral,YC6,mineral,private,TRUE,AGEID7,920.7,0,0,DISTID3,DISTID1
Spruce13-16,YC13_16,mineral,private,TRUE,AGEID7,1.8,0,0,DISTID3,DISTID1
Cbmix-Bl,YC10,peat,coillte,TRUE,AGEID7,104.8,0,0,DISTID3,DISTID1
Cbmix-Conifer,YC10,peat,coillte,TRUE,AGEID7,250.3,0,0,DISTID3,DISTID1
Cmix,YC10,peat,coillte,TRUE,AGEID7,300.3,0,0,DISTID3,DISTID1
FGB,YC6,peat,coillte,TRUE,AGEID7,4.7,0,0,DISTID3,DISTID1
Pine13-30,YC13_30,peat,coillte,TRUE,AGEID7,688.3,0,0,DISTID3,DISTID1
Pine4-12,YC4_12,peat,coillte,TRUE,AGEID7,668.3,0,0,DISTID3,DISTID1
SNFGB-peat,YC6,peat,coillte,TRUE,AGEID7,256.8,0,0,DISTID3,DISTID1
Spruce13-16,YC13_16,peat,coillte,TRUE,AGEID7,700.1,0,0,DISTID3,DISTID1
Spruce4-12,YC4_12,peat,coillte,TRUE,AGEID7,1293.1,0,0,DISTID3,DISTID1
Cbmix-Bl,YC10,peat,private,TRUE,AGEID7,11.3,0,0,DISTID3,DISTID1
Pine13-30,YC13_30,peat,private,TRUE,AGEID7,100.1,0,0,DISTID3,DISTID1
SNFGB-peat,YC6,peat,private,TRUE,AGEID7,566.9,0,0,DISTID3,DISTID1
Spruce4-12,YC4_12,peat,private,TRUE,AGEID7,200.2,0,0,DISTID3,DISTID1
Spruce17-20-thin,YC17_20,mineral,coillte,TRUE,AGEID7,262.1,0,0,DISTID3,DISTID1
Spruce21-24-thin,YC21_24,mineral,coillte,TRUE,AGEID7,66.1,0,0,DISTID3,DISTID1
Spruce25-32-thin,YC25_32,mineral,coillte,TRUE,AGEID7,66.1,0,0,DISTID3,DISTID1
Spruce17-20-thin,YC17_20,mineral,private,TRUE,AGEID7,66.1,0,0,DISTID3,DISTID1
Spruce21-24-thin,YC21_24,mineral,private,TRUE,AGEID7,0.0,0,0,DISTID3,DISTID1
Spruce17-20-thin,YC17_20,peat,coillte,TRUE,AGEID7,264.3,0,0,DISTID3,DISTID1
Spruce21-24-thin,YC21_24,peat,coillte,TRUE,AGEID7,66.1,0,0,DISTID3,DISTID1
Spruce25-32-thin,YC25_32,peat,coillte,TRUE,AGEID7,0.0,0,0,DISTID3,DISTID1
Spruce17-20-thin,YC17_20,peat,private,TRUE,AGEID7,0.0,0,0,DISTID3,DISTID1
Spruce17-20-nothin,YC17_20,mineral,coillte,TRUE,AGEID7,135.0,0,0,DISTID3,DISTID1
Spruce21-24-nothin,YC21_24,mineral,coillte,TRUE,AGEID7,34.0,0,0,DISTID3,DISTID1
Spruce25-32-nothin,YC25_32,mineral,coillte,TRUE,AGEID7,34.0,0,0,DISTID3,DISTID1
Spruce17-20-nothin,YC17_20,mineral,private,TRUE,AGEID7,34.0,0,0,DISTID3,DISTID1
Spruce21-24-nothin,YC21_24,mineral,private,TRUE,AGEID7,0.0,0,0,DISTID3,DISTID1
Spruce17-20-nothin,YC17_20,peat,coillte,TRUE,AGEID7,136.1,0,0,DISTID3,DISTID1
Spruce21-24-nothin,YC21_24,peat,coillte,TRUE,AGEID7,34.0,0,0,DISTID3,DISTID1
Spruce25-32-nothin,YC25_32,peat,coillte,TRUE,AGEID7,0.0,0,0,DISTID3,DISTID1
Spruce17-20-nothin,YC17_20,peat,private,TRUE,AGEID7,0.0,0,0,DISTID3,DISTID1
Cbmix-Bl,YC10,mineral,coillte,TRUE,AGEID8,118.5,0,0,DISTID3,DISTID1
Cbmix-Conifer,YC10,mineral,coillte,TRUE,AGEID8,28.4,0,0,DISTID3,DISTID1
Cmix,YC10,mineral,coillte,TRUE,AGEID8,203.6,0,0,DISTID3,DISTID1
FGB,YC6,mineral,coillte,TRUE,AGEID8,236.6,0,0,DISTID3,DISTID1
OC,YC10,mineral,coillte,TRUE,AGEID8,97.4,0,0,DISTID3,DISTID1
Pine13-30,YC13_30,mineral,coillte,TRUE,AGEID8,400.4,0,0,DISTID3,DISTID1
Pine4-12,YC4_12,mineral,coillte,TRUE,AGEID8,100.1,0,0,DISTID3,DISTID1
SGB,YC6,mineral,coillte,TRUE,AGEID8,212.5,0,0,DISTID3,DISTID1
SNFGB-mineral,YC6,mineral,coillte,TRUE,AGEID8,49.8,0,0,DISTID3,DISTID1
Spruce13-16,YC13_16,mineral,coillte,TRUE,AGEID8,100.1,0,0,DISTID3,DISTID1
Spruce4-12,YC4_12,mineral,coillte,TRUE,AGEID8,200.2,0,0,DISTID3,DISTID1
Cbmix-Bl,YC10,mineral,private,TRUE,AGEID8,4.9,0,0,DISTID3,DISTID1
Cbmix-Conifer,YC10,mineral,private,TRUE,AGEID8,91.8,0,0,DISTID3,DISTID1
Cmix,YC10,mineral,private,TRUE,AGEID8,70.4,0,0,DISTID3,DISTID1
FGB,YC6,mineral,private,TRUE,AGEID8,40.1,0,0,DISTID3,DISTID1
OC,YC10,mineral,private,TRUE,AGEID8,77.2,0,0,DISTID3,DISTID1
Pine13-30,YC13_30,mineral,private,TRUE,AGEID8,5.8,0,0,DISTID3,DISTID1
SGB,YC6,mineral,private,TRUE,AGEID8,111.7,0,0,DISTID3,DISTID1
SNFGB-mineral,YC6,mineral,private,TRUE,AGEID8,1558.9,0,0,DISTID3,DISTID1
Spruce4-12,YC4_12,mineral,private,TRUE,AGEID8,0.0,0,0,DISTID3,DISTID1
Cbmix-Bl,YC10,peat,coillte,TRUE,AGEID8,104.5,0,0,DISTID3,DISTID1
Cbmix-Conifer,YC10,peat,coillte,TRUE,AGEID8,133.9,0,0,DISTID3,DISTID1
Cmix,YC10,peat,coillte,TRUE,AGEID8,127.4,0,0,DISTID3,DISTID1
FGB,YC6,peat,coillte,TRUE,AGEID8,0.0,0,0,DISTID3,DISTID1
Pine13-30,YC13_30,peat,coillte,TRUE,AGEID8,1566.7,0,0,DISTID3,DISTID1
Pine4-12,YC4_12,peat,coillte,TRUE,AGEID8,980.0,0,0,DISTID3,DISTID1
SNFGB-peat,YC6,peat,coillte,TRUE,AGEID8,119.7,0,0,DISTID3,DISTID1
Spruce13-16,YC13_16,peat,coillte,TRUE,AGEID8,791.6,0,0,DISTID3,DISTID1
Spruce4-12,YC4_12,peat,coillte,TRUE,AGEID8,1159.7,0,0,DISTID3,DISTID1
Cbmix-Bl,YC10,peat,private,TRUE,AGEID8,144.7,0,0,DISTID3,DISTID1
Pine4-12,YC4_12,peat,private,TRUE,AGEID8,99.3,0,0,DISTID3,DISTID1
SNFGB-peat,YC6,peat,private,TRUE,AGEID8,429.4,0,0,DISTID3,DISTID1
Spruce17-20-thin,YC17_20,mineral,coillte,TRUE,AGEID8,132.1,0,0,DISTID3,DISTID1
Spruce21-24-thin,YC21_24,mineral,coillte,TRUE,AGEID8,67.9,0,0,DISTID3,DISTID1
Spruce17-20-thin,YC17_20,peat,coillte,TRUE,AGEID8,55.2,0,0,DISTID3,DISTID1
Spruce21-24-thin,YC21_24,peat,coillte,TRUE,AGEID8,1.1,0,0,DISTID3,DISTID1
Spruce25-32-thin,YC25_32,peat,coillte,TRUE,AGEID8,0.0,0,0,DISTID3,DISTID1
Spruce17-20-thin,YC17_20,peat,private,TRUE,AGEID8,65.3,0,0,DISTID3,DISTID1
Spruce17-20-nothin,YC17_20,mineral,coillte,TRUE,AGEID8,68.1,0,0,DISTID3,DISTID1
Spruce21-24-nothin,YC21_24,mineral,coillte,TRUE,AGEID8,35.0,0,0,DISTID3,DISTID1
Spruce17-20-nothin,YC17_20,peat,coillte,TRUE,AGEID8,28.4,0,0,DISTID3,DISTID1
Spruce21-24-nothin,YC21_24,peat,coillte,TRUE,AGEID8,0.6,0,0,DISTID3,DISTID1
Spruce25-32-nothin,YC25_32,peat,coillte,TRUE,AGEID8,0.0,0,0,DISTID3,DISTID1
Spruce17-20-nothin,YC17_20,peat,private,TRUE,AGEID8,33.6,0,0,DISTID3,DISTID1
Cbmix-Bl,YC10,mineral,coillte,TRUE,AGEID9,112.0,0,0,DISTID3,DISTID1
Cbmix-Conifer,YC10,mineral,coillte,TRUE,AGEID9,99.3,0,0,DISTID3,DISTID1
Cmix,YC10,mineral,coillte,TRUE,AGEID9,32.9,0,0,DISTID3,DISTID1
FGB,YC6,mineral,coillte,TRUE,AGEID9,42.3,0,0,DISTID3,DISTID1
OC,YC10,mineral,coillte,TRUE,AGEID9,116.8,0,0,DISTID3,DISTID1
Pine13-30,YC13_30,mineral,coillte,TRUE,AGEID9,0.0,0,0,DISTID3,DISTID1
Pine4-12,YC4_12,mineral,coillte,TRUE,AGEID9,0.0,0,0,DISTID3,DISTID1
SGB,YC6,mineral,coillte,TRUE,AGEID9,22.3,0,0,DISTID3,DISTID1
SNFGB-mineral,YC6,mineral,coillte,TRUE,AGEID9,268.7,0,0,DISTID3,DISTID1
Spruce13-16,YC13_16,mineral,coillte,TRUE,AGEID9,200.2,0,0,DISTID3,DISTID1
Spruce4-12,YC4_12,mineral,coillte,TRUE,AGEID9,100.1,0,0,DISTID3,DISTID1
Cbmix-Bl,YC10,mineral,private,TRUE,AGEID9,117.2,0,0,DISTID3,DISTID1
Cbmix-Conifer,YC10,mineral,private,TRUE,AGEID9,77.8,0,0,DISTID3,DISTID1
Cmix,YC10,mineral,private,TRUE,AGEID9,47.1,0,0,DISTID3,DISTID1
FGB,YC6,mineral,private,TRUE,AGEID9,10.7,0,0,DISTID3,DISTID1
SGB,YC6,mineral,private,TRUE,AGEID9,122.2,0,0,DISTID3,DISTID1
SNFGB-mineral,YC6,mineral,private,TRUE,AGEID9,510.7,0,0,DISTID3,DISTID1
Cbmix-Bl,YC10,peat,coillte,TRUE,AGEID9,0.0,0,0,DISTID3,DISTID1
Cbmix-Conifer,YC10,peat,coillte,TRUE,AGEID9,170.1,0,0,DISTID3,DISTID1
Cmix,YC10,peat,coillte,TRUE,AGEID9,241.9,0,0,DISTID3,DISTID1
FGB,YC6,peat,coillte,TRUE,AGEID9,123.0,0,0,DISTID3,DISTID1
Pine13-30,YC13_30,peat,coillte,TRUE,AGEID9,94.3,0,0,DISTID3,DISTID1
Pine4-12,YC4_12,peat,coillte,TRUE,AGEID9,0.0,0,0,DISTID3,DISTID1
SNFGB-peat,YC6,peat,coillte,TRUE,AGEID9,40.4,0,0,DISTID3,DISTID1
Spruce13-16,YC13_16,peat,coillte,TRUE,AGEID9,900.3,0,0,DISTID3,DISTID1
Spruce4-12,YC4_12,peat,coillte,TRUE,AGEID9,1104.2,0,0,DISTID3,DISTID1
FGB,YC6,peat,private,TRUE,AGEID9,100.1,0,0,DISTID3,DISTID1
Pine4-12,YC4_12,peat,private,TRUE,AGEID9,0.0,0,0,DISTID3,DISTID1
SNFGB-peat,YC6,peat,private,TRUE,AGEID9,308.0,0,0,DISTID3,DISTID1
Spruce17-20-thin,YC17_20,mineral,coillte,TRUE,AGEID9,133.5,0,0,DISTID3,DISTID1
Spruce21-24-thin,YC21_24,mineral,coillte,TRUE,AGEID9,77.1,0,0,DISTID3,DISTID1
Spruce17-20-thin,YC17_20,peat,coillte,TRUE,AGEID9,132.1,0,0,DISTID3,DISTID1
Spruce17-20-nothin,YC17_20,mineral,coillte,TRUE,AGEID9,68.8,0,0,DISTID3,DISTID1
Spruce21-24-nothin,YC21_24,mineral,coillte,TRUE,AGEID9,39.7,0,0,DISTID3,DISTID1
Spruce17-20-nothin,YC17_20,peat,coillte,TRUE,AGEID9,68.1,0,0,DISTID3,DISTID1
Cbmix-Bl,YC10,mineral,coillte,TRUE,AGEID10,115.7,0,0,DISTID3,DISTID1
Cbmix-Conifer,YC10,mineral,coillte,TRUE,AGEID10,168.2,0,0,DISTID3,DISTID1
Cmix,YC10,mineral,coillte,TRUE,AGEID10,150.5,0,0,DISTID3,DISTID1
FGB,YC6,mineral,coillte,TRUE,AGEID10,26.7,0,0,DISTID3,DISTID1
OC,YC10,mineral,coillte,TRUE,AGEID10,271.2,0,0,DISTID3,DISTID1
Pine13-30,YC13_30,mineral,coillte,TRUE,AGEID10,11.3,0,0,DISTID3,DISTID1
Pine4-12,YC4_12,mineral,coillte,TRUE,AGEID10,100.1,0,0,DISTID3,DISTID1
SGB,YC6,mineral,coillte,TRUE,AGEID10,46.3,0,0,DISTID3,DISTID1
SNFGB-mineral,YC6,mineral,coillte,TRUE,AGEID10,39.1,0,0,DISTID3,DISTID1
Spruce13-16,YC13_16,mineral,coillte,TRUE,AGEID10,100.1,0,0,DISTID3,DISTID1
Spruce4-12,YC4_12,mineral,coillte,TRUE,AGEID10,200.2,0,0,DISTID3,DISTID1
Cbmix-Bl,YC10,mineral,private,TRUE,AGEID10,54.2,0,0,DISTID3,DISTID1
Cbmix-Conifer,YC10,mineral,private,TRUE,AGEID10,194.4,0,0,DISTID3,DISTID1
Cmix,YC10,mineral,private,TRUE,AGEID10,31.5,0,0,DISTID3,DISTID1
FGB,YC6,mineral,private,TRUE,AGEID10,10.8,0,0,DISTID3,DISTID1
OC,YC10,mineral,private,TRUE,AGEID10,248.0,0,0,DISTID3,DISTID1
Pine13-30,YC13_30,mineral,private,TRUE,AGEID10,0.0,0,0,DISTID3,DISTID1
Pine4-12,YC4_12,mineral,private,TRUE,AGEID10,0.0,0,0,DISTID3,DISTID1
SGB,YC6,mineral,private,TRUE,AGEID10,90.6,0,0,DISTID3,DISTID1
SNFGB-mineral,YC6,mineral,private,TRUE,AGEID10,691.0,0,0,DISTID3,DISTID1
Cbmix-Bl,YC10,peat,coillte,TRUE,AGEID10,60.4,0,0,DISTID3,DISTID1
Cbmix-Conifer,YC10,peat,coillte,TRUE,AGEID10,55.6,0,0,DISTID3,DISTID1
Cmix,YC10,peat,coillte,TRUE,AGEID10,41.6,0,0,DISTID3,DISTID1
FGB,YC6,peat,coillte,TRUE,AGEID10,124.3,0,0,DISTID3,DISTID1
Pine4-12,YC4_12,peat,coillte,TRUE,AGEID10,200.2,0,0,DISTID3,DISTID1
SNFGB-peat,YC6,peat,coillte,TRUE,AGEID10,8.8,0,0,DISTID3,DISTID1
Spruce13-16,YC13_16,peat,coillte,TRUE,AGEID10,293.7,0,0,DISTID3,DISTID1
Spruce4-12,YC4_12,peat,coillte,TRUE,AGEID10,500.7,0,0,DISTID3,DISTID1
Cbmix-Bl,YC10,peat,private,TRUE,AGEID10,11.8,0,0,DISTID3,DISTID1
Cbmix-Conifer,YC10,peat,private,TRUE,AGEID10,72.5,0,0,DISTID3,DISTID1
SNFGB-peat,YC6,peat,private,TRUE,AGEID10,80.3,0,0,DISTID3,DISTID1
Spruce4-12,YC4_12,peat,private,TRUE,AGEID10,100.1,0,0,DISTID3,DISTID1
Spruce17-20-thin,YC17_20,mineral,coillte,TRUE,AGEID10,1.9,0,0,DISTID3,DISTID1
Spruce25-32-thin,YC25_32,mineral,coillte,TRUE,AGEID10,0.0,0,0,DISTID3,DISTID1
Spruce21-24-thin,YC21_24,peat,coillte,TRUE,AGEID10,1.2,0,0,DISTID3,DISTID1
Spruce17-20-nothin,YC17_20,mineral,coillte,TRUE,AGEID10,1.0,0,0,DISTID3,DISTID1
Spruce25-32-nothin,YC25_32,mineral,coillte,TRUE,AGEID10,0.0,0,0,DISTID3,DISTID1
Spruce21-24-nothin,YC21_24,peat,coillte,TRUE,AGEID10,0.6,0,0,DISTID3,DISTID1
Cbmix-Bl,YC10,mineral,coillte,TRUE,AGEID11,106.9,0,0,DISTID3,DISTID1
Cbmix-Conifer,YC10,mineral,coillte,TRUE,AGEID11,3.7,0,0,DISTID3,DISTID1
Cmix,YC10,mineral,coillte,TRUE,AGEID11,4.2,0,0,DISTID3,DISTID1
FGB,YC6,mineral,coillte,TRUE,AGEID11,77.7,0,0,DISTID3,DISTID1
OC,YC10,mineral,coillte,TRUE,AGEID11,100.1,0,0,DISTID3,DISTID1
Pine4-12,YC4_12,mineral,coillte,TRUE,AGEID11,99.8,0,0,DISTID3,DISTID1
SGB,YC6,mineral,coillte,TRUE,AGEID11,59.6,0,0,DISTID3,DISTID1
SNFGB-mineral,YC6,mineral,coillte,TRUE,AGEID11,249.7,0,0,DISTID3,DISTID1
Spruce13-16,YC13_16,mineral,coillte,TRUE,AGEID11,198.4,0,0,DISTID3,DISTID1
Spruce4-12,YC4_12,mineral,coillte,TRUE,AGEID11,198.6,0,0,DISTID3,DISTID1
Cbmix-Bl,YC10,mineral,private,TRUE,AGEID11,60.3,0,0,DISTID3,DISTID1
Cmix,YC10,mineral,private,TRUE,AGEID11,93.4,0,0,DISTID3,DISTID1
FGB,YC6,mineral,private,TRUE,AGEID11,6.4,0,0,DISTID3,DISTID1
Pine4-12,YC4_12,mineral,private,TRUE,AGEID11,100.1,0,0,DISTID3,DISTID1
SGB,YC6,mineral,private,TRUE,AGEID11,77.4,0,0,DISTID3,DISTID1
SNFGB-mineral,YC6,mineral,private,TRUE,AGEID11,627.1,0,0,DISTID3,DISTID1
Spruce13-16,YC13_16,mineral,private,TRUE,AGEID11,86.0,0,0,DISTID3,DISTID1
Spruce4-12,YC4_12,mineral,private,TRUE,AGEID11,0.0,0,0,DISTID3,DISTID1
Cbmix-Conifer,YC10,peat,coillte,TRUE,AGEID11,2.5,0,0,DISTID3,DISTID1
Pine13-30,YC13_30,peat,coillte,TRUE,AGEID11,5.8,0,0,DISTID3,DISTID1
Pine4-12,YC4_12,peat,coillte,TRUE,AGEID11,183.9,0,0,DISTID3,DISTID1
Spruce13-16,YC13_16,peat,coillte,TRUE,AGEID11,109.3,0,0,DISTID3,DISTID1
Spruce4-12,YC4_12,peat,coillte,TRUE,AGEID11,355.8,0,0,DISTID3,DISTID1
SNFGB-peat,YC6,peat,private,TRUE,AGEID11,151.2,0,0,DISTID3,DISTID1
Spruce4-12,YC4_12,peat,private,TRUE,AGEID11,111.4,0,0,DISTID3,DISTID1
Spruce21-24-thin,YC21_24,mineral,coillte,TRUE,AGEID11,4.3,0,0,DISTID3,DISTID1
Spruce25-32-thin,YC25_32,mineral,coillte,TRUE,AGEID11,0.0,0,0,DISTID3,DISTID1
Spruce17-20-thin,YC17_20,peat,coillte,TRUE,AGEID11,5.2,0,0,DISTID3,DISTID1
Spruce21-24-nothin,YC21_24,mineral,coillte,TRUE,AGEID11,2.2,0,0,DISTID3,DISTID1
Spruce25-32-nothin,YC25_32,mineral,coillte,TRUE,AGEID11,0.0,0,0,DISTID3,DISTID1
Spruce17-20-nothin,YC17_20,peat,coillte,TRUE,AGEID11,2.7,0,0,DISTID3,DISTID1
Cbmix-Bl,YC10,mineral,coillte,TRUE,AGEID12,12.2,0,0,DISTID3,DISTID1
Cmix,YC10,mineral,coillte,TRUE,AGEID12,258.2,0,0,DISTID3,DISTID1
FGB,YC6,mineral,coillte,TRUE,AGEID12,230.7,0,0,DISTID3,DISTID1
OC,YC10,mineral,coillte,TRUE,AGEID12,0.0,0,0,DISTID3,DISTID1
SGB,YC6,mineral,coillte,TRUE,AGEID12,7.3,0,0,DISTID3,DISTID1
SNFGB-mineral,YC6,mineral,coillte,TRUE,AGEID12,88.0,0,0,DISTID3,DISTID1
Spruce13-16,YC13_16,mineral,coillte,TRUE,AGEID12,100.1,0,0,DISTID3,DISTID1
Cbmix-Bl,YC10,mineral,private,TRUE,AGEID12,18.6,0,0,DISTID3,DISTID1
Cmix,YC10,mineral,private,TRUE,AGEID12,100.1,0,0,DISTID3,DISTID1
FGB,YC6,mineral,private,TRUE,AGEID12,3.7,0,0,DISTID3,DISTID1
Pine13-30,YC13_30,mineral,private,TRUE,AGEID12,3.7,0,0,DISTID3,DISTID1
SGB,YC6,mineral,private,TRUE,AGEID12,97.8,0,0,DISTID3,DISTID1
SNFGB-mineral,YC6,mineral,private,TRUE,AGEID12,462.9,0,0,DISTID3,DISTID1
FGB,YC6,peat,coillte,TRUE,AGEID12,9.2,0,0,DISTID3,DISTID1
SNFGB-mineral,YC6,mineral,private,TRUE,AGEID20,37.9,0,0,DISTID3,DISTID1
SGB,YC6,mineral,private,TRUE,AGEID20,18.2,0,0,DISTID3,DISTID1
SGB,YC6,mineral,coillte,TRUE,AGEID20,17.7,0,0,DISTID3,DISTID1
SNFGB-mineral,YC6,mineral,coillte,TRUE,AGEID20,18.8,0,0,DISTID3,DISTID1
SGB,YC6,mineral,private,TRUE,AGEID20,0.0,0,0,DISTID3,DISTID1
SGB,YC6,mineral,coillte,TRUE,AGEID20,0.0,0,0,DISTID3,DISTID1
SGB,YC6,mineral,private,TRUE,AGEID20,41.0,0,0,DISTID3,DISTID1
SGB,YC6,mineral,coillte,TRUE,AGEID20,226.8,0,0,DISTID3,DISTID1
SGB,YC6,mineral,private,TRUE,AGEID20,97.7,0,0,DISTID3,DISTID1
SNFGB-mineral,YC6,mineral,private,TRUE,AGEID20,31.3,0,0,DISTID3,DISTID1
FGB,YC6,mineral,private,TRUE,AGEID20,14.6,0,0,DISTID3,DISTID1
SGB,YC6,mineral,private,TRUE,AGEID20,40.9,0,0,DISTID3,DISTID1
SNFGB-mineral,YC6,mineral,private,TRUE,AGEID20,13.7,0,0,DISTID3,DISTID1
SGB,YC6,mineral,coillte,TRUE,AGEID20,0.0,0,0,DISTID3,DISTID1
SGB,YC6,mineral,coillte,TRUE,AGEID20,51.5,0,0,DISTID3,DISTID1
SGB,YC6,mineral,private,TRUE,AGEID20,0.0,0,0,DISTID3,DISTID1
SGB,YC6,mineral,coillte,TRUE,AGEID20,100.1,0,0,DISTID3,DISTID1
FGB,YC6,mineral,private,TRUE,AGEID20,17.9,0,0,DISTID3,DISTID1
SGB,YC6,mineral,private,TRUE,AGEID20,209.3,0,0,DISTID3,DISTID1
SGB,YC6,mineral,coillte,TRUE,AGEID20,34.4,0,0,DISTID3,DISTID1
SGB,YC6,mineral,private,TRUE,AGEID20,46.0,0,0,DISTID3,DISTID1
Spruce4-12,YC4_12,mineral,coillte,TRUE,AGEID0,136.9,0,0,DISTID3,DISTID1
Spruce4-12,YC4_12,peat,coillte,TRUE,AGEID0,253.3,0,0,DISTID3,DISTID1
Spruce4-12,YC4_12,mineral,private,TRUE,AGEID0,17.1,0,0,DISTID3,DISTID1
Spruce4-12,YC4_12,peat,private,TRUE,AGEID0,44.5,0,0,DISTID3,DISTID1
Spruce25-32-thin,YC25_32,mineral,coillte,TRUE,AGEID0,29.4,0,0,DISTID3,DISTID1
Spruce25-32-thin,YC25_32,peat,coillte,TRUE,AGEID0,9.0,0,0,DISTID3,DISTID1
Spruce25-32-thin,YC25_32,mineral,private,TRUE,AGEID0,2.3,0,0,DISTID3,DISTID1
Spruce25-32-nothin,YC25_32,mineral,coillte,TRUE,AGEID0,15.1,0,0,DISTID3,DISTID1
Spruce25-32-nothin,YC25_32,peat,coillte,TRUE,AGEID0,4.7,0,0,DISTID3,DISTID1
Spruce25-32-nothin,YC25_32,mineral,private,TRUE,AGEID0,1.2,0,0,DISTID3,DISTID1
Spruce21-24-thin,YC21_24,mineral,coillte,TRUE,AGEID0,131.0,0,0,DISTID3,DISTID1
Spruce21-24-thin,YC21_24,peat,coillte,TRUE,AGEID0,42.9,0,0,DISTID3,DISTID1
Spruce21-24-thin,YC21_24,mineral,private,TRUE,AGEID0,18.1,0,0,DISTID3,DISTID1
Spruce21-24-nothin,YC21_24,mineral,coillte,TRUE,AGEID0,67.5,0,0,DISTID3,DISTID1
Spruce21-24-nothin,YC21_24,peat,coillte,TRUE,AGEID0,22.1,0,0,DISTID3,DISTID1
Spruce21-24-nothin,YC21_24,mineral,private,TRUE,AGEID0,9.3,0,0,DISTID3,DISTID1
Spruce17-20-thin,YC17_20,mineral,coillte,TRUE,AGEID0,131.0,0,0,DISTID3,DISTID1
Spruce17-20-thin,YC17_20,peat,coillte,TRUE,AGEID0,81.3,0,0,DISTID3,DISTID1
Spruce17-20-thin,YC17_20,mineral,private,TRUE,AGEID0,9.0,0,0,DISTID3,DISTID1
Spruce17-20-thin,YC17_20,peat,private,TRUE,AGEID0,4.5,0,0,DISTID3,DISTID1
Spruce17-20-nothin,YC17_20,mineral,coillte,TRUE,AGEID0,67.5,0,0,DISTID3,DISTID1
Spruce17-20-nothin,YC17_20,peat,coillte,TRUE,AGEID0,41.9,0,0,DISTID3,DISTID1
Spruce17-20-nothin,YC17_20,mineral,private,TRUE,AGEID0,4.7,0,0,DISTID3,DISTID1
Spruce17-20-nothin,YC17_20,peat,private,TRUE,AGEID0,2.3,0,0,DISTID3,DISTID1
Spruce13-16,YC13_16,mineral,coillte,TRUE,AGEID0,150.6,0,0,DISTID3,DISTID1
Spruce13-16,YC13_16,peat,coillte,TRUE,AGEID0,147.2,0,0,DISTID3,DISTID1
Spruce13-16,YC13_16,mineral,private,TRUE,AGEID0,13.7,0,0,DISTID3,DISTID1
Spruce13-16,YC13_16,peat,private,TRUE,AGEID0,6.8,0,0,DISTID3,DISTID1
SGB,YC6,mineral,coillte,TRUE,AGEID0,85.6,0,0,DISTID3,DISTID1
SGB,YC6,mineral,private,TRUE,AGEID0,95.8,0,0,DISTID3,DISTID1
Pine4-12,YC4_12,mineral,coillte,TRUE,AGEID0,27.4,0,0,DISTID3,DISTID1
Pine4-12,YC4_12,peat,coillte,TRUE,AGEID0,119.8,0,0,DISTID3,DISTID1
Pine4-12,YC4_12,mineral,private,TRUE,AGEID0,10.3,0,0,DISTID3,DISTID1
Pine4-12,YC4_12,peat,private,TRUE,AGEID0,24.0,0,0,DISTID3,DISTID1
Pine13-30,YC13_30,mineral,coillte,TRUE,AGEID0,34.2,0,0,DISTID3,DISTID1
Pine13-30,YC13_30,peat,coillte,TRUE,AGEID0,95.8,0,0,DISTID3,DISTID1
Pine13-30,YC13_30,mineral,private,TRUE,AGEID0,3.4,0,0,DISTID3,DISTID1
Pine13-30,YC13_30,peat,private,TRUE,AGEID0,3.4,0,0,DISTID3,DISTID1
OC,YC10,mineral,coillte,TRUE,AGEID0,85.6,0,0,DISTID3,DISTID1
OC,YC10,peat,coillte,TRUE,AGEID0,6.8,0,0,DISTID3,DISTID1
OC,YC10,mineral,private,TRUE,AGEID0,24.0,0,0,DISTID3,DISTID1
FGB,YC6,mineral,coillte,TRUE,AGEID0,119.8,0,0,DISTID3,DISTID1
FGB,YC6,peat,coillte,TRUE,AGEID0,54.8,0,0,DISTID3,DISTID1
FGB,YC6,mineral,private,TRUE,AGEID0,41.1,0,0,DISTID3,DISTID1
FGB,YC6,peat,private,TRUE,AGEID0,3.4,0,0,DISTID3,DISTID1
Cmix,YC10,mineral,coillte,TRUE,AGEID0,130.1,0,0,DISTID3,DISTID1
Cmix,YC10,peat,coillte,TRUE,AGEID0,82.2,0,0,DISTID3,DISTID1
Cmix,YC10,mineral,private,TRUE,AGEID0,24.0,0,0,DISTID3,DISTID1
Cmix,YC10,peat,private,TRUE,AGEID0,3.4,0,0,DISTID3,DISTID1
Cbmix-Conifer,YC10,mineral,coillte,TRUE,AGEID0,95.8,0,0,DISTID3,DISTID1
Cbmix-Conifer,YC10,peat,coillte,TRUE,AGEID0,54.8,0,0,DISTID3,DISTID1
Cbmix-Conifer,YC10,mineral,private,TRUE,AGEID0,27.4,0,0,DISTID3,DISTID1
Cbmix-Conifer,YC10,peat,private,TRUE,AGEID0,13.7,0,0,DISTID3,DISTID1
Cbmix-Bl,YC10,mineral,coillte,TRUE,AGEID0,82.2,0,0,DISTID3,DISTID1
Cbmix-Bl,YC10,peat,coillte,TRUE,AGEID0,41.1,0,0,DISTID3,DISTID1
Cbmix-Bl,YC10,mineral,private,TRUE,AGEID0,34.2,0,0,DISTID3,DISTID1
Cbmix-Bl,YC10,peat,private,TRUE,AGEID0,13.7,0,0,DISTID3,DISTID1
Pine13-30,YC13_30,mineral,coillte,TRUE,AGEID4,27.5,0,0,DISTID3,DISTID1
Pine4-12,YC4_12,mineral,coillte,TRUE,AGEID4,109.8,0,0,DISTID3,DISTID1
SGB,YC6,mineral,coillte,TRUE,AGEID4,37.7,0,0,DISTID3,DISTID1
SNFGB-mineral,YC6,mineral,coillte,TRUE,AGEID4,165.1,0,0,DISTID3,DISTID1
Spruce13-16,YC13_16,mineral,coillte,TRUE,AGEID4,489.3,0,0,DISTID3,DISTID1
Spruce4-12,YC4_12,mineral,coillte,TRUE,AGEID4,300.3,0,0,DISTID3,DISTID1
Cbmix-Bl,YC10,mineral,private,TRUE,AGEID4,117.0,0,0,DISTID3,DISTID1
Cbmix-Conifer,YC10,mineral,private,TRUE,AGEID4,17.3,0,0,DISTID3,DISTID1
Cmix,YC10,mineral,private,TRUE,AGEID4,3.6,0,0,DISTID3,DISTID1
FGB,YC6,peat,coillte,TRUE,AGEID3,372.9,0,0,DISTID3,DISTID1
OC,YC10,peat,coillte,TRUE,AGEID3,2.6,0,0,DISTID3,DISTID1
Pine13-30,YC13_30,peat,coillte,TRUE,AGEID3,21.7,0,0,DISTID3,DISTID1
Pine4-12,YC4_12,peat,coillte,TRUE,AGEID3,105.8,0,0,DISTID3,DISTID1
SNFGB-peat,YC6,peat,coillte,TRUE,AGEID3,25.1,0,0,DISTID3,DISTID1
Spruce13-16,YC13_16,peat,coillte,TRUE,AGEID3,441.3,0,0,DISTID3,DISTID1
Spruce4-12,YC4_12,peat,coillte,TRUE,AGEID3,390.6,0,0,DISTID3,DISTID1
Cbmix-Bl,YC10,peat,private,TRUE,AGEID3,100.1,0,0,DISTID3,DISTID1
Pine4-12,YC4_12,peat,private,TRUE,AGEID3,16.5,0,0,DISTID3,DISTID1
SNFGB-peat,YC6,peat,private,TRUE,AGEID3,306.9,0,0,DISTID3,DISTID1
Spruce4-12,YC4_12,peat,private,TRUE,AGEID3,3.5,0,0,DISTID3,DISTID1
Spruce17-20-thin,YC17_20,mineral,coillte,TRUE,AGEID3,659.5,0,0,DISTID3,DISTID1
Spruce21-24-thin,YC21_24,mineral,coillte,TRUE,AGEID3,444.3,0,0,DISTID3,DISTID1
Spruce25-32-thin,YC25_32,mineral,coillte,TRUE,AGEID3,262.2,0,0,DISTID3,DISTID1
Spruce17-20-thin,YC17_20,mineral,private,TRUE,AGEID3,66.1,0,0,DISTID3,DISTID1
Spruce17-20-thin,YC17_20,peat,coillte,TRUE,AGEID3,519.5,0,0,DISTID3,DISTID1
Spruce21-24-thin,YC21_24,peat,coillte,TRUE,AGEID3,65.5,0,0,DISTID3,DISTID1
Spruce25-32-thin,YC25_32,peat,coillte,TRUE,AGEID3,62.3,0,0,DISTID3,DISTID1
Spruce17-20-nothin,YC17_20,mineral,coillte,TRUE,AGEID3,339.7,0,0,DISTID3,DISTID1
Spruce21-24-nothin,YC21_24,mineral,coillte,TRUE,AGEID3,228.9,0,0,DISTID3,DISTID1
Spruce25-32-nothin,YC25_32,mineral,coillte,TRUE,AGEID3,135.1,0,0,DISTID3,DISTID1
Spruce17-20-nothin,YC17_20,mineral,private,TRUE,AGEID3,34.0,0,0,DISTID3,DISTID1
Spruce17-20-nothin,YC17_20,peat,coillte,TRUE,AGEID3,267.6,0,0,DISTID3,DISTID1
Spruce21-24-nothin,YC21_24,peat,coillte,TRUE,AGEID3,33.7,0,0,DISTID3,DISTID1
Spruce25-32-nothin,YC25_32,peat,coillte,TRUE,AGEID3,32.1,0,0,DISTID3,DISTID1
Cbmix-Bl,YC10,mineral,coillte,TRUE,AGEID4,319.7,0,0,DISTID3,DISTID1
Cbmix-Conifer,YC10,mineral,coillte,TRUE,AGEID4,310.0,0,0,DISTID3,DISTID1
Cmix,YC10,mineral,coillte,TRUE,AGEID4,697.2,0,0,DISTID3,DISTID1
FGB,YC6,mineral,coillte,TRUE,AGEID4,308.5,0,0,DISTID3,DISTID1
OC,YC10,mineral,coillte,TRUE,AGEID4,479.2,0,0,DISTID3,DISTID1
Spruce4-12,YC4_12,mineral,coillte,TRUE,AGEID5,100.1,0,0,DISTID3,DISTID1
Cbmix-Bl,YC10,mineral,private,TRUE,AGEID5,20.1,0,0,DISTID3,DISTID1
Cbmix-Conifer,YC10,mineral,private,TRUE,AGEID5,8.3,0,0,DISTID3,DISTID1
Cmix,YC10,mineral,private,TRUE,AGEID5,0.0,0,0,DISTID3,DISTID1
FGB,YC6,mineral,private,TRUE,AGEID5,5.5,0,0,DISTID3,DISTID1
OC,YC10,mineral,private,TRUE,AGEID5,100.1,0,0,DISTID3,DISTID1
Pine4-12,YC4_12,mineral,private,TRUE,AGEID5,0.0,0,0,DISTID3,DISTID1
SGB,YC6,mineral,private,TRUE,AGEID5,69.2,0,0,DISTID3,DISTID1
SNFGB-mineral,YC6,mineral,private,TRUE,AGEID5,694.3,0,0,DISTID3,DISTID1
Spruce4-12,YC4_12,mineral,private,TRUE,AGEID5,0.0,0,0,DISTID3,DISTID1
Cbmix-Bl,YC10,peat,coillte,TRUE,AGEID5,8.9,0,0,DISTID3,DISTID1
Cbmix-Conifer,YC10,peat,coillte,TRUE,AGEID5,3.1,0,0,DISTID3,DISTID1
FGB,YC6,peat,coillte,TRUE,AGEID5,74.5,0,0,DISTID3,DISTID1
OC,YC10,peat,coillte,TRUE,AGEID5,88.9,0,0,DISTID3,DISTID1
SNFGB-peat,YC6,peat,coillte,TRUE,AGEID5,191.5,0,0,DISTID3,DISTID1
Spruce13-16,YC13_16,peat,coillte,TRUE,AGEID5,105.6,0,0,DISTID3,DISTID1
Spruce4-12,YC4_12,peat,coillte,TRUE,AGEID5,22.9,0,0,DISTID3,DISTID1
Cbmix-Bl,YC10,peat,private,TRUE,AGEID5,7.6,0,0,DISTID3,DISTID1
Cbmix-Conifer,YC10,peat,private,TRUE,AGEID5,54.8,0,0,DISTID3,DISTID1
Pine4-12,YC4_12,peat,private,TRUE,AGEID5,95.6,0,0,DISTID3,DISTID1
SNFGB-peat,YC6,peat,private,TRUE,AGEID5,450.5,0,0,DISTID3,DISTID1
Spruce13-16,YC13_16,peat,private,TRUE,AGEID5,0.0,0,0,DISTID3,DISTID1
Spruce17-20-thin,YC17_20,mineral,coillte,TRUE,AGEID5,718.7,0,0,DISTID3,DISTID1
Spruce21-24-thin,YC21_24,mineral,coillte,TRUE,AGEID5,901.3,0,0,DISTID3,DISTID1
Spruce25-32-thin,YC25_32,mineral,coillte,TRUE,AGEID5,261.3,0,0,DISTID3,DISTID1
Spruce17-20-thin,YC17_20,mineral,private,TRUE,AGEID5,0.0,0,0,DISTID3,DISTID1
Spruce21-24-thin,YC21_24,mineral,private,TRUE,AGEID5,66.1,0,0,DISTID3,DISTID1
Spruce25-32-thin,YC25_32,mineral,private,TRUE,AGEID5,0.0,0,0,DISTID3,DISTID1
Spruce17-20-thin,YC17_20,peat,coillte,TRUE,AGEID5,230.8,0,0,DISTID3,DISTID1
Spruce21-24-thin,YC21_24,peat,coillte,TRUE,AGEID5,0.9,0,0,DISTID3,DISTID1
Spruce17-20-thin,YC17_20,peat,private,TRUE,AGEID5,0.0,0,0,DISTID3,DISTID1
Spruce17-20-nothin,YC17_20,mineral,coillte,TRUE,AGEID5,370.2,0,0,DISTID3,DISTID1
Spruce21-24-nothin,YC21_24,mineral,coillte,TRUE,AGEID5,464.3,0,0,DISTID3,DISTID1
Spruce25-32-nothin,YC25_32,mineral,coillte,TRUE,AGEID5,134.6,0,0,DISTID3,DISTID1
Spruce17-20-nothin,YC17_20,mineral,private,TRUE,AGEID5,0.0,0,0,DISTID3,DISTID1
Spruce21-24-nothin,YC21_24,mineral,private,TRUE,AGEID5,34.0,0,0,DISTID3,DISTID1
Spruce25-32-nothin,YC25_32,mineral,private,TRUE,AGEID5,0.0,0,0,DISTID3,DISTID1
Spruce17-20-nothin,YC17_20,peat,coillte,TRUE,AGEID5,118.9,0,0,DISTID3,DISTID1
Spruce21-24-nothin,YC21_24,peat,coillte,TRUE,AGEID5,0.4,0,0,DISTID3,DISTID1
Spruce17-20-nothin,YC17_20,peat,private,TRUE,AGEID5,0.0,0,0,DISTID3,DISTID1
Cbmix-Bl,YC10,mineral,coillte,TRUE,AGEID6,118.8,0,0,DISTID3,DISTID1
Cbmix-Conifer,YC10,mineral,coillte,TRUE,AGEID6,635.9,0,0,DISTID3,DISTID1
Cmix,YC10,mineral,coillte,TRUE,AGEID6,584.3,0,0,DISTID3,DISTID1
FGB,YC6,mineral,coillte,TRUE,AGEID6,190.0,0,0,DISTID3,DISTID1
OC,YC10,mineral,coillte,TRUE,AGEID6,203.8,0,0,DISTID3,DISTID1
Pine13-30,YC13_30,mineral,coillte,TRUE,AGEID6,200.2,0,0,DISTID3,DISTID1
SGB,YC6,mineral,coillte,TRUE,AGEID6,47.0,0,0,DISTID3,DISTID1
SNFGB-mineral,YC6,mineral,coillte,TRUE,AGEID6,65.8,0,0,DISTID3,DISTID1
Spruce13-16,YC13_16,mineral,coillte,TRUE,AGEID6,871.6,0,0,DISTID3,DISTID1
Spruce4-12,YC4_12,mineral,coillte,TRUE,AGEID6,0.0,0,0,DISTID3,DISTID1
Cbmix-Bl,YC10,mineral,private,TRUE,AGEID6,20.3,0,0,DISTID3,DISTID1
Cbmix-Conifer,YC10,mineral,private,TRUE,AGEID6,176.0,0,0,DISTID3,DISTID1
Cmix,YC10,mineral,private,TRUE,AGEID6,162.1,0,0,DISTID3,DISTID1
FGB,YC6,mineral,private,TRUE,AGEID6,238.1,0,0,DISTID3,DISTID1
OC,YC10,mineral,private,TRUE,AGEID6,188.2,0,0,DISTID3,DISTID1
Pine13-30,YC13_30,mineral,private,TRUE,AGEID6,1.9,0,0,DISTID3,DISTID1
SGB,YC6,mineral,private,TRUE,AGEID6,92.8,0,0,DISTID3,DISTID1
SNFGB-mineral,YC6,mineral,private,TRUE,AGEID6,971.4,0,0,DISTID3,DISTID1
Spruce13-16,YC13_16,mineral,private,TRUE,AGEID6,200.2,0,0,DISTID3,DISTID1
Spruce4-12,YC4_12,mineral,private,TRUE,AGEID6,100.1,0,0,DISTID3,DISTID1
Cbmix-Bl,YC10,peat,coillte,TRUE,AGEID6,6.8,0,0,DISTID3,DISTID1
Cbmix-Conifer,YC10,peat,coillte,TRUE,AGEID6,98.3,0,0,DISTID3,DISTID1
Cmix,YC10,peat,coillte,TRUE,AGEID6,500.1,0,0,DISTID3,DISTID1
FGB,YC6,peat,coillte,TRUE,AGEID6,81.3,0,0,DISTID3,DISTID1
FGB,YC6,mineral,private,TRUE,AGEID4,136.2,0,0,DISTID3,DISTID1
Pine13-30,YC13_30,mineral,private,TRUE,AGEID4,2.5,0,0,DISTID3,DISTID1
SGB,YC6,mineral,private,TRUE,AGEID4,89.0,0,0,DISTID3,DISTID1
SNFGB-mineral,YC6,mineral,private,TRUE,AGEID4,910.2,0,0,DISTID3,DISTID1
Cbmix-Bl,YC10,peat,coillte,TRUE,AGEID4,264.5,0,0,DISTID3,DISTID1
Cbmix-Conifer,YC10,peat,coillte,TRUE,AGEID4,340.7,0,0,DISTID3,DISTID1
Cmix,YC10,peat,coillte,TRUE,AGEID4,672.7,0,0,DISTID3,DISTID1
FGB,YC6,peat,coillte,TRUE,AGEID4,61.5,0,0,DISTID3,DISTID1
OC,YC10,peat,coillte,TRUE,AGEID4,8.7,0,0,DISTID3,DISTID1
Pine13-30,YC13_30,peat,coillte,TRUE,AGEID4,1.2,0,0,DISTID3,DISTID1
SNFGB-peat,YC6,peat,coillte,TRUE,AGEID4,70.7,0,0,DISTID3,DISTID1
Spruce13-16,YC13_16,peat,coillte,TRUE,AGEID4,94.1,0,0,DISTID3,DISTID1
Spruce4-12,YC4_12,peat,coillte,TRUE,AGEID4,12.3,0,0,DISTID3,DISTID1
Pine4-12,YC4_12,peat,private,TRUE,AGEID4,27.9,0,0,DISTID3,DISTID1
SNFGB-peat,YC6,peat,private,TRUE,AGEID4,410.1,0,0,DISTID3,DISTID1
Spruce4-12,YC4_12,peat,private,TRUE,AGEID4,29.4,0,0,DISTID3,DISTID1
Spruce17-20-thin,YC17_20,mineral,coillte,TRUE,AGEID4,713.4,0,0,DISTID3,DISTID1
Spruce21-24-thin,YC21_24,mineral,coillte,TRUE,AGEID4,826.9,0,0,DISTID3,DISTID1
Spruce25-32-thin,YC25_32,mineral,coillte,TRUE,AGEID4,69.0,0,0,DISTID3,DISTID1
Spruce21-24-thin,YC21_24,mineral,private,TRUE,AGEID4,0.0,0,0,DISTID3,DISTID1
Spruce17-20-thin,YC17_20,peat,coillte,TRUE,AGEID4,396.5,0,0,DISTID3,DISTID1
Spruce21-24-thin,YC21_24,peat,coillte,TRUE,AGEID4,445.1,0,0,DISTID3,DISTID1
Spruce17-20-nothin,YC17_20,mineral,coillte,TRUE,AGEID4,367.5,0,0,DISTID3,DISTID1
Spruce21-24-nothin,YC21_24,mineral,coillte,TRUE,AGEID4,426.0,0,0,DISTID3,DISTID1
Spruce25-32-nothin,YC25_32,mineral,coillte,TRUE,AGEID4,35.6,0,0,DISTID3,DISTID1
Spruce21-24-nothin,YC21_24,mineral,private,TRUE,AGEID4,0.0,0,0,DISTID3,DISTID1
Spruce17-20-nothin,YC17_20,peat,coillte,TRUE,AGEID4,204.3,0,0,DISTID3,DISTID1
Spruce21-24-nothin,YC21_24,peat,coillte,TRUE,AGEID4,229.3,0,0,DISTID3,DISTID1
Cbmix-Bl,YC10,mineral,coillte,TRUE,AGEID5,125.5,0,0,DISTID3,DISTID1
Cbmix-Conifer,YC10,mineral,coillte,TRUE,AGEID5,660.9,0,0,DISTID3,DISTID1
Cmix,YC10,mineral,coillte,TRUE,AGEID5,308.6,0,0,DISTID3,DISTID1
FGB,YC6,mineral,coillte,TRUE,AGEID5,287.2,0,0,DISTID3,DISTID1
OC,YC10,mineral,coillte,TRUE,AGEID5,300.3,0,0,DISTID3,DISTID1
Pine13-30,YC13_30,mineral,coillte,TRUE,AGEID5,0.0,0,0,DISTID3,DISTID1
Pine4-12,YC4_12,mineral,coillte,TRUE,AGEID5,15.2,0,0,DISTID3,DISTID1
SGB,YC6,mineral,coillte,TRUE,AGEID5,111.9,0,0,DISTID3,DISTID1
SNFGB-mineral,YC6,mineral,coillte,TRUE,AGEID5,122.3,0,0,DISTID3,DISTID1
Spruce13-16,YC13_16,mineral,coillte,TRUE,AGEID5,504.3,0,0,DISTID3,DISTID1
Cbmix-Bl,YC10,mineral,coillte,TRUE,AGEID1,335.7,0,0,DISTID3,DISTID1
Cbmix-Conifer,YC10,mineral,coillte,TRUE,AGEID1,230.4,0,0,DISTID3,DISTID1
Cmix,YC10,mineral,coillte,TRUE,AGEID1,86.7,0,0,DISTID3,DISTID1
FGB,YC6,mineral,coillte,TRUE,AGEID1,431.5,0,0,DISTID3,DISTID1
OC,YC10,mineral,coillte,TRUE,AGEID1,12.2,0,0,DISTID3,DISTID1
Pine13-30,YC13_30,mineral,coillte,TRUE,AGEID1,7.0,0,0,DISTID3,DISTID1
Pine4-12,YC4_12,mineral,coillte,TRUE,AGEID1,100.1,0,0,DISTID3,DISTID1
SGB,YC6,mineral,coillte,TRUE,AGEID1,188.1,0,0,DISTID3,DISTID1
SNFGB-mineral,YC6,mineral,coillte,TRUE,AGEID1,17.1,0,0,DISTID3,DISTID1
Spruce13-16,YC13_16,mineral,coillte,TRUE,AGEID1,46.0,0,0,DISTID3,DISTID1
Spruce4-12,YC4_12,mineral,coillte,TRUE,AGEID1,2404.0,0,0,DISTID3,DISTID1
Cbmix-Bl,YC10,mineral,private,TRUE,AGEID1,51.0,0,0,DISTID3,DISTID1
Cbmix-Conifer,YC10,mineral,private,TRUE,AGEID1,36.0,0,0,DISTID3,DISTID1
Cmix,YC10,mineral,private,TRUE,AGEID1,0.5,0,0,DISTID3,DISTID1
FGB,YC6,mineral,private,TRUE,AGEID1,138.6,0,0,DISTID3,DISTID1
OC,YC10,mineral,private,TRUE,AGEID1,25.1,0,0,DISTID3,DISTID1
Pine4-12,YC4_12,mineral,private,TRUE,AGEID1,100.1,0,0,DISTID3,DISTID1
SGB,YC6,mineral,private,TRUE,AGEID1,99.9,0,0,DISTID3,DISTID1
SNFGB-mineral,YC6,mineral,private,TRUE,AGEID1,298.0,0,0,DISTID3,DISTID1
Spruce13-16,YC13_16,mineral,private,TRUE,AGEID1,112.5,0,0,DISTID3,DISTID1
Spruce4-12,YC4_12,mineral,private,TRUE,AGEID1,400.4,0,0,DISTID3,DISTID1
Cbmix-Bl,YC10,peat,coillte,TRUE,AGEID1,159.1,0,0,DISTID3,DISTID1
Cbmix-Conifer,YC10,peat,coillte,TRUE,AGEID1,327.5,0,0,DISTID3,DISTID1
Cmix,YC10,peat,coillte,TRUE,AGEID1,128.6,0,0,DISTID3,DISTID1
FGB,YC6,peat,coillte,TRUE,AGEID1,319.0,0,0,DISTID3,DISTID1
OC,YC10,peat,coillte,TRUE,AGEID1,3.2,0,0,DISTID3,DISTID1
Pine13-30,YC13_30,peat,coillte,TRUE,AGEID1,233.4,0,0,DISTID3,DISTID1
Pine4-12,YC4_12,peat,coillte,TRUE,AGEID1,394.0,0,0,DISTID3,DISTID1
SNFGB-peat,YC6,peat,coillte,TRUE,AGEID1,188.7,0,0,DISTID3,DISTID1
Spruce13-16,YC13_16,peat,coillte,TRUE,AGEID1,109.8,0,0,DISTID3,DISTID1
Spruce4-12,YC4_12,peat,coillte,TRUE,AGEID1,975.7,0,0,DISTID3,DISTID1
Cbmix-Bl,YC10,peat,private,TRUE,AGEID1,100.1,0,0,DISTID3,DISTID1
Cbmix-Conifer,YC10,peat,private,TRUE,AGEID1,56.8,0,0,DISTID3,DISTID1
Pine4-12,YC4_12,peat,private,TRUE,AGEID1,307.8,0,0,DISTID3,DISTID1
SNFGB-peat,YC6,peat,private,TRUE,AGEID1,156.6,0,0,DISTID3,DISTID1
Spruce4-12,YC4_12,peat,private,TRUE,AGEID1,104.9,0,0,DISTID3,DISTID1
Spruce17-20-thin,YC17_20,mineral,coillte,TRUE,AGEID1,5.3,0,0,DISTID3,DISTID1
Spruce21-24-thin,YC21_24,mineral,coillte,TRUE,AGEID1,32.1,0,0,DISTID3,DISTID1
Spruce25-32-thin,YC25_32,mineral,coillte,TRUE,AGEID1,25.4,0,0,DISTID3,DISTID1
Spruce17-20-thin,YC17_20,peat,coillte,TRUE,AGEID1,287.1,0,0,DISTID3,DISTID1
Spruce21-24-thin,YC21_24,peat,coillte,TRUE,AGEID1,271.9,0,0,DISTID3,DISTID1
Spruce25-32-thin,YC25_32,peat,coillte,TRUE,AGEID1,134.7,0,0,DISTID3,DISTID1
Spruce17-20-nothin,YC17_20,mineral,coillte,TRUE,AGEID1,2.7,0,0,DISTID3,DISTID1
Spruce21-24-nothin,YC21_24,mineral,coillte,TRUE,AGEID1,16.6,0,0,DISTID3,DISTID1
Spruce25-32-nothin,YC25_32,mineral,coillte,TRUE,AGEID1,13.1,0,0,DISTID3,DISTID1
Spruce17-20-nothin,YC17_20,peat,coillte,TRUE,AGEID1,147.9,0,0,DISTID3,DISTID1
Spruce21-24-nothin,YC21_24,peat,coillte,TRUE,AGEID1,140.1,0,0,DISTID3,DISTID1
Spruce25-32-nothin,YC25_32,peat,coillte,TRUE,AGEID1,69.4,0,0,DISTID3,DISTID1
Cbmix-Bl,YC10,mineral,coillte,TRUE,AGEID2,88.7,0,0,DISTID3,DISTID1
Cbmix-Conifer,YC10,mineral,coillte,TRUE,AGEID2,118.7,0,0,DISTID3,DISTID1
Cmix,YC10,mineral,coillte,TRUE,AGEID2,518.6,0,0,DISTID3,DISTID1
FGB,YC6,mineral,coillte,TRUE,AGEID2,606.9,0,0,DISTID3,DISTID1
OC,YC10,mineral,coillte,TRUE,AGEID2,104.6,0,0,DISTID3,DISTID1
Pine13-30,YC13_30,mineral,coillte,TRUE,AGEID2,20.7,0,0,DISTID3,DISTID1
Pine4-12,YC4_12,mineral,coillte,TRUE,AGEID2,0.3,0,0,DISTID3,DISTID1
SGB,YC6,mineral,coillte,TRUE,AGEID2,131.2,0,0,DISTID3,DISTID1
SNFGB-mineral,YC6,mineral,coillte,TRUE,AGEID2,109.1,0,0,DISTID3,DISTID1
Spruce13-16,YC13_16,mineral,coillte,TRUE,AGEID2,930.3,0,0,DISTID3,DISTID1
Spruce4-12,YC4_12,mineral,coillte,TRUE,AGEID2,202.3,0,0,DISTID3,DISTID1
Cbmix-Bl,YC10,mineral,private,TRUE,AGEID2,53.3,0,0,DISTID3,DISTID1
Cbmix-Conifer,YC10,mineral,private,TRUE,AGEID2,70.1,0,0,DISTID3,DISTID1
Cmix,YC10,mineral,private,TRUE,AGEID2,56.8,0,0,DISTID3,DISTID1
FGB,YC6,mineral,private,TRUE,AGEID2,120.2,0,0,DISTID3,DISTID1
OC,YC10,mineral,private,TRUE,AGEID2,10.4,0,0,DISTID3,DISTID1
Pine13-30,YC13_30,mineral,private,TRUE,AGEID2,0.4,0,0,DISTID3,DISTID1
SGB,YC6,mineral,private,TRUE,AGEID2,135.3,0,0,DISTID3,DISTID1
SNFGB-mineral,YC6,mineral,private,TRUE,AGEID2,491.1,0,0,DISTID3,DISTID1
Cbmix-Bl,YC10,peat,coillte,TRUE,AGEID2,312.5,0,0,DISTID3,DISTID1
Cbmix-Conifer,YC10,peat,coillte,TRUE,AGEID2,71.2,0,0,DISTID3,DISTID1
Cmix,YC10,peat,coillte,TRUE,AGEID2,168.3,0,0,DISTID3,DISTID1
FGB,YC6,peat,coillte,TRUE,AGEID2,431.2,0,0,DISTID3,DISTID1
OC,YC10,peat,coillte,TRUE,AGEID2,96.8,0,0,DISTID3,DISTID1
Pine13-30,YC13_30,peat,coillte,TRUE,AGEID2,191.4,0,0,DISTID3,DISTID1
Pine4-12,YC4_12,peat,coillte,TRUE,AGEID2,474.3,0,0,DISTID3,DISTID1
SNFGB-peat,YC6,peat,coillte,TRUE,AGEID2,70.2,0,0,DISTID3,DISTID1
Spruce13-16,YC13_16,peat,coillte,TRUE,AGEID2,225.5,0,0,DISTID3,DISTID1
Spruce4-12,YC4_12,peat,coillte,TRUE,AGEID2,114.9,0,0,DISTID3,DISTID1
Cbmix-Bl,YC10,peat,private,TRUE,AGEID2,19.7,0,0,DISTID3,DISTID1
Cbmix-Conifer,YC10,peat,private,TRUE,AGEID2,216.3,0,0,DISTID3,DISTID1
Pine4-12,YC4_12,peat,private,TRUE,AGEID2,25.5,0,0,DISTID3,DISTID1
SNFGB-peat,YC6,peat,private,TRUE,AGEID2,143.5,0,0,DISTID3,DISTID1
Spruce4-12,YC4_12,peat,private,TRUE,AGEID2,6.5,0,0,DISTID3,DISTID1
Spruce17-20-thin,YC17_20,mineral,coillte,TRUE,AGEID2,208.2,0,0,DISTID3,DISTID1
Spruce21-24-thin,YC21_24,mineral,coillte,TRUE,AGEID2,358.2,0,0,DISTID3,DISTID1
Spruce25-32-thin,YC25_32,mineral,coillte,TRUE,AGEID2,41.5,0,0,DISTID3,DISTID1
Spruce17-20-thin,YC17_20,peat,coillte,TRUE,AGEID2,351.3,0,0,DISTID3,DISTID1
Spruce21-24-thin,YC21_24,peat,coillte,TRUE,AGEID2,210.3,0,0,DISTID3,DISTID1
Spruce25-32-thin,YC25_32,peat,coillte,TRUE,AGEID2,4.1,0,0,DISTID3,DISTID1
Spruce17-20-nothin,YC17_20,mineral,coillte,TRUE,AGEID2,107.2,0,0,DISTID3,DISTID1
Spruce21-24-nothin,YC21_24,mineral,coillte,TRUE,AGEID2,184.5,0,0,DISTID3,DISTID1
Spruce25-32-nothin,YC25_32,mineral,coillte,TRUE,AGEID2,21.4,0,0,DISTID3,DISTID1
Spruce17-20-nothin,YC17_20,peat,coillte,TRUE,AGEID2,181.0,0,0,DISTID3,DISTID1
Spruce21-24-nothin,YC21_24,peat,coillte,TRUE,AGEID2,108.3,0,0,DISTID3,DISTID1
Spruce25-32-nothin,YC25_32,peat,coillte,TRUE,AGEID2,2.1,0,0,DISTID3,DISTID1
Cbmix-Bl,YC10,mineral,coillte,TRUE,AGEID3,362.6,0,0,DISTID3,DISTID1
Cbmix-Conifer,YC10,mineral,coillte,TRUE,AGEID3,212.0,0,0,DISTID3,DISTID1
Cmix,YC10,mineral,coillte,TRUE,AGEID3,410.0,0,0,DISTID3,DISTID1
FGB,YC6,mineral,coillte,TRUE,AGEID3,672.8,0,0,DISTID3,DISTID1
OC,YC10,mineral,coillte,TRUE,AGEID3,405.4,0,0,DISTID3,DISTID1
Pine13-30,YC13_30,mineral,coillte,TRUE,AGEID3,135.7,0,0,DISTID3,DISTID1
Pine4-12,YC4_12,mineral,coillte,TRUE,AGEID3,100.1,0,0,DISTID3,DISTID1
SGB,YC6,mineral,coillte,TRUE,AGEID3,143.9,0,0,DISTID3,DISTID1
SNFGB-mineral,YC6,mineral,coillte,TRUE,AGEID3,104.0,0,0,DISTID3,DISTID1
Spruce13-16,YC13_16,mineral,coillte,TRUE,AGEID3,670.4,0,0,DISTID3,DISTID1
Spruce4-12,YC4_12,mineral,coillte,TRUE,AGEID3,262.9,0,0,DISTID3,DISTID1
Cbmix-Bl,YC10,mineral,private,TRUE,AGEID3,26.0,0,0,DISTID3,DISTID1
Cbmix-Conifer,YC10,mineral,private,TRUE,AGEID3,19.5,0,0,DISTID3,DISTID1
FGB,YC6,mineral,private,TRUE,AGEID3,71.0,0,0,DISTID3,DISTID1
SGB,YC6,mineral,private,TRUE,AGEID3,144.7,0,0,DISTID3,DISTID1
SNFGB-mineral,YC6,mineral,private,TRUE,AGEID3,426.8,0,0,DISTID3,DISTID1
Cbmix-Bl,YC10,peat,coillte,TRUE,AGEID3,179.7,0,0,DISTID3,DISTID1
Cbmix-Conifer,YC10,peat,coillte,TRUE,AGEID3,148.4,0,0,DISTID3,DISTID1
Cmix,YC10,peat,coillte,TRUE,AGEID3,221.5,0,0,DISTID3,DISTID1
Pine13-30,YC13_30,peat,coillte,TRUE,AGEID6,0.0,0,0,DISTID3,DISTID1
Pine4-12,YC4_12,peat,coillte,TRUE,AGEID6,296.9,0,0,DISTID3,DISTID1
SNFGB-peat,YC6,peat,coillte,TRUE,AGEID6,169.4,0,0,DISTID3,DISTID1
Spruce13-16,YC13_16,peat,coillte,TRUE,AGEID6,533.0,0,0,DISTID3,DISTID1
Spruce4-12,YC4_12,peat,coillte,TRUE,AGEID6,1365.4,0,0,DISTID3,DISTID1
Cbmix-Bl,YC10,peat,private,TRUE,AGEID6,5.1,0,0,DISTID3,DISTID1
Cmix,YC10,peat,private,TRUE,AGEID6,100.1,0,0,DISTID3,DISTID1
FGB,YC6,peat,private,TRUE,AGEID6,0.0,0,0,DISTID3,DISTID1
Pine4-12,YC4_12,peat,private,TRUE,AGEID6,82.8,0,0,DISTID3,DISTID1
SNFGB-peat,YC6,peat,private,TRUE,AGEID6,286.7,0,0,DISTID3,DISTID1
Spruce13-16,YC13_16,peat,private,TRUE,AGEID6,200.2,0,0,DISTID3,DISTID1
Spruce4-12,YC4_12,peat,private,TRUE,AGEID6,645.1,0,0,DISTID3,DISTID1
Spruce17-20-thin,YC17_20,mineral,coillte,TRUE,AGEID6,997.3,0,0,DISTID3,DISTID1
Spruce21-24-thin,YC21_24,mineral,coillte,TRUE,AGEID6,1053.6,0,0,DISTID3,DISTID1
Spruce25-32-thin,YC25_32,mineral,coillte,TRUE,AGEID6,66.1,0,0,DISTID3,DISTID1
Spruce17-20-thin,YC17_20,mineral,private,TRUE,AGEID6,132.1,0,0,DISTID3,DISTID1
Spruce21-24-thin,YC21_24,mineral,private,TRUE,AGEID6,462.5,0,0,DISTID3,DISTID1
Spruce25-32-thin,YC25_32,mineral,private,TRUE,AGEID6,66.1,0,0,DISTID3,DISTID1
Spruce17-20-thin,YC17_20,peat,coillte,TRUE,AGEID6,136.5,0,0,DISTID3,DISTID1
Spruce21-24-thin,YC21_24,peat,coillte,TRUE,AGEID6,193.3,0,0,DISTID3,DISTID1
Spruce25-32-thin,YC25_32,peat,coillte,TRUE,AGEID6,63.2,0,0,DISTID3,DISTID1
Spruce17-20-thin,YC17_20,peat,private,TRUE,AGEID6,66.8,0,0,DISTID3,DISTID1
Spruce17-20-nothin,YC17_20,mineral,coillte,TRUE,AGEID6,513.8,0,0,DISTID3,DISTID1
Spruce21-24-nothin,YC21_24,mineral,coillte,TRUE,AGEID6,542.7,0,0,DISTID3,DISTID1
Spruce25-32-nothin,YC25_32,mineral,coillte,TRUE,AGEID6,34.0,0,0,DISTID3,DISTID1
Spruce17-20-nothin,YC17_20,mineral,private,TRUE,AGEID6,68.1,0,0,DISTID3,DISTID1
Spruce21-24-nothin,YC21_24,mineral,private,TRUE,AGEID6,238.2,0,0,DISTID3,DISTID1
Spruce25-32-nothin,YC25_32,mineral,private,TRUE,AGEID6,34.0,0,0,DISTID3,DISTID1
Spruce17-20-nothin,YC17_20,peat,coillte,TRUE,AGEID6,70.3,0,0,DISTID3,DISTID1
Spruce21-24-nothin,YC21_24,peat,coillte,TRUE,AGEID6,99.6,0,0,DISTID3,DISTID1
Spruce25-32-nothin,YC25_32,peat,coillte,TRUE,AGEID6,32.6,0,0,DISTID3,DISTID1
Spruce17-20-nothin,YC17_20,peat,private,TRUE,AGEID6,34.4,0,0,DISTID3,DISTID1
Cbmix-Bl,YC10,mineral,coillte,TRUE,AGEID7,227.7,0,0,DISTID3,DISTID1
Cbmix-Conifer,YC10,mineral,coillte,TRUE,AGEID7,283.3,0,0,DISTID3,DISTID1
Cmix,YC10,mineral,coillte,TRUE,AGEID7,385.6,0,0,DISTID3,DISTID1
FGB,YC6,mineral,coillte,TRUE,AGEID7,171.6,0,0,DISTID3,DISTID1
OC,YC10,mineral,coillte,TRUE,AGEID7,129.1,0,0,DISTID3,DISTID1
Pine13-30,YC13_30,mineral,coillte,TRUE,AGEID7,112.2,0,0,DISTID3,DISTID1
Pine4-12,YC4_12,mineral,coillte,TRUE,AGEID7,0.0,0,0,DISTID3,DISTID1
SGB,YC6,mineral,coillte,TRUE,AGEID7,121.6,0,0,DISTID3,DISTID1
SNFGB-mineral,YC6,mineral,coillte,TRUE,AGEID7,101.5,0,0,DISTID3,DISTID1
Spruce13-16,YC13_16,mineral,coillte,TRUE,AGEID7,193.6,0,0,DISTID3,DISTID1
Spruce4-12,YC4_12,mineral,coillte,TRUE,AGEID7,0.0,0,0,DISTID3,DISTID1
Cbmix-Bl,YC10,mineral,private,TRUE,AGEID7,61.1,0,0,DISTID3,DISTID1
Cmix,YC10,mineral,private,TRUE,AGEID7,123.4,0,0,DISTID3,DISTID1
FGB,YC6,mineral,private,TRUE,AGEID7,121.9,0,0,DISTID3,DISTID1
Pine4-12,YC4_12,mineral,private,TRUE,AGEID7,15.2,0,0,DISTID3,DISTID1
SGB,YC6,mineral,private,TRUE,AGEID7,218.7,0,0,DISTID3,DISTID1
SNFGB-mineral,YC6,mineral,private,TRUE,AGEID7,920.7,0,0,DISTID3,DISTID1
Spruce13-16,YC13_16,mineral,private,TRUE,AGEID7,1.8,0,0,DISTID3,DISTID1
Cbmix-Bl,YC10,peat,coillte,TRUE,AGEID7,104.8,0,0,DISTID3,DISTID1
Cbmix-Conifer,YC10,peat,coillte,TRUE,AGEID7,250.3,0,0,DISTID3,DISTID1
Cmix,YC10,peat,coillte,TRUE,AGEID7,300.3,0,0,DISTID3,DISTID1
FGB,YC6,peat,coillte,TRUE,AGEID7,4.7,0,0,DISTID3,DISTID1
Pine13-30,YC13_30,peat,coillte,TRUE,AGEID7,688.3,0,0,DISTID3,DISTID1
Pine4-12,YC4_12,peat,coillte,TRUE,AGEID7,668.3,0,0,DISTID3,DISTID1
SNFGB-peat,YC6,peat,coillte,TRUE,AGEID7,256.8,0,0,DISTID3,DISTID1
Spruce13-16,YC13_16,peat,coillte,TRUE,AGEID7,700.1,0,0,DISTID3,DISTID1
Spruce4-12,YC4_12,peat,coillte,TRUE,AGEID7,1293.1,0,0,DISTID3,DISTID1
Cbmix-Bl,YC10,peat,private,TRUE,AGEID7,11.3,0,0,DISTID3,DISTID1
Pine13-30,YC13_30,peat,private,TRUE,AGEID7,100.1,0,0,DISTID3,DISTID1
SNFGB-peat,YC6,peat,private,TRUE,AGEID7,566.9,0,0,DISTID3,DISTID1
Spruce4-12,YC4_12,peat,private,TRUE,AGEID7,200.2,0,0,DISTID3,DISTID1
Spruce17-20-thin,YC17_20,mineral,coillte,TRUE,AGEID7,262.1,0,0,DISTID3,DISTID1
Spruce21-24-thin,YC21_24,mineral,coillte,TRUE,AGEID7,66.1,0,0,DISTID3,DISTID1
Spruce25-32-thin,YC25_32,mineral,coillte,TRUE,AGEID7,66.1,0,0,DISTID3,DISTID1
Spruce17-20-thin,YC17_20,mineral,private,TRUE,AGEID7,66.1,0,0,DISTID3,DISTID1
Spruce21-24-thin,YC21_24,mineral,private,TRUE,AGEID7,0.0,0,0,DISTID3,DISTID1
Spruce17-20-thin,YC17_20,peat,coillte,TRUE,AGEID7,264.3,0,0,DISTID3,DISTID1
Spruce21-24-thin,YC21_24,peat,coillte,TRUE,AGEID7,66.1,0,0,DISTID3,DISTID1
Spruce25-32-thin,YC25_32,peat,coillte,TRUE,AGEID7,0.0,0,0,DISTID3,DISTID1
Spruce17-20-thin,YC17_20,peat,private,TRUE,AGEID7,0.0,0,0,DISTID3,DISTID1
Spruce17-20-nothin,YC17_20,mineral,coillte,TRUE,AGEID7,135.0,0,0,DISTID3,DISTID1
Spruce21-24-nothin,YC21_24,mineral,coillte,TRUE,AGEID7,34.0,0,0,DISTID3,DISTID1
Spruce25-32-nothin,YC25_32,mineral,coillte,TRUE,AGEID7,34.0,0,0,DISTID3,DISTID1
Spruce17-20-nothin,YC17_20,mineral,private,TRUE,AGEID7,34.0,0,0,DISTID3,DISTID1
Spruce21-24-nothin,YC21_24,mineral,private,TRUE,AGEID7,0.0,0,0,DISTID3,DISTID1
Spruce17-20-nothin,YC17_20,peat,coillte,TRUE,AGEID7,136.1,0,0,DISTID3,DISTID1
Spruce21-24-nothin,YC21_24,peat,coillte,TRUE,AGEID7,34.0,0,0,DISTID3,DISTID1
Spruce25-32-nothin,YC25_32,peat,coillte,TRUE,AGEID7,0.0,0,0,DISTID3,DISTID1
Spruce17-20-nothin,YC17_20,peat,private,TRUE,AGEID7,0.0,0,0,DISTID3,DISTID1
Cbmix-Bl,YC10,mineral,coillte,TRUE,AGEID8,118.5,0,0,DISTID3,DISTID1
Cbmix-Conifer,YC10,mineral,coillte,TRUE,AGEID8,28.4,0,0,DISTID3,DISTID1
Cmix,YC10,mineral,coillte,TRUE,AGEID8,203.6,0,0,DISTID3,DISTID1
FGB,YC6,mineral,coillte,TRUE,AGEID8,236.6,0,0,DISTID3,DISTID1
OC,YC10,mineral,coillte,TRUE,AGEID8,97.4,0,0,DISTID3,DISTID1
Pine13-30,YC13_30,mineral,coillte,TRUE,AGEID8,400.4,0,0,DISTID3,DISTID1
Pine4-12,YC4_12,mineral,coillte,TRUE,AGEID8,100.1,0,0,DISTID3,DISTID1
SGB,YC6,mineral,coillte,TRUE,AGEID8,212.5,0,0,DISTID3,DISTID1
SNFGB-mineral,YC6,mineral,coillte,TRUE,AGEID8,49.8,0,0,DISTID3,DISTID1
Spruce13-16,YC13_16,mineral,coillte,TRUE,AGEID8,100.1,0,0,DISTID3,DISTID1
Spruce4-12,YC4_12,mineral,coillte,TRUE,AGEID8,200.2,0,0,DISTID3,DISTID1
Cbmix-Bl,YC10,mineral,private,TRUE,AGEID8,4.9,0,0,DISTID3,DISTID1
Cbmix-Conifer,YC10,mineral,private,TRUE,AGEID8,91.8,0,0,DISTID3,DISTID1
Cmix,YC10,mineral,private,TRUE,AGEID8,70.4,0,0,DISTID3,DISTID1
FGB,YC6,mineral,private,TRUE,AGEID8,40.1,0,0,DISTID3,DISTID1
OC,YC10,mineral,private,TRUE,AGEID8,77.2,0,0,DISTID3,DISTID1
Pine13-30,YC13_30,mineral,private,TRUE,AGEID8,5.8,0,0,DISTID3,DISTID1
SGB,YC6,mineral,private,TRUE,AGEID8,111.7,0,0,DISTID3,DISTID1
SNFGB-mineral,YC6,mineral,private,TRUE,AGEID8,1558.9,0,0,DISTID3,DISTID1
Spruce4-12,YC4_12,mineral,private,TRUE,AGEID8,0.0,0,0,DISTID3,DISTID1
Cbmix-Bl,YC10,peat,coillte,TRUE,AGEID8,104.5,0,0,DISTID3,DISTID1
Cbmix-Conifer,YC10,peat,coillte,TRUE,AGEID8,133.9,0,0,DISTID3,DISTID1
Cmix,YC10,peat,coillte,TRUE,AGEID8,127.4,0,0,DISTID3,DISTID1
FGB,YC6,peat,coillte,TRUE,AGEID8,0.0,0,0,DISTID3,DISTID1
Pine13-30,YC13_30,peat,coillte,TRUE,AGEID8,1566.7,0,0,DISTID3,DISTID1
Pine4-12,YC4_12,peat,coillte,TRUE,AGEID8,980.0,0,0,DISTID3,DISTID1
SNFGB-peat,YC6,peat,coillte,TRUE,AGEID8,119.7,0,0,DISTID3,DISTID1
Spruce13-16,YC13_16,peat,coillte,TRUE,AGEID8,791.6,0,0,DISTID3,DISTID1
Spruce4-12,YC4_12,peat,coillte,TRUE,AGEID8,1159.7,0,0,DISTID3,DISTID1
Cbmix-Bl,YC10,peat,private,TRUE,AGEID8,144.7,0,0,DISTID3,DISTID1
Pine4-12,YC4_12,peat,private,TRUE,AGEID8,99.3,0,0,DISTID3,DISTID1
SNFGB-peat,YC6,peat,private,TRUE,AGEID8,429.4,0,0,DISTID3,DISTID1
Spruce17-20-thin,YC17_20,mineral,coillte,TRUE,AGEID8,132.1,0,0,DISTID3,DISTID1
Spruce21-24-thin,YC21_24,mineral,coillte,TRUE,AGEID8,67.9,0,0,DISTID3,DISTID1
Spruce17-20-thin,YC17_20,peat,coillte,TRUE,AGEID8,55.2,0,0,DISTID3,DISTID1
Spruce21-24-thin,YC21_24,peat,coillte,TRUE,AGEID8,1.1,0,0,DISTID3,DISTID1
Spruce25-32-thin,YC25_32,peat,coillte,TRUE,AGEID8,0.0,0,0,DISTID3,DISTID1
Spruce17-20-thin,YC17_20,peat,private,TRUE,AGEID8,65.3,0,0,DISTID3,DISTID1
Spruce17-20-nothin,YC17_20,mineral,coillte,TRUE,AGEID8,68.1,0,0,DISTID3,DISTID1
Spruce21-24-nothin,YC21_24,mineral,coillte,TRUE,AGEID8,35.0,0,0,DISTID3,DISTID1
Spruce17-20-nothin,YC17_20,peat,coillte,TRUE,AGEID8,28.4,0,0,DISTID3,DISTID1
Spruce21-24-nothin,YC21_24,peat,coillte,TRUE,AGEID8,0.6,0,0,DISTID3,DISTID1
Spruce25-32-nothin,YC25_32,peat,coillte,TRUE,AGEID8,0.0,0,0,DISTID3,DISTID1
Spruce17-20-nothin,YC17_20,peat,private,TRUE,AGEID8,33.6,0,0,DISTID3,DISTID1
Cbmix-Bl,YC10,mineral,coillte,TRUE,AGEID9,112.0,0,0,DISTID3,DISTID1
Cbmix-Conifer,YC10,mineral,coillte,TRUE,AGEID9,99.3,0,0,DISTID3,DISTID1
Cmix,YC10,mineral,coillte,TRUE,AGEID9,32.9,0,0,DISTID3,DISTID1
FGB,YC6,mineral,coillte,TRUE,AGEID9,42.3,0,0,DISTID3,DISTID1
OC,YC10,mineral,coillte,TRUE,AGEID9,116.8,0,0,DISTID3,DISTID1
Pine13-30,YC13_30,mineral,coillte,TRUE,AGEID9,0.0,0,0,DISTID3,DISTID1
Pine4-12,YC4_12,mineral,coillte,TRUE,AGEID9,0.0,0,0,DISTID3,DISTID1
SGB,YC6,mineral,coillte,TRUE,AGEID9,22.3,0,0,DISTID3,DISTID1
SNFGB-mineral,YC6,mineral,coillte,TRUE,AGEID9,268.7,0,0,DISTID3,DISTID1
Spruce13-16,YC13_16,mineral,coillte,TRUE,AGEID9,200.2,0,0,DISTID3,DISTID1
Spruce4-12,YC4_12,mineral,coillte,TRUE,AGEID9,100.1,0,0,DISTID3,DISTID1
Cbmix-Bl,YC10,mineral,private,TRUE,AGEID9,117.2,0,0,DISTID3,DISTID1
Cbmix-Conifer,YC10,mineral,private,TRUE,AGEID9,77.8,0,0,DISTID3,DISTID1
Cmix,YC10,mineral,private,TRUE,AGEID9,47.1,0,0,DISTID3,DISTID1
FGB,YC6,mineral,private,TRUE,AGEID9,10.7,0,0,DISTID3,DISTID1
SGB,YC6,mineral,private,TRUE,AGEID9,122.2,0,0,DISTID3,DISTID1
SNFGB-mineral,YC6,mineral,private,TRUE,AGEID9,510.7,0,0,DISTID3,DISTID1
Cbmix-Bl,YC10,peat,coillte,TRUE,AGEID9,0.0,0,0,DISTID3,DISTID1
Cbmix-Conifer,YC10,peat,coillte,TRUE,AGEID9,170.1,0,0,DISTID3,DISTID1
Cmix,YC10,peat,coillte,TRUE,AGEID9,241.9,0,0,DISTID3,DISTID1
FGB,YC6,peat,coillte,TRUE,AGEID9,123.0,0,0,DISTID3,DISTID1
Pine13-30,YC13_30,peat,coillte,TRUE,AGEID9,94.3,0,0,DISTID3,DISTID1
Pine4-12,YC4_12,peat,coillte,TRUE,AGEID9,0.0,0,0,DISTID3,DISTID1
SNFGB-peat,YC6,peat,coillte,TRUE,AGEID9,40.4,0,0,DISTID3,DISTID1
Spruce13-16,YC13_16,peat,coillte,TRUE,AGEID9,900.3,0,0,DISTID3,DISTID1
Spruce4-12,YC4_12,peat,coillte,TRUE,AGEID9,1104.2,0,0,DISTID3,DISTID1
FGB,YC6,peat,private,TRUE,AGEID9,100.1,0,0,DISTID3,DISTID1
Pine4-12,YC4_12,peat,private,TRUE,AGEID9,0.0,0,0,DISTID3,DISTID1
SNFGB-peat,YC6,peat,private,TRUE,AGEID9,308.0,0,0,DISTID3,DISTID1
Spruce17-20-thin,YC17_20,mineral,coillte,TRUE,AGEID9,133.5,0,0,DISTID3,DISTID1
Spruce21-24-thin,YC21_24,mineral,coillte,TRUE,AGEID9,77.1,0,0,DISTID3,DISTID1
Spruce17-20-thin,YC17_20,peat,coillte,TRUE,AGEID9,132.1,0,0,DISTID3,DISTID1
Spruce17-20-nothin,YC17_20,mineral,coillte,TRUE,AGEID9,68.8,0,0,DISTID3,DISTID1
Spruce21-24-nothin,YC21_24,mineral,coillte,TRUE,AGEID9,39.7,0,0,DISTID3,DISTID1
Spruce17-20-nothin,YC17_20,peat,coillte,TRUE,AGEID9,68.1,0,0,DISTID3,DISTID1
Cbmix-Bl,YC10,mineral,coillte,TRUE,AGEID10,115.7,0,0,DISTID3,DISTID1
Cbmix-Conifer,YC10,mineral,coillte,TRUE,AGEID10,168.2,0,0,DISTID3,DISTID1
Cmix,YC10,mineral,coillte,TRUE,AGEID10,150.5,0,0,DISTID3,DISTID1
FGB,YC6,mineral,coillte,TRUE,AGEID10,26.7,0,0,DISTID3,DISTID1
OC,YC10,mineral,coillte,TRUE,AGEID10,271.2,0,0,DISTID3,DISTID1
Pine13-30,YC13_30,mineral,coillte,TRUE,AGEID10,11.3,0,0,DISTID3,DISTID1
Pine4-12,YC4_12,mineral,coillte,TRUE,AGEID10,100.1,0,0,DISTID3,DISTID1
SGB,YC6,mineral,coillte,TRUE,AGEID10,46.3,0,0,DISTID3,DISTID1
SNFGB-mineral,YC6,mineral,coillte,TRUE,AGEID10,39.1,0,0,DISTID3,DISTID1
Spruce13-16,YC13_16,mineral,coillte,TRUE,AGEID10,100.1,0,0,DISTID3,DISTID1
Spruce4-12,YC4_12,mineral,coillte,TRUE,AGEID10,200.2,0,0,DISTID3,DISTID1
Cbmix-Bl,YC10,mineral,private,TRUE,AGEID10,54.2,0,0,DISTID3,DISTID1
Cbmix-Conifer,YC10,mineral,private,TRUE,AGEID10,194.4,0,0,DISTID3,DISTID1
Cmix,YC10,mineral,private,TRUE,AGEID10,31.5,0,0,DISTID3,DISTID1
FGB,YC6,mineral,private,TRUE,AGEID10,10.8,0,0,DISTID3,DISTID1
OC,YC10,mineral,private,TRUE,AGEID10,248.0,0,0,DISTID3,DISTID1
Pine13-30,YC13_30,mineral,private,TRUE,AGEID10,0.0,0,0,DISTID3,DISTID1
Pine4-12,YC4_12,mineral,private,TRUE,AGEID10,0.0,0,0,DISTID3,DISTID1
SGB,YC6,mineral,private,TRUE,AGEID10,90.6,0,0,DISTID3,DISTID1
SNFGB-mineral,YC6,mineral,private,TRUE,AGEID10,691.0,0,0,DISTID3,DISTID1
Cbmix-Bl,YC10,peat,coillte,TRUE,AGEID10,60.4,0,0,DISTID3,DISTID1
Cbmix-Conifer,YC10,peat,coillte,TRUE,AGEID10,55.6,0,0,DISTID3,DISTID1
Cmix,YC10,peat,coillte,TRUE,AGEID10,41.6,0,0,DISTID3,DISTID1
FGB,YC6,peat,coillte,TRUE,AGEID10,124.3,0,0,DISTID3,DISTID1
Pine4-12,YC4_12,peat,coillte,TRUE,AGEID10,200.2,0,0,DISTID3,DISTID1
SNFGB-peat,YC6,peat,coillte,TRUE,AGEID10,8.8,0,0,DISTID3,DISTID1
Spruce13-16,YC13_16,peat,coillte,TRUE,AGEID10,293.7,0,0,DISTID3,DISTID1
Spruce4-12,YC4_12,peat,coillte,TRUE,AGEID10,500.7,0,0,DISTID3,DISTID1
Cbmix-Bl,YC10,peat,private,TRUE,AGEID10,11.8,0,0,DISTID3,DISTID1
Cbmix-Conifer,YC10,peat,private,TRUE,AGEID10,72.5,0,0,DISTID3,DISTID1
SNFGB-peat,YC6,peat,private,TRUE,AGEID10,80.3,0,0,DISTID3,DISTID1
Spruce4-12,YC4_12,peat,private,TRUE,AGEID10,100.1,0,0,DISTID3,DISTID1
Spruce17-20-thin,YC17_20,mineral,coillte,TRUE,AGEID10,1.9,0,0,DISTID3,DISTID1
Spruce25-32-thin,YC25_32,mineral,coillte,TRUE,AGEID10,0.0,0,0,DISTID3,DISTID1
Spruce21-24-thin,YC21_24,peat,coillte,TRUE,AGEID10,1.2,0,0,DISTID3,DISTID1
Spruce17-20-nothin,YC17_20,mineral,coillte,TRUE,AGEID10,1.0,0,0,DISTID3,DISTID1
Spruce25-32-nothin,YC25_32,mineral,coillte,TRUE,AGEID10,0.0,0,0,DISTID3,DISTID1
Spruce21-24-nothin,YC21_24,peat,coillte,TRUE,AGEID10,0.6,0,0,DISTID3,DISTID1
Cbmix-Bl,YC10,mineral,coillte,TRUE,AGEID11,106.9,0,0,DISTID3,DISTID1
Cbmix-Conifer,YC10,mineral,coillte,TRUE,AGEID11,3.7,0,0,DISTID3,DISTID1
Cmix,YC10,mineral,coillte,TRUE,AGEID11,4.2,0,0,DISTID3,DISTID1
FGB,YC6,mineral,coillte,TRUE,AGEID11,77.7,0,0,DISTID3,DISTID1
OC,YC10,mineral,coillte,TRUE,AGEID11,100.1,0,0,DISTID3,DISTID1
Pine4-12,YC4_12,mineral,coillte,TRUE,AGEID11,99.8,0,0,DISTID3,DISTID1
SGB,YC6,mineral,coillte,TRUE,AGEID11,59.6,0,0,DISTID3,DISTID1
SNFGB-mineral,YC6,mineral,coillte,TRUE,AGEID11,249.7,0,0,DISTID3,DISTID1
Spruce13-16,YC13_16,mineral,coillte,TRUE,AGEID11,198.4,0,0,DISTID3,DISTID1
Spruce4-12,YC4_12,mineral,coillte,TRUE,AGEID11,198.6,0,0,DISTID3,DISTID1
Cbmix-Bl,YC10,mineral,private,TRUE,AGEID11,60.3,0,0,DISTID3,DISTID1
Cmix,YC10,mineral,private,TRUE,AGEID11,93.4,0,0,DISTID3,DISTID1
FGB,YC6,mineral,private,TRUE,AGEID11,6.4,0,0,DISTID3,DISTID1
Pine4-12,YC4_12,mineral,private,TRUE,AGEID11,100.1,0,0,DISTID3,DISTID1
SGB,YC6,mineral,private,TRUE,AGEID11,77.4,0,0,DISTID3,DISTID1
SNFGB-mineral,YC6,mineral,private,TRUE,AGEID11,627.1,0,0,DISTID3,DISTID1
Spruce13-16,YC13_16,mineral,private,TRUE,AGEID11,86.0,0,0,DISTID3,DISTID1
Spruce4-12,YC4_12,mineral,private,TRUE,AGEID11,0.0,0,0,DISTID3,DISTID1
Cbmix-Conifer,YC10,peat,coillte,TRUE,AGEID11,2.5,0,0,DISTID3,DISTID1
Pine13-30,YC13_30,peat,coillte,TRUE,AGEID11,5.8,0,0,DISTID3,DISTID1
Pine4-12,YC4_12,peat,coillte,TRUE,AGEID11,183.9,0,0,DISTID3,DISTID1
Spruce13-16,YC13_16,peat,coillte,TRUE,AGEID11,109.3,0,0,DISTID3,DISTID1
Spruce4-12,YC4_12,peat,coillte,TRUE,AGEID11,355.8,0,0,DISTID3,DISTID1
SNFGB-peat,YC6,peat,private,TRUE,AGEID11,151.2,0,0,DISTID3,DISTID1
Spruce4-12,YC4_12,peat,private,TRUE,AGEID11,111.4,0,0,DISTID3,DISTID1
Spruce21-24-thin,YC21_24,mineral,coillte,TRUE,AGEID11,4.3,0,0,DISTID3,DISTID1
Spruce25-32-thin,YC25_32,mineral,coillte,TRUE,AGEID11,0.0,0,0,DISTID3,DISTID1
Spruce17-20-thin,YC17_20,peat,coillte,TRUE,AGEID11,5.2,0,0,DISTID3,DISTID1
Spruce21-24-nothin,YC21_24,mineral,coillte,TRUE,AGEID11,2.2,0,0,DISTID3,DISTID1
Spruce25-32-nothin,YC25_32,mineral,coillte,TRUE,AGEID11,0.0,0,0,DISTID3,DISTID1
Spruce17-20-nothin,YC17_20,peat,coillte,TRUE,AGEID11,2.7,0,0,DISTID3,DISTID1
Cbmix-Bl,YC10,mineral,coillte,TRUE,AGEID12,12.2,0,0,DISTID3,DISTID1
Cmix,YC10,mineral,coillte,TRUE,AGEID12,258.2,0,0,DISTID3,DISTID1
FGB,YC6,mineral,coillte,TRUE,AGEID12,230.7,0,0,DISTID3,DISTID1
OC,YC10,mineral,coillte,TRUE,AGEID12,0.0,0,0,DISTID3,DISTID1
SGB,YC6,mineral,coillte,TRUE,AGEID12,7.3,0,0,DISTID3,DISTID1
SNFGB-mineral,YC6,mineral,coillte,TRUE,AGEID12,88.0,0,0,DISTID3,DISTID1
Spruce13-16,YC13_16,mineral,coillte,TRUE,AGEID12,100.1,0,0,DISTID3,DISTID1
Cbmix-Bl,YC10,mineral,private,TRUE,AGEID12,18.6,0,0,DISTID3,DISTID1
Cmix,YC10,mineral,private,TRUE,AGEID12,100.1,0,0,DISTID3,DISTID1
FGB,YC6,mineral,private,TRUE,AGEID12,3.7,0,0,DISTID3,DISTID1
Pine13-30,YC13_30,mineral,private,TRUE,AGEID12,3.7,0,0,DISTID3,DISTID1
SGB,YC6,mineral,private,TRUE,AGEID12,97.8,0,0,DISTID3,DISTID1
SNFGB-mineral,YC6,mineral,private,TRUE,AGEID12,462.9,0,0,DISTID3,DISTID1
FGB,YC6,peat,coillte,TRUE,AGEID12,9.2,0,0,DISTID3,DISTID1
SNFGB-peat,YC6,peat,coillte,TRUE,AGEID12,0.0,0,0,DISTID3,DISTID1
Spruce4-12,YC4_12,peat,coillte,TRUE,AGEID12,96.5,0,0,DISTID3,DISTID1
Pine4-12,YC4_12,peat,private,TRUE,AGEID12,11.3,0,0,DISTID3,DISTID1
SNFGB-peat,YC6,peat,private,TRUE,AGEID12,128.0,0,0,DISTID3,DISTID1
Spruce4-12,YC4_12,peat,private,TRUE,AGEID12,100.1,0,0,DISTID3,DISTID1
Spruce25-32-thin,YC25_32,mineral,coillte,TRUE,AGEID12,66.1,0,0,DISTID3,DISTID1
Spruce25-32-nothin,YC25_32,mineral,coillte,TRUE,AGEID12,34.0,0,0,DISTID3,DISTID1
Cbmix-Bl,YC10,mineral,coillte,TRUE,AGEID13,126.3,0,0,DISTID3,DISTID1
FGB,YC6,mineral,coillte,TRUE,AGEID13,51.2,0,0,DISTID3,DISTID1
OC,YC10,mineral,coillte,TRUE,AGEID13,182.3,0,0,DISTID3,DISTID1
Pine13-30,YC13_30,mineral,coillte,TRUE,AGEID13,86.0,0,0,DISTID3,DISTID1
SGB,YC6,mineral,coillte,TRUE,AGEID13,189.3,0,0,DISTID3,DISTID1
SNFGB-mineral,YC6,mineral,coillte,TRUE,AGEID13,28.7,0,0,DISTID3,DISTID1
Spruce4-12,YC4_12,mineral,coillte,TRUE,AGEID13,35.3,0,0,DISTID3,DISTID1
Cbmix-Bl,YC10,mineral,private,TRUE,AGEID13,53.5,0,0,DISTID3,DISTID1
Cbmix-Conifer,YC10,mineral,private,TRUE,AGEID13,63.8,0,0,DISTID3,DISTID1
Cmix,YC10,mineral,private,TRUE,AGEID13,12.0,0,0,DISTID3,DISTID1
FGB,YC6,mineral,private,TRUE,AGEID13,4.4,0,0,DISTID3,DISTID1
SGB,YC6,mineral,private,TRUE,AGEID13,16.6,0,0,DISTID3,DISTID1
SNFGB-mineral,YC6,mineral,private,TRUE,AGEID13,569.5,0,0,DISTID3,DISTID1
Cbmix-Bl,YC10,peat,coillte,TRUE,AGEID13,0.0,0,0,DISTID3,DISTID1
Pine4-12,YC4_12,peat,coillte,TRUE,AGEID13,100.1,0,0,DISTID3,DISTID1
SNFGB-peat,YC6,peat,coillte,TRUE,AGEID13,14.7,0,0,DISTID3,DISTID1
Pine4-12,YC4_12,peat,private,TRUE,AGEID13,34.0,0,0,DISTID3,DISTID1
SNFGB-peat,YC6,peat,private,TRUE,AGEID13,59.9,0,0,DISTID3,DISTID1
Cbmix-Bl,YC10,mineral,coillte,TRUE,AGEID14,2.0,0,0,DISTID3,DISTID1
Cmix,YC10,mineral,coillte,TRUE,AGEID14,99.5,0,0,DISTID3,DISTID1
FGB,YC6,mineral,coillte,TRUE,AGEID14,3.8,0,0,DISTID3,DISTID1
Pine4-12,YC4_12,mineral,coillte,TRUE,AGEID14,84.9,0,0,DISTID3,DISTID1
SGB,YC6,mineral,coillte,TRUE,AGEID14,76.0,0,0,DISTID3,DISTID1
SNFGB-mineral,YC6,mineral,coillte,TRUE,AGEID14,20.0,0,0,DISTID3,DISTID1
Cbmix-Bl,YC10,mineral,private,TRUE,AGEID14,97.4,0,0,DISTID3,DISTID1
FGB,YC6,mineral,private,TRUE,AGEID14,68.0,0,0,DISTID3,DISTID1
OC,YC10,mineral,private,TRUE,AGEID14,25.0,0,0,DISTID3,DISTID1
Pine13-30,YC13_30,mineral,private,TRUE,AGEID14,0.0,0,0,DISTID3,DISTID1
SGB,YC6,mineral,private,TRUE,AGEID14,223.5,0,0,DISTID3,DISTID1
SNFGB-mineral,YC6,mineral,private,TRUE,AGEID14,209.0,0,0,DISTID3,DISTID1
Pine4-12,YC4_12,peat,coillte,TRUE,AGEID14,0.0,0,0,DISTID3,DISTID1
SNFGB-peat,YC6,peat,coillte,TRUE,AGEID14,45.0,0,0,DISTID3,DISTID1
SNFGB-peat,YC6,peat,private,TRUE,AGEID14,6.8,0,0,DISTID3,DISTID1
Cbmix-Bl,YC10,mineral,coillte,TRUE,AGEID15,24.6,0,0,DISTID3,DISTID1
Cbmix-Conifer,YC10,mineral,coillte,TRUE,AGEID15,7.9,0,0,DISTID3,DISTID1
Cmix,YC10,mineral,coillte,TRUE,AGEID15,57.3,0,0,DISTID3,DISTID1
FGB,YC6,mineral,coillte,TRUE,AGEID15,11.0,0,0,DISTID3,DISTID1
Pine4-12,YC4_12,mineral,coillte,TRUE,AGEID15,0.0,0,0,DISTID3,DISTID1
SGB,YC6,mineral,coillte,TRUE,AGEID15,211.9,0,0,DISTID3,DISTID1
SNFGB-mineral,YC6,mineral,coillte,TRUE,AGEID15,12.1,0,0,DISTID3,DISTID1
Cbmix-Bl,YC10,mineral,private,TRUE,AGEID15,33.4,0,0,DISTID3,DISTID1
FGB,YC6,mineral,private,TRUE,AGEID15,31.3,0,0,DISTID3,DISTID1
Pine13-30,YC13_30,mineral,private,TRUE,AGEID15,0.0,0,0,DISTID3,DISTID1
SGB,YC6,mineral,private,TRUE,AGEID15,124.3,0,0,DISTID3,DISTID1
SNFGB-mineral,YC6,mineral,private,TRUE,AGEID15,327.3,0,0,DISTID3,DISTID1
Cbmix-Bl,YC10,peat,coillte,TRUE,AGEID15,0.0,0,0,DISTID3,DISTID1
SNFGB-peat,YC6,peat,private,TRUE,AGEID15,80.0,0,0,DISTID3,DISTID1
Spruce25-32-thin,YC25_32,mineral,coillte,TRUE,AGEID15,1.2,0,0,DISTID3,DISTID1
Spruce25-32-nothin,YC25_32,mineral,coillte,TRUE,AGEID15,0.6,0,0,DISTID3,DISTID1
Cbmix-Bl,YC10,mineral,coillte,TRUE,AGEID16,160.0,0,0,DISTID3,DISTID1
Cmix,YC10,mineral,coillte,TRUE,AGEID16,6.4,0,0,DISTID3,DISTID1
Pine4-12,YC4_12,mineral,coillte,TRUE,AGEID16,90.4,0,0,DISTID3,DISTID1
SGB,YC6,mineral,coillte,TRUE,AGEID16,84.6,0,0,DISTID3,DISTID1
SNFGB-mineral,YC6,mineral,coillte,TRUE,AGEID16,11.9,0,0,DISTID3,DISTID1
Cbmix-Conifer,YC10,mineral,private,TRUE,AGEID16,42.6,0,0,DISTID3,DISTID1
FGB,YC6,mineral,private,TRUE,AGEID16,7.1,0,0,DISTID3,DISTID1
Pine13-30,YC13_30,mineral,private,TRUE,AGEID16,85.8,0,0,DISTID3,DISTID1
SGB,YC6,mineral,private,TRUE,AGEID16,133.8,0,0,DISTID3,DISTID1
SNFGB-mineral,YC6,mineral,private,TRUE,AGEID16,86.2,0,0,DISTID3,DISTID1
Pine4-12,YC4_12,peat,coillte,TRUE,AGEID16,100.1,0,0,DISTID3,DISTID1
Spruce4-12,YC4_12,peat,coillte,TRUE,AGEID16,5.1,0,0,DISTID3,DISTID1
SNFGB-peat,YC6,peat,private,TRUE,AGEID16,16.4,0,0,DISTID3,DISTID1
Cbmix-Conifer,YC10,mineral,coillte,TRUE,AGEID17,35.0,0,0,DISTID3,DISTID1
SGB,YC6,mineral,coillte,TRUE,AGEID17,56.9,0,0,DISTID3,DISTID1
SNFGB-mineral,YC6,mineral,coillte,TRUE,AGEID17,10.9,0,0,DISTID3,DISTID1
Cbmix-Bl,YC10,mineral,private,TRUE,AGEID17,52.0,0,0,DISTID3,DISTID1
FGB,YC6,mineral,private,TRUE,AGEID17,46.8,0,0,DISTID3,DISTID1
OC,YC10,mineral,private,TRUE,AGEID17,5.6,0,0,DISTID3,DISTID1
SGB,YC6,mineral,private,TRUE,AGEID17,32.8,0,0,DISTID3,DISTID1
SNFGB-mineral,YC6,mineral,private,TRUE,AGEID17,172.0,0,0,DISTID3,DISTID1
SNFGB-peat,YC6,peat,private,TRUE,AGEID17,8.5,0,0,DISTID3,DISTID1
Cbmix-Bl,YC10,mineral,coillte,TRUE,AGEID18,21.3,0,0,DISTID3,DISTID1
OC,YC10,mineral,coillte,TRUE,AGEID18,100.1,0,0,DISTID3,DISTID1
SGB,YC6,mineral,coillte,TRUE,AGEID18,167.9,0,0,DISTID3,DISTID1
SNFGB-mineral,YC6,mineral,coillte,TRUE,AGEID18,0.0,0,0,DISTID3,DISTID1
Cbmix-Conifer,YC10,mineral,private,TRUE,AGEID18,3.2,0,0,DISTID3,DISTID1
FGB,YC6,mineral,private,TRUE,AGEID18,6.6,0,0,DISTID3,DISTID1
SGB,YC6,mineral,private,TRUE,AGEID18,46.5,0,0,DISTID3,DISTID1
SNFGB-mineral,YC6,mineral,private,TRUE,AGEID18,227.3,0,0,DISTID3,DISTID1
Cbmix-Bl,YC10,mineral,coillte,TRUE,AGEID19,8.3,0,0,DISTID3,DISTID1
FGB,YC6,mineral,coillte,TRUE,AGEID19,24.2,0,0,DISTID3,DISTID1
SGB,YC6,mineral,coillte,TRUE,AGEID19,93.3,0,0,DISTID3,DISTID1
SNFGB-mineral,YC6,mineral,coillte,TRUE,AGEID19,77.8,0,0,DISTID3,DISTID1
Cbmix-Bl,YC10,mineral,private,TRUE,AGEID19,51.6,0,0,DISTID3,DISTID1
FGB,YC6,mineral,private,TRUE,AGEID19,25.8,0,0,DISTID3,DISTID1
SGB,YC6,mineral,private,TRUE,AGEID19,18.5,0,0,DISTID3,DISTID1
SNFGB-mineral,YC6,mineral,private,TRUE,AGEID19,271.9,0,0,DISTID3,DISTID1
SNFGB-peat,YC6,peat,private,TRUE,AGEID19,13.9,0,0,DISTID3,DISTID1
FGB,YC6,mineral,coillte,TRUE,AGEID20,23.7,0,0,DISTID3,DISTID1
Cbmix-Bl,YC10,mineral,private,TRUE,AGEID20,29.6,0,0,DISTID3,DISTID1
FGB,YC6,mineral,private,TRUE,AGEID20,5.8,0,0,DISTID3,DISTID1
OC,YC10,mineral,private,TRUE,AGEID20,21.0,0,0,DISTID3,DISTID1
SGB,YC6,mineral,private,TRUE,AGEID20,98.7,0,0,DISTID3,DISTID1
SNFGB-mineral,YC6,mineral,private,TRUE,AGEID20,29.3,0,0,DISTID3,DISTID1
Cbmix-Bl,YC10,mineral,coillte,TRUE,AGEID20,5.2,0,0,DISTID3,DISTID1
FGB,YC6,mineral,coillte,TRUE,AGEID20,0.0,0,0,DISTID3,DISTID1
SGB,YC6,mineral,coillte,TRUE,AGEID20,0.0,0,0,DISTID3,DISTID1
Cbmix-Bl,YC10,mineral,private,TRUE,AGEID20,4.5,0,0,DISTID3,DISTID1
Pine4-12,YC4_12,mineral,private,TRUE,AGEID20,0.0,0,0,DISTID3,DISTID1
SGB,YC6,mineral,private,TRUE,AGEID20,67.2,0,0,DISTID3,DISTID1
SNFGB-mineral,YC6,mineral,private,TRUE,AGEID20,9.8,0,0,DISTID3,DISTID1
FGB,YC6,mineral,coillte,TRUE,AGEID20,56.1,0,0,DISTID3,DISTID1
SNFGB-mineral,YC6,mineral,coillte,TRUE,AGEID20,10.2,0,0,DISTID3,DISTID1
FGB,YC6,mineral,private,TRUE,AGEID20,22.2,0,0,DISTID3,DISTID1
SGB,YC6,mineral,private,TRUE,AGEID20,89.3,0,0,DISTID3,DISTID1
SNFGB-mineral,YC6,mineral,private,TRUE,AGEID20,23.8,0,0,DISTID3,DISTID1
SNFGB-peat,YC6,peat,private,TRUE,AGEID20,100.1,0,0,DISTID3,DISTID1
Cbmix-Bl,YC10,mineral,coillte,TRUE,AGEID20,10.6,0,0,DISTID3,DISTID1
FGB,YC6,mineral,coillte,TRUE,AGEID20,50.9,0,0,DISTID3,DISTID1
SGB,YC6,mineral,coillte,TRUE,AGEID20,37.5,0,0,DISTID3,DISTID1
SNFGB-mineral,YC6,mineral,coillte,TRUE,AGEID20,30.9,0,0,DISTID3,DISTID1
Cbmix-Bl,YC10,mineral,private,TRUE,AGEID20,75.1,0,0,DISTID3,DISTID1
FGB,YC6,mineral,private,TRUE,AGEID20,20.8,0,0,DISTID3,DISTID1
Pine4-12,YC4_12,mineral,private,TRUE,AGEID20,84.9,0,0,DISTID3,DISTID1
SNFGB-mineral,YC6,mineral,private,TRUE,AGEID20,61.5,0,0,DISTID3,DISTID1
SGB,YC6,mineral,coillte,TRUE,AGEID20,13.2,0,0,DISTID3,DISTID1
FGB,YC6,mineral,private,TRUE,AGEID20,16.0,0,0,DISTID3,DISTID1
SGB,YC6,mineral,private,TRUE,AGEID20,16.2,0,0,DISTID3,DISTID1
SNFGB-mineral,YC6,mineral,private,TRUE,AGEID20,16.6,0,0,DISTID3,DISTID1
SGB,YC6,mineral,coillte,TRUE,AGEID20,0.0,0,0,DISTID3,DISTID1
SNFGB-mineral,YC6,mineral,private,TRUE,AGEID20,62.0,0,0,DISTID3,DISTID1
FGB,YC6,mineral,private,TRUE,AGEID20,10.8,0,0,DISTID3,DISTID1
SNFGB-mineral,YC6,mineral,private,TRUE,AGEID20,18.0,0,0,DISTID3,DISTID1
Cbmix-Conifer,YC10,mineral,coillte,TRUE,AGEID20,9.2,0,0,DISTID3,DISTID1
SGB,YC6,mineral,coillte,TRUE,AGEID20,11.9,0,0,DISTID3,DISTID1
SGB,YC6,mineral,private,TRUE,AGEID20,17.3,0,0,DISTID3,DISTID1
SNFGB-mineral,YC6,mineral,private,TRUE,AGEID20,80.5,0,0,DISTID3,DISTID1
SGB,YC6,mineral,private,TRUE,AGEID20,27.7,0,0,DISTID3,DISTID1
Spruce4-12,YC4_12,peat,coillte,TRUE,AGEID20,10.2,0,0,DISTID3,DISTID1
SGB,YC6,mineral,private,TRUE,AGEID20,87.8,0,0,DISTID3,DISTID1
SNFGB-mineral,YC6,mineral,private,TRUE,AGEID20,37.9,0,0,DISTID3,DISTID1
SGB,YC6,mineral,private,TRUE,AGEID20,18.2,0,0,DISTID3,DISTID1
SGB,YC6,mineral,coillte,TRUE,AGEID20,17.7,0,0,DISTID3,DISTID1
SNFGB-mineral,YC6,mineral,coillte,TRUE,AGEID20,18.8,0,0,DISTID3,DISTID1
SGB,YC6,mineral,private,TRUE,AGEID20,0.0,0,0,DISTID3,DISTID1
SGB,YC6,mineral,coillte,TRUE,AGEID20,0.0,0,0,DISTID3,DISTID1
SGB,YC6,mineral,private,TRUE,AGEID20,41.0,0,0,DISTID3,DISTID1
SGB,YC6,mineral,coillte,TRUE,AGEID20,226.8,0,0,DISTID3,DISTID1
SGB,YC6,mineral,private,TRUE,AGEID20,97.7,0,0,DISTID3,DISTID1
SNFGB-mineral,YC6,mineral,private,TRUE,AGEID20,31.3,0,0,DISTID3,DISTID1
FGB,YC6,mineral,private,TRUE,AGEID20,14.6,0,0,DISTID3,DISTID1
SGB,YC6,mineral,private,TRUE,AGEID20,40.9,0,0,DISTID3,DISTID1
SNFGB-mineral,YC6,mineral,private,TRUE,AGEID20,13.7,0,0,DISTID3,DISTID1
SGB,YC6,mineral,coillte,TRUE,AGEID20,0.0,0,0,DISTID3,DISTID1
SGB,YC6,mineral,coillte,TRUE,AGEID20,51.5,0,0,DISTID3,DISTID1
SGB,YC6,mineral,private,TRUE,AGEID20,0.0,0,0,DISTID3,DISTID1
SGB,YC6,mineral,coillte,TRUE,AGEID20,100.1,0,0,DISTID3,DISTID1
FGB,YC6,mineral,private,TRUE,AGEID20,17.9,0,0,DISTID3,DISTID1
SGB,YC6,mineral,private,TRUE,AGEID20,209.3,0,0,DISTID3,DISTID1
SGB,YC6,mineral,coillte,TRUE,AGEID20,34.4,0,0,DISTID3,DISTID1
SGB,YC6,mineral,private,TRUE,AGEID20,46.0,0,0,DISTID3,DISTID1
Spruce4-12,YC4_12,mineral,coillte,TRUE,AGEID0,136.9,0,0,DISTID3,DISTID1
Spruce4-12,YC4_12,peat,coillte,TRUE,AGEID0,253.3,0,0,DISTID3,DISTID1
Spruce4-12,YC4_12,mineral,private,TRUE,AGEID0,17.1,0,0,DISTID3,DISTID1
Spruce4-12,YC4_12,peat,private,TRUE,AGEID0,44.5,0,0,DISTID3,DISTID1
Spruce25-32-thin,YC25_32,mineral,coillte,TRUE,AGEID0,29.4,0,0,DISTID3,DISTID1
Spruce25-32-thin,YC25_32,peat,coillte,TRUE,AGEID0,9.0,0,0,DISTID3,DISTID1
Spruce25-32-thin,YC25_32,mineral,private,TRUE,AGEID0,2.3,0,0,DISTID3,DISTID1
Spruce25-32-nothin,YC25_32,mineral,coillte,TRUE,AGEID0,15.1,0,0,DISTID3,DISTID1
Spruce25-32-nothin,YC25_32,peat,coillte,TRUE,AGEID0,4.7,0,0,DISTID3,DISTID1
Spruce25-32-nothin,YC25_32,mineral,private,TRUE,AGEID0,1.2,0,0,DISTID3,DISTID1
Spruce21-24-thin,YC21_24,mineral,coillte,TRUE,AGEID0,131.0,0,0,DISTID3,DISTID1
Spruce21-24-thin,YC21_24,peat,coillte,TRUE,AGEID0,42.9,0,0,DISTID3,DISTID1
Spruce21-24-thin,YC21_24,mineral,private,TRUE,AGEID0,18.1,0,0,DISTID3,DISTID1
Spruce21-24-nothin,YC21_24,mineral,coillte,TRUE,AGEID0,67.5,0,0,DISTID3,DISTID1
Spruce21-24-nothin,YC21_24,peat,coillte,TRUE,AGEID0,22.1,0,0,DISTID3,DISTID1
Spruce21-24-nothin,YC21_24,mineral,private,TRUE,AGEID0,9.3,0,0,DISTID3,DISTID1
Spruce17-20-thin,YC17_20,mineral,coillte,TRUE,AGEID0,131.0,0,0,DISTID3,DISTID1
Spruce17-20-thin,YC17_20,peat,coillte,TRUE,AGEID0,81.3,0,0,DISTID3,DISTID1
Spruce17-20-thin,YC17_20,mineral,private,TRUE,AGEID0,9.0,0,0,DISTID3,DISTID1
Spruce17-20-thin,YC17_20,peat,private,TRUE,AGEID0,4.5,0,0,DISTID3,DISTID1
Spruce17-20-nothin,YC17_20,mineral,coillte,TRUE,AGEID0,67.5,0,0,DISTID3,DISTID1
Spruce17-20-nothin,YC17_20,peat,coillte,TRUE,AGEID0,41.9,0,0,DISTID3,DISTID1
Spruce17-20-nothin,YC17_20,mineral,private,TRUE,AGEID0,4.7,0,0,DISTID3,DISTID1
Spruce17-20-nothin,YC17_20,peat,private,TRUE,AGEID0,2.3,0,0,DISTID3,DISTID1
Spruce13-16,YC13_16,mineral,coillte,TRUE,AGEID0,150.6,0,0,DISTID3,DISTID1
Spruce13-16,YC13_16,peat,coillte,TRUE,AGEID0,147.2,0,0,DISTID3,DISTID1
Spruce13-16,YC13_16,mineral,private,TRUE,AGEID0,13.7,0,0,DISTID3,DISTID1
Spruce13-16,YC13_16,peat,private,TRUE,AGEID0,6.8,0,0,DISTID3,DISTID1
SGB,YC6,mineral,coillte,TRUE,AGEID0,85.6,0,0,DISTID3,DISTID1
SGB,YC6,mineral,private,TRUE,AGEID0,95.8,0,0,DISTID3,DISTID1
Pine4-12,YC4_12,mineral,coillte,TRUE,AGEID0,27.4,0,0,DISTID3,DISTID1
Pine4-12,YC4_12,peat,coillte,TRUE,AGEID0,119.8,0,0,DISTID3,DISTID1
Pine4-12,YC4_12,mineral,private,TRUE,AGEID0,10.3,0,0,DISTID3,DISTID1
Pine4-12,YC4_12,peat,private,TRUE,AGEID0,24.0,0,0,DISTID3,DISTID1
Pine13-30,YC13_30,mineral,coillte,TRUE,AGEID0,34.2,0,0,DISTID3,DISTID1
Pine13-30,YC13_30,peat,coillte,TRUE,AGEID0,95.8,0,0,DISTID3,DISTID1
Pine13-30,YC13_30,mineral,private,TRUE,AGEID0,3.4,0,0,DISTID3,DISTID1
Pine13-30,YC13_30,peat,private,TRUE,AGEID0,3.4,0,0,DISTID3,DISTID1
OC,YC10,mineral,coillte,TRUE,AGEID0,85.6,0,0,DISTID3,DISTID1
OC,YC10,peat,coillte,TRUE,AGEID0,6.8,0,0,DISTID3,DISTID1
OC,YC10,mineral,private,TRUE,AGEID0,24.0,0,0,DISTID3,DISTID1
FGB,YC6,mineral,coillte,TRUE,AGEID0,119.8,0,0,DISTID3,DISTID1
FGB,YC6,peat,coillte,TRUE,AGEID0,54.8,0,0,DISTID3,DISTID1
FGB,YC6,mineral,private,TRUE,AGEID0,41.1,0,0,DISTID3,DISTID1
FGB,YC6,peat,private,TRUE,AGEID0,3.4,0,0,DISTID3,DISTID1
Cmix,YC10,mineral,coillte,TRUE,AGEID0,130.1,0,0,DISTID3,DISTID1
Cmix,YC10,peat,coillte,TRUE,AGEID0,82.2,0,0,DISTID3,DISTID1
Cmix,YC10,mineral,private,TRUE,AGEID0,24.0,0,0,DISTID3,DISTID1
Cmix,YC10,peat,private,TRUE,AGEID0,3.4,0,0,DISTID3,DISTID1
Cbmix-Conifer,YC10,mineral,coillte,TRUE,AGEID0,95.8,0,0,DISTID3,DISTID1
Cbmix-Conifer,YC10,peat,coillte,TRUE,AGEID0,54.8,0,0,DISTID3,DISTID1
Cbmix-Conifer,YC10,mineral,private,TRUE,AGEID0,27.4,0,0,DISTID3,DISTID1
Cbmix-Conifer,YC10,peat,private,TRUE,AGEID0,13.7,0,0,DISTID3,DISTID1
Cbmix-Bl,YC10,mineral,coillte,TRUE,AGEID0,82.2,0,0,DISTID3,DISTID1
Cbmix-Bl,YC10,peat,coillte,TRUE,AGEID0,41.1,0,0,DISTID3,DISTID1
Cbmix-Bl,YC10,mineral,private,TRUE,AGEID0,34.2,0,0,DISTID3,DISTID1
Cbmix-Bl,YC10,peat,private,TRUE,AGEID0,13.7,0,0,DISTID3,DISTID1
Pine13-30,YC13_30,mineral,coillte,TRUE,AGEID4,27.5,0,0,DISTID3,DISTID1
Pine4-12,YC4_12,mineral,coillte,TRUE,AGEID4,109.8,0,0,DISTID3,DISTID1
SGB,YC6,mineral,coillte,TRUE,AGEID4,37.7,0,0,DISTID3,DISTID1
SNFGB-mineral,YC6,mineral,coillte,TRUE,AGEID4,165.1,0,0,DISTID3,DISTID1
Spruce13-16,YC13_16,mineral,coillte,TRUE,AGEID4,489.3,0,0,DISTID3,DISTID1
Spruce4-12,YC4_12,mineral,coillte,TRUE,AGEID4,300.3,0,0,DISTID3,DISTID1
Cbmix-Bl,YC10,mineral,private,TRUE,AGEID4,117.0,0,0,DISTID3,DISTID1
Cbmix-Conifer,YC10,mineral,private,TRUE,AGEID4,17.3,0,0,DISTID3,DISTID1
Cmix,YC10,mineral,private,TRUE,AGEID4,3.6,0,0,DISTID3,DISTID1
FGB,YC6,mineral,private,TRUE,AGEID4,136.2,0,0,DISTID3,DISTID1
Pine13-30,YC13_30,mineral,private,TRUE,AGEID4,2.5,0,0,DISTID3,DISTID1
SGB,YC6,mineral,private,TRUE,AGEID4,89.0,0,0,DISTID3,DISTID1
SNFGB-mineral,YC6,mineral,private,TRUE,AGEID4,910.2,0,0,DISTID3,DISTID1
Cbmix-Bl,YC10,peat,coillte,TRUE,AGEID4,264.5,0,0,DISTID3,DISTID1
Spruce13-16,YC13_16,peat,coillte,TRUE,AGEID3,441.3,0,0,DISTID3,DISTID1
Spruce4-12,YC4_12,peat,coillte,TRUE,AGEID3,390.6,0,0,DISTID3,DISTID1
Cbmix-Bl,YC10,peat,private,TRUE,AGEID3,100.1,0,0,DISTID3,DISTID1
Pine4-12,YC4_12,peat,private,TRUE,AGEID3,16.5,0,0,DISTID3,DISTID1
SNFGB-peat,YC6,peat,private,TRUE,AGEID3,306.9,0,0,DISTID3,DISTID1
Spruce4-12,YC4_12,peat,private,TRUE,AGEID3,3.5,0,0,DISTID3,DISTID1
Spruce17-20-thin,YC17_20,mineral,coillte,TRUE,AGEID3,659.5,0,0,DISTID3,DISTID1
Spruce21-24-thin,YC21_24,mineral,coillte,TRUE,AGEID3,444.3,0,0,DISTID3,DISTID1
Spruce25-32-thin,YC25_32,mineral,coillte,TRUE,AGEID3,262.2,0,0,DISTID3,DISTID1
Spruce17-20-thin,YC17_20,mineral,private,TRUE,AGEID3,66.1,0,0,DISTID3,DISTID1
Spruce17-20-thin,YC17_20,peat,coillte,TRUE,AGEID3,519.5,0,0,DISTID3,DISTID1
Spruce21-24-thin,YC21_24,peat,coillte,TRUE,AGEID3,65.5,0,0,DISTID3,DISTID1
Spruce25-32-thin,YC25_32,peat,coillte,TRUE,AGEID3,62.3,0,0,DISTID3,DISTID1
Spruce17-20-nothin,YC17_20,mineral,coillte,TRUE,AGEID3,339.7,0,0,DISTID3,DISTID1
Spruce21-24-nothin,YC21_24,mineral,coillte,TRUE,AGEID3,228.9,0,0,DISTID3,DISTID1
Spruce25-32-nothin,YC25_32,mineral,coillte,TRUE,AGEID3,135.1,0,0,DISTID3,DISTID1
Spruce17-20-nothin,YC17_20,mineral,private,TRUE,AGEID3,34.0,0,0,DISTID3,DISTID1
Spruce17-20-nothin,YC17_20,peat,coillte,TRUE,AGEID3,267.6,0,0,DISTID3,DISTID1
Spruce21-24-nothin,YC21_24,peat,coillte,TRUE,AGEID3,33.7,0,0,DISTID3,DISTID1
Spruce25-32-nothin,YC25_32,peat,coillte,TRUE,AGEID3,32.1,0,0,DISTID3,DISTID1
Cbmix-Bl,YC10,mineral,coillte,TRUE,AGEID4,319.7,0,0,DISTID3,DISTID1
Cbmix-Conifer,YC10,mineral,coillte,TRUE,AGEID4,310.0,0,0,DISTID3,DISTID1
Cmix,YC10,mineral,coillte,TRUE,AGEID4,697.2,0,0,DISTID3,DISTID1
FGB,YC6,mineral,coillte,TRUE,AGEID4,308.5,0,0,DISTID3,DISTID1
OC,YC10,mineral,coillte,TRUE,AGEID4,479.2,0,0,DISTID3,DISTID1
Spruce4-12,YC4_12,mineral,coillte,TRUE,AGEID5,100.1,0,0,DISTID3,DISTID1
Cbmix-Bl,YC10,mineral,private,TRUE,AGEID5,20.1,0,0,DISTID3,DISTID1
Cbmix-Conifer,YC10,mineral,private,TRUE,AGEID5,8.3,0,0,DISTID3,DISTID1
Cmix,YC10,mineral,private,TRUE,AGEID5,0.0,0,0,DISTID3,DISTID1
FGB,YC6,mineral,private,TRUE,AGEID5,5.5,0,0,DISTID3,DISTID1
OC,YC10,mineral,private,TRUE,AGEID5,100.1,0,0,DISTID3,DISTID1
Pine4-12,YC4_12,mineral,private,TRUE,AGEID5,0.0,0,0,DISTID3,DISTID1
SGB,YC6,mineral,private,TRUE,AGEID5,69.2,0,0,DISTID3,DISTID1
SNFGB-mineral,YC6,mineral,private,TRUE,AGEID5,694.3,0,0,DISTID3,DISTID1
Spruce4-12,YC4_12,mineral,private,TRUE,AGEID5,0.0,0,0,DISTID3,DISTID1
Cbmix-Bl,YC10,peat,coillte,TRUE,AGEID5,8.9,0,0,DISTID3,DISTID1
Cbmix-Conifer,YC10,peat,coillte,TRUE,AGEID5,3.1,0,0,DISTID3,DISTID1
FGB,YC6,peat,coillte,TRUE,AGEID5,74.5,0,0,DISTID3,DISTID1
OC,YC10,peat,coillte,TRUE,AGEID5,88.9,0,0,DISTID3,DISTID1
SNFGB-peat,YC6,peat,coillte,TRUE,AGEID5,191.5,0,0,DISTID3,DISTID1
Spruce13-16,YC13_16,peat,coillte,TRUE,AGEID5,105.6,0,0,DISTID3,DISTID1
Spruce4-12,YC4_12,peat,coillte,TRUE,AGEID5,22.9,0,0,DISTID3,DISTID1
Cbmix-Bl,YC10,peat,private,TRUE,AGEID5,7.6,0,0,DISTID3,DISTID1
Cbmix-Conifer,YC10,peat,private,TRUE,AGEID5,54.8,0,0,DISTID3,DISTID1
Pine4-12,YC4_12,peat,private,TRUE,AGEID5,95.6,0,0,DISTID3,DISTID1
SNFGB-peat,YC6,peat,private,TRUE,AGEID5,450.5,0,0,DISTID3,DISTID1
Spruce13-16,YC13_16,peat,private,TRUE,AGEID5,0.0,0,0,DISTID3,DISTID1
Spruce17-20-thin,YC17_20,mineral,coillte,TRUE,AGEID5,718.7,0,0,DISTID3,DISTID1
Spruce21-24-thin,YC21_24,mineral,coillte,TRUE,AGEID5,901.3,0,0,DISTID3,DISTID1
Spruce25-32-thin,YC25_32,mineral,coillte,TRUE,AGEID5,261.3,0,0,DISTID3,DISTID1
Spruce17-20-thin,YC17_20,mineral,private,TRUE,AGEID5,0.0,0,0,DISTID3,DISTID1
Spruce21-24-thin,YC21_24,mineral,private,TRUE,AGEID5,66.1,0,0,DISTID3,DISTID1
Spruce25-32-thin,YC25_32,mineral,private,TRUE,AGEID5,0.0,0,0,DISTID3,DISTID1
Spruce17-20-thin,YC17_20,peat,coillte,TRUE,AGEID5,230.8,0,0,DISTID3,DISTID1
Spruce21-24-thin,YC21_24,peat,coillte,TRUE,AGEID5,0.9,0,0,DISTID3,DISTID1
Spruce17-20-thin,YC17_20,peat,private,TRUE,AGEID5,0.0,0,0,DISTID3,DISTID1
Spruce17-20-nothin,YC17_20,mineral,coillte,TRUE,AGEID5,370.2,0,0,DISTID3,DISTID1
Spruce21-24-nothin,YC21_24,mineral,coillte,TRUE,AGEID5,464.3,0,0,DISTID3,DISTID1
Spruce25-32-nothin,YC25_32,mineral,coillte,TRUE,AGEID5,134.6,0,0,DISTID3,DISTID1
Spruce17-20-nothin,YC17_20,mineral,private,TRUE,AGEID5,0.0,0,0,DISTID3,DISTID1
Spruce21-24-nothin,YC21_24,mineral,private,TRUE,AGEID5,34.0,0,0,DISTID3,DISTID1
Spruce25-32-nothin,YC25_32,mineral,private,TRUE,AGEID5,0.0,0,0,DISTID3,DISTID1
Spruce17-20-nothin,YC17_20,peat,coillte,TRUE,AGEID5,118.9,0,0,DISTID3,DISTID1
Spruce21-24-nothin,YC21_24,peat,coillte,TRUE,AGEID5,0.4,0,0,DISTID3,DISTID1
Spruce17-20-nothin,YC17_20,peat,private,TRUE,AGEID5,0.0,0,0,DISTID3,DISTID1
Cbmix-Bl,YC10,mineral,coillte,TRUE,AGEID6,118.8,0,0,DISTID3,DISTID1
Cbmix-Conifer,YC10,mineral,coillte,TRUE,AGEID6,635.9,0,0,DISTID3,DISTID1
Cmix,YC10,mineral,coillte,TRUE,AGEID6,584.3,0,0,DISTID3,DISTID1
FGB,YC6,mineral,coillte,TRUE,AGEID6,190.0,0,0,DISTID3,DISTID1
OC,YC10,mineral,coillte,TRUE,AGEID6,203.8,0,0,DISTID3,DISTID1
Pine13-30,YC13_30,mineral,coillte,TRUE,AGEID6,200.2,0,0,DISTID3,DISTID1
SGB,YC6,mineral,coillte,TRUE,AGEID6,47.0,0,0,DISTID3,DISTID1
SNFGB-mineral,YC6,mineral,coillte,TRUE,AGEID6,65.8,0,0,DISTID3,DISTID1
Spruce13-16,YC13_16,mineral,coillte,TRUE,AGEID6,871.6,0,0,DISTID3,DISTID1
Spruce4-12,YC4_12,mineral,coillte,TRUE,AGEID6,0.0,0,0,DISTID3,DISTID1
Cbmix-Bl,YC10,mineral,private,TRUE,AGEID6,20.3,0,0,DISTID3,DISTID1
Cbmix-Conifer,YC10,mineral,private,TRUE,AGEID6,176.0,0,0,DISTID3,DISTID1
Cmix,YC10,mineral,private,TRUE,AGEID6,162.1,0,0,DISTID3,DISTID1
FGB,YC6,mineral,private,TRUE,AGEID6,238.1,0,0,DISTID3,DISTID1
OC,YC10,mineral,private,TRUE,AGEID6,188.2,0,0,DISTID3,DISTID1
Pine13-30,YC13_30,mineral,private,TRUE,AGEID6,1.9,0,0,DISTID3,DISTID1
SGB,YC6,mineral,private,TRUE,AGEID6,92.8,0,0,DISTID3,DISTID1
SNFGB-mineral,YC6,mineral,private,TRUE,AGEID6,971.4,0,0,DISTID3,DISTID1
Spruce13-16,YC13_16,mineral,private,TRUE,AGEID6,200.2,0,0,DISTID3,DISTID1
Spruce4-12,YC4_12,mineral,private,TRUE,AGEID6,100.1,0,0,DISTID3,DISTID1
Cbmix-Bl,YC10,peat,coillte,TRUE,AGEID6,6.8,0,0,DISTID3,DISTID1
Cbmix-Conifer,YC10,peat,coillte,TRUE,AGEID6,98.3,0,0,DISTID3,DISTID1
Cmix,YC10,peat,coillte,TRUE,AGEID6,500.1,0,0,DISTID3,DISTID1
FGB,YC6,peat,coillte,TRUE,AGEID6,81.3,0,0,DISTID3,DISTID1
Pine13-30,YC13_30,peat,coillte,TRUE,AGEID6,0.0,0,0,DISTID3,DISTID1
Pine4-12,YC4_12,peat,coillte,TRUE,AGEID6,296.9,0,0,DISTID3,DISTID1
SNFGB-peat,YC6,peat,coillte,TRUE,AGEID6,169.4,0,0,DISTID3,DISTID1
Spruce13-16,YC13_16,peat,coillte,TRUE,AGEID6,533.0,0,0,DISTID3,DISTID1
Spruce4-12,YC4_12,peat,coillte,TRUE,AGEID6,1365.4,0,0,DISTID3,DISTID1
Cbmix-Bl,YC10,peat,private,TRUE,AGEID6,5.1,0,0,DISTID3,DISTID1
Cmix,YC10,peat,private,TRUE,AGEID6,100.1,0,0,DISTID3,DISTID1
FGB,YC6,peat,private,TRUE,AGEID6,0.0,0,0,DISTID3,DISTID1
Pine4-12,YC4_12,peat,private,TRUE,AGEID6,82.8,0,0,DISTID3,DISTID1
SNFGB-peat,YC6,peat,private,TRUE,AGEID6,286.7,0,0,DISTID3,DISTID1
Spruce13-16,YC13_16,peat,private,TRUE,AGEID6,200.2,0,0,DISTID3,DISTID1
Spruce4-12,YC4_12,peat,private,TRUE,AGEID6,645.1,0,0,DISTID3,DISTID1
Spruce17-20-thin,YC17_20,mineral,coillte,TRUE,AGEID6,997.3,0,0,DISTID3,DISTID1
Spruce21-24-thin,YC21_24,mineral,coillte,TRUE,AGEID6,1053.6,0,0,DISTID3,DISTID1
Spruce25-32-thin,YC25_32,mineral,coillte,TRUE,AGEID6,66.1,0,0,DISTID3,DISTID1
Spruce17-20-thin,YC17_20,mineral,private,TRUE,AGEID6,132.1,0,0,DISTID3,DISTID1
Spruce21-24-thin,YC21_24,mineral,private,TRUE,AGEID6,462.5,0,0,DISTID3,DISTID1
Spruce25-32-thin,YC25_32,mineral,private,TRUE,AGEID6,66.1,0,0,DISTID3,DISTID1
Spruce17-20-thin,YC17_20,peat,coillte,TRUE,AGEID6,136.5,0,0,DISTID3,DISTID1
Spruce21-24-thin,YC21_24,peat,coillte,TRUE,AGEID6,193.3,0,0,DISTID3,DISTID1
Spruce25-32-thin,YC25_32,peat,coillte,TRUE,AGEID6,63.2,0,0,DISTID3,DISTID1
Spruce17-20-thin,YC17_20,peat,private,TRUE,AGEID6,66.8,0,0,DISTID3,DISTID1
Spruce17-20-nothin,YC17_20,mineral,coillte,TRUE,AGEID6,513.8,0,0,DISTID3,DISTID1
Spruce21-24-nothin,YC21_24,mineral,coillte,TRUE,AGEID6,542.7,0,0,DISTID3,DISTID1
Spruce25-32-nothin,YC25_32,mineral,coillte,TRUE,AGEID6,34.0,0,0,DISTID3,DISTID1
Spruce17-20-nothin,YC17_20,mineral,private,TRUE,AGEID6,68.1,0,0,DISTID3,DISTID1
Spruce21-24-nothin,YC21_24,mineral,private,TRUE,AGEID6,238.2,0,0,DISTID3,DISTID1
Spruce25-32-nothin,YC25_32,mineral,private,TRUE,AGEID6,34.0,0,0,DISTID3,DISTID1
Spruce17-20-nothin,YC17_20,peat,coillte,TRUE,AGEID6,70.3,0,0,DISTID3,DISTID1
Spruce21-24-nothin,YC21_24,peat,coillte,TRUE,AGEID6,99.6,0,0,DISTID3,DISTID1
Spruce25-32-nothin,YC25_32,peat,coillte,TRUE,AGEID6,32.6,0,0,DISTID3,DISTID1
Spruce17-20-nothin,YC17_20,peat,private,TRUE,AGEID6,34.4,0,0,DISTID3,DISTID1
Cbmix-Bl,YC10,mineral,coillte,TRUE,AGEID7,227.7,0,0,DISTID3,DISTID1
Cbmix-Conifer,YC10,mineral,coillte,TRUE,AGEID7,283.3,0,0,DISTID3,DISTID1
Cmix,YC10,mineral,coillte,TRUE,AGEID7,385.6,0,0,DISTID3,DISTID1
FGB,YC6,mineral,coillte,TRUE,AGEID7,171.6,0,0,DISTID3,DISTID1
OC,YC10,mineral,coillte,TRUE,AGEID7,129.1,0,0,DISTID3,DISTID1
Pine13-30,YC13_30,mineral,coillte,TRUE,AGEID7,112.2,0,0,DISTID3,DISTID1
Pine4-12,YC4_12,mineral,coillte,TRUE,AGEID7,0.0,0,0,DISTID3,DISTID1
SGB,YC6,mineral,coillte,TRUE,AGEID7,121.6,0,0,DISTID3,DISTID1
Cbmix-Conifer,YC10,peat,coillte,TRUE,AGEID4,340.7,0,0,DISTID3,DISTID1
Cmix,YC10,peat,coillte,TRUE,AGEID4,672.7,0,0,DISTID3,DISTID1
FGB,YC6,peat,coillte,TRUE,AGEID4,61.5,0,0,DISTID3,DISTID1
OC,YC10,peat,coillte,TRUE,AGEID4,8.7,0,0,DISTID3,DISTID1
Pine13-30,YC13_30,peat,coillte,TRUE,AGEID4,1.2,0,0,DISTID3,DISTID1
SNFGB-peat,YC6,peat,coillte,TRUE,AGEID4,70.7,0,0,DISTID3,DISTID1
Spruce13-16,YC13_16,peat,coillte,TRUE,AGEID4,94.1,0,0,DISTID3,DISTID1
Spruce4-12,YC4_12,peat,coillte,TRUE,AGEID4,12.3,0,0,DISTID3,DISTID1
Pine4-12,YC4_12,peat,private,TRUE,AGEID4,27.9,0,0,DISTID3,DISTID1
SNFGB-peat,YC6,peat,private,TRUE,AGEID4,410.1,0,0,DISTID3,DISTID1
Spruce4-12,YC4_12,peat,private,TRUE,AGEID4,29.4,0,0,DISTID3,DISTID1
Spruce17-20-thin,YC17_20,mineral,coillte,TRUE,AGEID4,713.4,0,0,DISTID3,DISTID1
Spruce21-24-thin,YC21_24,mineral,coillte,TRUE,AGEID4,826.9,0,0,DISTID3,DISTID1
Spruce25-32-thin,YC25_32,mineral,coillte,TRUE,AGEID4,69.0,0,0,DISTID3,DISTID1
Spruce21-24-thin,YC21_24,mineral,private,TRUE,AGEID4,0.0,0,0,DISTID3,DISTID1
Spruce17-20-thin,YC17_20,peat,coillte,TRUE,AGEID4,396.5,0,0,DISTID3,DISTID1
Spruce21-24-thin,YC21_24,peat,coillte,TRUE,AGEID4,445.1,0,0,DISTID3,DISTID1
Spruce17-20-nothin,YC17_20,mineral,coillte,TRUE,AGEID4,367.5,0,0,DISTID3,DISTID1
Spruce21-24-nothin,YC21_24,mineral,coillte,TRUE,AGEID4,426.0,0,0,DISTID3,DISTID1
Spruce25-32-nothin,YC25_32,mineral,coillte,TRUE,AGEID4,35.6,0,0,DISTID3,DISTID1
Spruce21-24-nothin,YC21_24,mineral,private,TRUE,AGEID4,0.0,0,0,DISTID3,DISTID1
Spruce17-20-nothin,YC17_20,peat,coillte,TRUE,AGEID4,204.3,0,0,DISTID3,DISTID1
Spruce21-24-nothin,YC21_24,peat,coillte,TRUE,AGEID4,229.3,0,0,DISTID3,DISTID1
Cbmix-Bl,YC10,mineral,coillte,TRUE,AGEID5,125.5,0,0,DISTID3,DISTID1
Cbmix-Conifer,YC10,mineral,coillte,TRUE,AGEID5,660.9,0,0,DISTID3,DISTID1
Cmix,YC10,mineral,coillte,TRUE,AGEID5,308.6,0,0,DISTID3,DISTID1
FGB,YC6,mineral,coillte,TRUE,AGEID5,287.2,0,0,DISTID3,DISTID1
OC,YC10,mineral,coillte,TRUE,AGEID5,300.3,0,0,DISTID3,DISTID1
Pine13-30,YC13_30,mineral,coillte,TRUE,AGEID5,0.0,0,0,DISTID3,DISTID1
Pine4-12,YC4_12,mineral,coillte,TRUE,AGEID5,15.2,0,0,DISTID3,DISTID1
SGB,YC6,mineral,coillte,TRUE,AGEID5,111.9,0,0,DISTID3,DISTID1
SNFGB-mineral,YC6,mineral,coillte,TRUE,AGEID5,122.3,0,0,DISTID3,DISTID1
Spruce13-16,YC13_16,mineral,coillte,TRUE,AGEID5,504.3,0,0,DISTID3,DISTID1
Cbmix-Bl,YC10,mineral,coillte,TRUE,AGEID1,335.7,0,0,DISTID3,DISTID1
Cbmix-Conifer,YC10,mineral,coillte,TRUE,AGEID1,230.4,0,0,DISTID3,DISTID1
Cmix,YC10,mineral,coillte,TRUE,AGEID1,86.7,0,0,DISTID3,DISTID1
FGB,YC6,mineral,coillte,TRUE,AGEID1,431.5,0,0,DISTID3,DISTID1
OC,YC10,mineral,coillte,TRUE,AGEID1,12.2,0,0,DISTID3,DISTID1
Pine13-30,YC13_30,mineral,coillte,TRUE,AGEID1,7.0,0,0,DISTID3,DISTID1
Pine4-12,YC4_12,mineral,coillte,TRUE,AGEID1,100.1,0,0,DISTID3,DISTID1
SGB,YC6,mineral,coillte,TRUE,AGEID1,188.1,0,0,DISTID3,DISTID1
SNFGB-mineral,YC6,mineral,coillte,TRUE,AGEID1,17.1,0,0,DISTID3,DISTID1
Spruce13-16,YC13_16,mineral,coillte,TRUE,AGEID1,46.0,0,0,DISTID3,DISTID1
Spruce4-12,YC4_12,mineral,coillte,TRUE,AGEID1,2404.0,0,0,DISTID3,DISTID1
Cbmix-Bl,YC10,mineral,private,TRUE,AGEID1,51.0,0,0,DISTID3,DISTID1
Cbmix-Conifer,YC10,mineral,private,TRUE,AGEID1,36.0,0,0,DISTID3,DISTID1
Cmix,YC10,mineral,private,TRUE,AGEID1,0.5,0,0,DISTID3,DISTID1
FGB,YC6,mineral,private,TRUE,AGEID1,138.6,0,0,DISTID3,DISTID1
OC,YC10,mineral,private,TRUE,AGEID1,25.1,0,0,DISTID3,DISTID1
Pine4-12,YC4_12,mineral,private,TRUE,AGEID1,100.1,0,0,DISTID3,DISTID1
SGB,YC6,mineral,private,TRUE,AGEID1,99.9,0,0,DISTID3,DISTID1
SNFGB-mineral,YC6,mineral,private,TRUE,AGEID1,298.0,0,0,DISTID3,DISTID1
Spruce13-16,YC13_16,mineral,private,TRUE,AGEID1,112.5,0,0,DISTID3,DISTID1
Spruce4-12,YC4_12,mineral,private,TRUE,AGEID1,400.4,0,0,DISTID3,DISTID1
Cbmix-Bl,YC10,peat,coillte,TRUE,AGEID1,159.1,0,0,DISTID3,DISTID1
Cbmix-Conifer,YC10,peat,coillte,TRUE,AGEID1,327.5,0,0,DISTID3,DISTID1
Cmix,YC10,peat,coillte,TRUE,AGEID1,128.6,0,0,DISTID3,DISTID1
FGB,YC6,peat,coillte,TRUE,AGEID1,319.0,0,0,DISTID3,DISTID1
OC,YC10,peat,coillte,TRUE,AGEID1,3.2,0,0,DISTID3,DISTID1
Pine13-30,YC13_30,peat,coillte,TRUE,AGEID1,233.4,0,0,DISTID3,DISTID1
Pine4-12,YC4_12,peat,coillte,TRUE,AGEID1,394.0,0,0,DISTID3,DISTID1
SNFGB-peat,YC6,peat,coillte,TRUE,AGEID1,188.7,0,0,DISTID3,DISTID1
Spruce13-16,YC13_16,peat,coillte,TRUE,AGEID1,109.8,0,0,DISTID3,DISTID1
Spruce4-12,YC4_12,peat,coillte,TRUE,AGEID1,975.7,0,0,DISTID3,DISTID1
Cbmix-Bl,YC10,peat,private,TRUE,AGEID1,100.1,0,0,DISTID3,DISTID1
Cbmix-Conifer,YC10,peat,private,TRUE,AGEID1,56.8,0,0,DISTID3,DISTID1
Pine4-12,YC4_12,peat,private,TRUE,AGEID1,307.8,0,0,DISTID3,DISTID1
SNFGB-peat,YC6,peat,private,TRUE,AGEID1,156.6,0,0,DISTID3,DISTID1
Spruce4-12,YC4_12,peat,private,TRUE,AGEID1,104.9,0,0,DISTID3,DISTID1
Spruce17-20-thin,YC17_20,mineral,coillte,TRUE,AGEID1,5.3,0,0,DISTID3,DISTID1
Spruce21-24-thin,YC21_24,mineral,coillte,TRUE,AGEID1,32.1,0,0,DISTID3,DISTID1
Spruce25-32-thin,YC25_32,mineral,coillte,TRUE,AGEID1,25.4,0,0,DISTID3,DISTID1
Spruce17-20-thin,YC17_20,peat,coillte,TRUE,AGEID1,287.1,0,0,DISTID3,DISTID1
Spruce21-24-thin,YC21_24,peat,coillte,TRUE,AGEID1,271.9,0,0,DISTID3,DISTID1
Spruce25-32-thin,YC25_32,peat,coillte,TRUE,AGEID1,134.7,0,0,DISTID3,DISTID1
Spruce17-20-nothin,YC17_20,mineral,coillte,TRUE,AGEID1,2.7,0,0,DISTID3,DISTID1
Spruce21-24-nothin,YC21_24,mineral,coillte,TRUE,AGEID1,16.6,0,0,DISTID3,DISTID1
Spruce25-32-nothin,YC25_32,mineral,coillte,TRUE,AGEID1,13.1,0,0,DISTID3,DISTID1
Spruce17-20-nothin,YC17_20,peat,coillte,TRUE,AGEID1,147.9,0,0,DISTID3,DISTID1
Spruce21-24-nothin,YC21_24,peat,coillte,TRUE,AGEID1,140.1,0,0,DISTID3,DISTID1
Spruce25-32-nothin,YC25_32,peat,coillte,TRUE,AGEID1,69.4,0,0,DISTID3,DISTID1
Cbmix-Bl,YC10,mineral,coillte,TRUE,AGEID2,88.7,0,0,DISTID3,DISTID1
Cbmix-Conifer,YC10,mineral,coillte,TRUE,AGEID2,118.7,0,0,DISTID3,DISTID1
Cmix,YC10,mineral,coillte,TRUE,AGEID2,518.6,0,0,DISTID3,DISTID1
FGB,YC6,mineral,coillte,TRUE,AGEID2,606.9,0,0,DISTID3,DISTID1
OC,YC10,mineral,coillte,TRUE,AGEID2,104.6,0,0,DISTID3,DISTID1
Pine13-30,YC13_30,mineral,coillte,TRUE,AGEID2,20.7,0,0,DISTID3,DISTID1
Pine4-12,YC4_12,mineral,coillte,TRUE,AGEID2,0.3,0,0,DISTID3,DISTID1
SGB,YC6,mineral,coillte,TRUE,AGEID2,131.2,0,0,DISTID3,DISTID1
SNFGB-mineral,YC6,mineral,coillte,TRUE,AGEID2,109.1,0,0,DISTID3,DISTID1
Spruce13-16,YC13_16,mineral,coillte,TRUE,AGEID2,930.3,0,0,DISTID3,DISTID1
Spruce4-12,YC4_12,mineral,coillte,TRUE,AGEID2,202.3,0,0,DISTID3,DISTID1
Cbmix-Bl,YC10,mineral,private,TRUE,AGEID2,53.3,0,0,DISTID3,DISTID1
Cbmix-Conifer,YC10,mineral,private,TRUE,AGEID2,70.1,0,0,DISTID3,DISTID1
Cmix,YC10,mineral,private,TRUE,AGEID2,56.8,0,0,DISTID3,DISTID1
FGB,YC6,mineral,private,TRUE,AGEID2,120.2,0,0,DISTID3,DISTID1
OC,YC10,mineral,private,TRUE,AGEID2,10.4,0,0,DISTID3,DISTID1
Pine13-30,YC13_30,mineral,private,TRUE,AGEID2,0.4,0,0,DISTID3,DISTID1
SGB,YC6,mineral,private,TRUE,AGEID2,135.3,0,0,DISTID3,DISTID1
SNFGB-mineral,YC6,mineral,private,TRUE,AGEID2,491.1,0,0,DISTID3,DISTID1
Cbmix-Bl,YC10,peat,coillte,TRUE,AGEID2,312.5,0,0,DISTID3,DISTID1
Cbmix-Conifer,YC10,peat,coillte,TRUE,AGEID2,71.2,0,0,DISTID3,DISTID1
Cmix,YC10,peat,coillte,TRUE,AGEID2,168.3,0,0,DISTID3,DISTID1
FGB,YC6,peat,coillte,TRUE,AGEID2,431.2,0,0,DISTID3,DISTID1
OC,YC10,peat,coillte,TRUE,AGEID2,96.8,0,0,DISTID3,DISTID1
Pine13-30,YC13_30,peat,coillte,TRUE,AGEID2,191.4,0,0,DISTID3,DISTID1
Pine4-12,YC4_12,peat,coillte,TRUE,AGEID2,474.3,0,0,DISTID3,DISTID1
SNFGB-peat,YC6,peat,coillte,TRUE,AGEID2,70.2,0,0,DISTID3,DISTID1
Spruce13-16,YC13_16,peat,coillte,TRUE,AGEID2,225.5,0,0,DISTID3,DISTID1
Spruce4-12,YC4_12,peat,coillte,TRUE,AGEID2,114.9,0,0,DISTID3,DISTID1
Cbmix-Bl,YC10,peat,private,TRUE,AGEID2,19.7,0,0,DISTID3,DISTID1
Cbmix-Conifer,YC10,peat,private,TRUE,AGEID2,216.3,0,0,DISTID3,DISTID1
Pine4-12,YC4_12,peat,private,TRUE,AGEID2,25.5,0,0,DISTID3,DISTID1
SNFGB-peat,YC6,peat,private,TRUE,AGEID2,143.5,0,0,DISTID3,DISTID1
Spruce4-12,YC4_12,peat,private,TRUE,AGEID2,6.5,0,0,DISTID3,DISTID1
Spruce17-20-thin,YC17_20,mineral,coillte,TRUE,AGEID2,208.2,0,0,DISTID3,DISTID1
Spruce21-24-thin,YC21_24,mineral,coillte,TRUE,AGEID2,358.2,0,0,DISTID3,DISTID1
Spruce25-32-thin,YC25_32,mineral,coillte,TRUE,AGEID2,41.5,0,0,DISTID3,DISTID1
Spruce17-20-thin,YC17_20,peat,coillte,TRUE,AGEID2,351.3,0,0,DISTID3,DISTID1
Spruce21-24-thin,YC21_24,peat,coillte,TRUE,AGEID2,210.3,0,0,DISTID3,DISTID1
Spruce25-32-thin,YC25_32,peat,coillte,TRUE,AGEID2,4.1,0,0,DISTID3,DISTID1
Spruce17-20-nothin,YC17_20,mineral,coillte,TRUE,AGEID2,107.2,0,0,DISTID3,DISTID1
Spruce21-24-nothin,YC21_24,mineral,coillte,TRUE,AGEID2,184.5,0,0,DISTID3,DISTID1
Spruce25-32-nothin,YC25_32,mineral,coillte,TRUE,AGEID2,21.4,0,0,DISTID3,DISTID1
Spruce17-20-nothin,YC17_20,peat,coillte,TRUE,AGEID2,181.0,0,0,DISTID3,DISTID1
Spruce21-24-nothin,YC21_24,peat,coillte,TRUE,AGEID2,108.3,0,0,DISTID3,DISTID1
Spruce25-32-nothin,YC25_32,peat,coillte,TRUE,AGEID2,2.1,0,0,DISTID3,DISTID1
Cbmix-Bl,YC10,mineral,coillte,TRUE,AGEID3,362.6,0,0,DISTID3,DISTID1
Cbmix-Conifer,YC10,mineral,coillte,TRUE,AGEID3,212.0,0,0,DISTID3,DISTID1
Cmix,YC10,mineral,coillte,TRUE,AGEID3,410.0,0,0,DISTID3,DISTID1
FGB,YC6,mineral,coillte,TRUE,AGEID3,672.8,0,0,DISTID3,DISTID1
OC,YC10,mineral,coillte,TRUE,AGEID3,405.4,0,0,DISTID3,DISTID1
Pine13-30,YC13_30,mineral,coillte,TRUE,AGEID3,135.7,0,0,DISTID3,DISTID1
Pine4-12,YC4_12,mineral,coillte,TRUE,AGEID3,100.1,0,0,DISTID3,DISTID1
SGB,YC6,mineral,coillte,TRUE,AGEID3,143.9,0,0,DISTID3,DISTID1
SNFGB-mineral,YC6,mineral,coillte,TRUE,AGEID3,104.0,0,0,DISTID3,DISTID1
Spruce13-16,YC13_16,mineral,coillte,TRUE,AGEID3,670.4,0,0,DISTID3,DISTID1
Spruce4-12,YC4_12,mineral,coillte,TRUE,AGEID3,262.9,0,0,DISTID3,DISTID1
Cbmix-Bl,YC10,mineral,private,TRUE,AGEID3,26.0,0,0,DISTID3,DISTID1
Cbmix-Conifer,YC10,mineral,private,TRUE,AGEID3,19.5,0,0,DISTID3,DISTID1
FGB,YC6,mineral,private,TRUE,AGEID3,71.0,0,0,DISTID3,DISTID1
SGB,YC6,mineral,private,TRUE,AGEID3,144.7,0,0,DISTID3,DISTID1
SNFGB-mineral,YC6,mineral,private,TRUE,AGEID3,426.8,0,0,DISTID3,DISTID1
Cbmix-Bl,YC10,peat,coillte,TRUE,AGEID3,179.7,0,0,DISTID3,DISTID1
Cbmix-Conifer,YC10,peat,coillte,TRUE,AGEID3,148.4,0,0,DISTID3,DISTID1
Cmix,YC10,peat,coillte,TRUE,AGEID3,221.5,0,0,DISTID3,DISTID1
FGB,YC6,peat,coillte,TRUE,AGEID3,372.9,0,0,DISTID3,DISTID1
OC,YC10,peat,coillte,TRUE,AGEID3,2.6,0,0,DISTID3,DISTID1
Pine13-30,YC13_30,peat,coillte,TRUE,AGEID3,21.7,0,0,DISTID3,DISTID1
Pine4-12,YC4_12,peat,coillte,TRUE,AGEID3,105.8,0,0,DISTID3,DISTID1
SNFGB-peat,YC6,peat,coillte,TRUE,AGEID3,25.1,0,0,DISTID3,DISTID1
SNFGB-mineral,YC6,mineral,coillte,TRUE,AGEID7,101.5,0,0,DISTID3,DISTID1
Spruce13-16,YC13_16,mineral,coillte,TRUE,AGEID7,193.6,0,0,DISTID3,DISTID1
Spruce4-12,YC4_12,mineral,coillte,TRUE,AGEID7,0.0,0,0,DISTID3,DISTID1
Cbmix-Bl,YC10,mineral,private,TRUE,AGEID7,61.1,0,0,DISTID3,DISTID1
Cmix,YC10,mineral,private,TRUE,AGEID7,123.4,0,0,DISTID3,DISTID1
FGB,YC6,mineral,private,TRUE,AGEID7,121.9,0,0,DISTID3,DISTID1
Pine4-12,YC4_12,mineral,private,TRUE,AGEID7,15.2,0,0,DISTID3,DISTID1
SGB,YC6,mineral,private,TRUE,AGEID7,218.7,0,0,DISTID3,DISTID1
SNFGB-mineral,YC6,mineral,private,TRUE,AGEID7,920.7,0,0,DISTID3,DISTID1
Spruce13-16,YC13_16,mineral,private,TRUE,AGEID7,1.8,0,0,DISTID3,DISTID1
Cbmix-Bl,YC10,peat,coillte,TRUE,AGEID7,104.8,0,0,DISTID3,DISTID1
Cbmix-Conifer,YC10,peat,coillte,TRUE,AGEID7,250.3,0,0,DISTID3,DISTID1
Cmix,YC10,peat,coillte,TRUE,AGEID7,300.3,0,0,DISTID3,DISTID1
FGB,YC6,peat,coillte,TRUE,AGEID7,4.7,0,0,DISTID3,DISTID1
Pine13-30,YC13_30,peat,coillte,TRUE,AGEID7,688.3,0,0,DISTID3,DISTID1
Pine4-12,YC4_12,peat,coillte,TRUE,AGEID7,668.3,0,0,DISTID3,DISTID1
SNFGB-peat,YC6,peat,coillte,TRUE,AGEID7,256.8,0,0,DISTID3,DISTID1
Spruce13-16,YC13_16,peat,coillte,TRUE,AGEID7,700.1,0,0,DISTID3,DISTID1
Spruce4-12,YC4_12,peat,coillte,TRUE,AGEID7,1293.1,0,0,DISTID3,DISTID1
Cbmix-Bl,YC10,peat,private,TRUE,AGEID7,11.3,0,0,DISTID3,DISTID1
Pine13-30,YC13_30,peat,private,TRUE,AGEID7,100.1,0,0,DISTID3,DISTID1
SNFGB-peat,YC6,peat,private,TRUE,AGEID7,566.9,0,0,DISTID3,DISTID1
Spruce4-12,YC4_12,peat,private,TRUE,AGEID7,200.2,0,0,DISTID3,DISTID1
Spruce17-20-thin,YC17_20,mineral,coillte,TRUE,AGEID7,262.1,0,0,DISTID3,DISTID1
Spruce21-24-thin,YC21_24,mineral,coillte,TRUE,AGEID7,66.1,0,0,DISTID3,DISTID1
Spruce25-32-thin,YC25_32,mineral,coillte,TRUE,AGEID7,66.1,0,0,DISTID3,DISTID1
Spruce17-20-thin,YC17_20,mineral,private,TRUE,AGEID7,66.1,0,0,DISTID3,DISTID1
Spruce21-24-thin,YC21_24,mineral,private,TRUE,AGEID7,0.0,0,0,DISTID3,DISTID1
Spruce17-20-thin,YC17_20,peat,coillte,TRUE,AGEID7,264.3,0,0,DISTID3,DISTID1
Spruce21-24-thin,YC21_24,peat,coillte,TRUE,AGEID7,66.1,0,0,DISTID3,DISTID1
Spruce25-32-thin,YC25_32,peat,coillte,TRUE,AGEID7,0.0,0,0,DISTID3,DISTID1
Spruce17-20-thin,YC17_20,peat,private,TRUE,AGEID7,0.0,0,0,DISTID3,DISTID1
Spruce17-20-nothin,YC17_20,mineral,coillte,TRUE,AGEID7,135.0,0,0,DISTID3,DISTID1
Spruce21-24-nothin,YC21_24,mineral,coillte,TRUE,AGEID7,34.0,0,0,DISTID3,DISTID1
Spruce25-32-nothin,YC25_32,mineral,coillte,TRUE,AGEID7,34.0,0,0,DISTID3,DISTID1
Spruce17-20-nothin,YC17_20,mineral,private,TRUE,AGEID7,34.0,0,0,DISTID3,DISTID1
Spruce21-24-nothin,YC21_24,mineral,private,TRUE,AGEID7,0.0,0,0,DISTID3,DISTID1
Spruce17-20-nothin,YC17_20,peat,coillte,TRUE,AGEID7,136.1,0,0,DISTID3,DISTID1
Spruce21-24-nothin,YC21_24,peat,coillte,TRUE,AGEID7,34.0,0,0,DISTID3,DISTID1
Spruce25-32-nothin,YC25_32,peat,coillte,TRUE,AGEID7,0.0,0,0,DISTID3,DISTID1
Spruce17-20-nothin,YC17_20,peat,private,TRUE,AGEID7,0.0,0,0,DISTID3,DISTID1
Cbmix-Bl,YC10,mineral,coillte,TRUE,AGEID8,118.5,0,0,DISTID3,DISTID1
Cbmix-Conifer,YC10,mineral,coillte,TRUE,AGEID8,28.4,0,0,DISTID3,DISTID1
Cmix,YC10,mineral,coillte,TRUE,AGEID8,203.6,0,0,DISTID3,DISTID1
FGB,YC6,mineral,coillte,TRUE,AGEID8,236.6,0,0,DISTID3,DISTID1
OC,YC10,mineral,coillte,TRUE,AGEID8,97.4,0,0,DISTID3,DISTID1
Pine13-30,YC13_30,mineral,coillte,TRUE,AGEID8,400.4,0,0,DISTID3,DISTID1
Pine4-12,YC4_12,mineral,coillte,TRUE,AGEID8,100.1,0,0,DISTID3,DISTID1
SGB,YC6,mineral,coillte,TRUE,AGEID8,212.5,0,0,DISTID3,DISTID1
SNFGB-mineral,YC6,mineral,coillte,TRUE,AGEID8,49.8,0,0,DISTID3,DISTID1
Spruce13-16,YC13_16,mineral,coillte,TRUE,AGEID8,100.1,0,0,DISTID3,DISTID1
Spruce4-12,YC4_12,mineral,coillte,TRUE,AGEID8,200.2,0,0,DISTID3,DISTID1
Cbmix-Bl,YC10,mineral,private,TRUE,AGEID8,4.9,0,0,DISTID3,DISTID1
Cbmix-Conifer,YC10,mineral,private,TRUE,AGEID8,91.8,0,0,DISTID3,DISTID1
Cmix,YC10,mineral,private,TRUE,AGEID8,70.4,0,0,DISTID3,DISTID1
FGB,YC6,mineral,private,TRUE,AGEID8,40.1,0,0,DISTID3,DISTID1
OC,YC10,mineral,private,TRUE,AGEID8,77.2,0,0,DISTID3,DISTID1
Pine13-30,YC13_30,mineral,private,TRUE,AGEID8,5.8,0,0,DISTID3,DISTID1
SGB,YC6,mineral,private,TRUE,AGEID8,111.7,0,0,DISTID3,DISTID1
SNFGB-mineral,YC6,mineral,private,TRUE,AGEID8,1558.9,0,0,DISTID3,DISTID1
Spruce4-12,YC4_12,mineral,private,TRUE,AGEID8,0.0,0,0,DISTID3,DISTID1
Cbmix-Bl,YC10,peat,coillte,TRUE,AGEID8,104.5,0,0,DISTID3,DISTID1
Cbmix-Conifer,YC10,peat,coillte,TRUE,AGEID8,133.9,0,0,DISTID3,DISTID1
Cmix,YC10,peat,coillte,TRUE,AGEID8,127.4,0,0,DISTID3,DISTID1
FGB,YC6,peat,coillte,TRUE,AGEID8,0.0,0,0,DISTID3,DISTID1
Pine13-30,YC13_30,peat,coillte,TRUE,AGEID8,1566.7,0,0,DISTID3,DISTID1
Pine4-12,YC4_12,peat,coillte,TRUE,AGEID8,980.0,0,0,DISTID3,DISTID1
SNFGB-peat,YC6,peat,coillte,TRUE,AGEID8,119.7,0,0,DISTID3,DISTID1
Spruce13-16,YC13_16,peat,coillte,TRUE,AGEID8,791.6,0,0,DISTID3,DISTID1
Spruce4-12,YC4_12,peat,coillte,TRUE,AGEID8,1159.7,0,0,DISTID3,DISTID1
Cbmix-Bl,YC10,peat,private,TRUE,AGEID8,144.7,0,0,DISTID3,DISTID1
Pine4-12,YC4_12,peat,private,TRUE,AGEID8,99.3,0,0,DISTID3,DISTID1
SNFGB-peat,YC6,peat,private,TRUE,AGEID8,429.4,0,0,DISTID3,DISTID1
Spruce17-20-thin,YC17_20,mineral,coillte,TRUE,AGEID8,132.1,0,0,DISTID3,DISTID1
Spruce21-24-thin,YC21_24,mineral,coillte,TRUE,AGEID8,67.9,0,0,DISTID3,DISTID1
Spruce17-20-thin,YC17_20,peat,coillte,TRUE,AGEID8,55.2,0,0,DISTID3,DISTID1
Spruce21-24-thin,YC21_24,peat,coillte,TRUE,AGEID8,1.1,0,0,DISTID3,DISTID1
Spruce25-32-thin,YC25_32,peat,coillte,TRUE,AGEID8,0.0,0,0,DISTID3,DISTID1
Spruce17-20-thin,YC17_20,peat,private,TRUE,AGEID8,65.3,0,0,DISTID3,DISTID1
Spruce17-20-nothin,YC17_20,mineral,coillte,TRUE,AGEID8,68.1,0,0,DISTID3,DISTID1
Spruce21-24-nothin,YC21_24,mineral,coillte,TRUE,AGEID8,35.0,0,0,DISTID3,DISTID1
Spruce17-20-nothin,YC17_20,peat,coillte,TRUE,AGEID8,28.4,0,0,DISTID3,DISTID1
Spruce21-24-nothin,YC21_24,peat,coillte,TRUE,AGEID8,0.6,0,0,DISTID3,DISTID1
Spruce25-32-nothin,YC25_32,peat,coillte,TRUE,AGEID8,0.0,0,0,DISTID3,DISTID1
Spruce17-20-nothin,YC17_20,peat,private,TRUE,AGEID8,33.6,0,0,DISTID3,DISTID1
Cbmix-Bl,YC10,mineral,coillte,TRUE,AGEID9,112.0,0,0,DISTID3,DISTID1
Cbmix-Conifer,YC10,mineral,coillte,TRUE,AGEID9,99.3,0,0,DISTID3,DISTID1
Cmix,YC10,mineral,coillte,TRUE,AGEID9,32.9,0,0,DISTID3,DISTID1
FGB,YC6,mineral,coillte,TRUE,AGEID9,42.3,0,0,DISTID3,DISTID1
OC,YC10,mineral,coillte,TRUE,AGEID9,116.8,0,0,DISTID3,DISTID1
Pine13-30,YC13_30,mineral,coillte,TRUE,AGEID9,0.0,0,0,DISTID3,DISTID1
Pine4-12,YC4_12,mineral,coillte,TRUE,AGEID9,0.0,0,0,DISTID3,DISTID1
SGB,YC6,mineral,coillte,TRUE,AGEID9,22.3,0,0,DISTID3,DISTID1
SNFGB-mineral,YC6,mineral,coillte,TRUE,AGEID9,268.7,0,0,DISTID3,DISTID1
Spruce13-16,YC13_16,mineral,coillte,TRUE,AGEID9,200.2,0,0,DISTID3,DISTID1
Spruce4-12,YC4_12,mineral,coillte,TRUE,AGEID9,100.1,0,0,DISTID3,DISTID1
Cbmix-Bl,YC10,mineral,private,TRUE,AGEID9,117.2,0,0,DISTID3,DISTID1
Cbmix-Conifer,YC10,mineral,private,TRUE,AGEID9,77.8,0,0,DISTID3,DISTID1
Cmix,YC10,mineral,private,TRUE,AGEID9,47.1,0,0,DISTID3,DISTID1
FGB,YC6,mineral,private,TRUE,AGEID9,10.7,0,0,DISTID3,DISTID1
SGB,YC6,mineral,private,TRUE,AGEID9,122.2,0,0,DISTID3,DISTID1
SNFGB-mineral,YC6,mineral,private,TRUE,AGEID9,510.7,0,0,DISTID3,DISTID1
Cbmix-Bl,YC10,peat,coillte,TRUE,AGEID9,0.0,0,0,DISTID3,DISTID1
Cbmix-Conifer,YC10,peat,coillte,TRUE,AGEID9,170.1,0,0,DISTID3,DISTID1
Cmix,YC10,peat,coillte,TRUE,AGEID9,241.9,0,0,DISTID3,DISTID1
FGB,YC6,peat,coillte,TRUE,AGEID9,123.0,0,0,DISTID3,DISTID1
Pine13-30,YC13_30,peat,coillte,TRUE,AGEID9,94.3,0,0,DISTID3,DISTID1
Pine4-12,YC4_12,peat,coillte,TRUE,AGEID9,0.0,0,0,DISTID3,DISTID1
SNFGB-peat,YC6,peat,coillte,TRUE,AGEID9,40.4,0,0,DISTID3,DISTID1
Spruce13-16,YC13_16,peat,coillte,TRUE,AGEID9,900.3,0,0,DISTID3,DISTID1
Spruce4-12,YC4_12,peat,coillte,TRUE,AGEID9,1104.2,0,0,DISTID3,DISTID1
FGB,YC6,peat,private,TRUE,AGEID9,100.1,0,0,DISTID3,DISTID1
Pine4-12,YC4_12,peat,private,TRUE,AGEID9,0.0,0,0,DISTID3,DISTID1
SNFGB-peat,YC6,peat,private,TRUE,AGEID9,308.0,0,0,DISTID3,DISTID1
Spruce17-20-thin,YC17_20,mineral,coillte,TRUE,AGEID9,133.5,0,0,DISTID3,DISTID1
Spruce21-24-thin,YC21_24,mineral,coillte,TRUE,AGEID9,77.1,0,0,DISTID3,DISTID1
Spruce17-20-thin,YC17_20,peat,coillte,TRUE,AGEID9,132.1,0,0,DISTID3,DISTID1
Spruce17-20-nothin,YC17_20,mineral,coillte,TRUE,AGEID9,68.8,0,0,DISTID3,DISTID1
Spruce21-24-nothin,YC21_24,mineral,coillte,TRUE,AGEID9,39.7,0,0,DISTID3,DISTID1
Spruce17-20-nothin,YC17_20,peat,coillte,TRUE,AGEID9,68.1,0,0,DISTID3,DISTID1
Cbmix-Bl,YC10,mineral,coillte,TRUE,AGEID10,115.7,0,0,DISTID3,DISTID1
Cbmix-Conifer,YC10,mineral,coillte,TRUE,AGEID10,168.2,0,0,DISTID3,DISTID1
Cmix,YC10,mineral,coillte,TRUE,AGEID10,150.5,0,0,DISTID3,DISTID1
FGB,YC6,mineral,coillte,TRUE,AGEID10,26.7,0,0,DISTID3,DISTID1
OC,YC10,mineral,coillte,TRUE,AGEID10,271.2,0,0,DISTID3,DISTID1
Pine13-30,YC13_30,mineral,coillte,TRUE,AGEID10,11.3,0,0,DISTID3,DISTID1
Pine4-12,YC4_12,mineral,coillte,TRUE,AGEID10,100.1,0,0,DISTID3,DISTID1
SGB,YC6,mineral,coillte,TRUE,AGEID10,46.3,0,0,DISTID3,DISTID1
SNFGB-mineral,YC6,mineral,coillte,TRUE,AGEID10,39.1,0,0,DISTID3,DISTID1
Spruce13-16,YC13_16,mineral,coillte,TRUE,AGEID10,100.1,0,0,DISTID3,DISTID1
Spruce4-12,YC4_12,mineral,coillte,TRUE,AGEID10,200.2,0,0,DISTID3,DISTID1
Cbmix-Bl,YC10,mineral,private,TRUE,AGEID10,54.2,0,0,DISTID3,DISTID1
Cbmix-Conifer,YC10,mineral,private,TRUE,AGEID10,194.4,0,0,DISTID3,DISTID1
Cmix,YC10,mineral,private,TRUE,AGEID10,31.5,0,0,DISTID3,DISTID1
FGB,YC6,mineral,private,TRUE,AGEID10,10.8,0,0,DISTID3,DISTID1
OC,YC10,mineral,private,TRUE,AGEID10,248.0,0,0,DISTID3,DISTID1
Pine13-30,YC13_30,mineral,private,TRUE,AGEID10,0.0,0,0,DISTID3,DISTID1
Pine4-12,YC4_12,mineral,private,TRUE,AGEID10,0.0,0,0,DISTID3,DISTID1
SGB,YC6,mineral,private,TRUE,AGEID10,90.6,0,0,DISTID3,DISTID1
SNFGB-mineral,YC6,mineral,private,TRUE,AGEID10,691.0,0,0,DISTID3,DISTID1
Cbmix-Bl,YC10,peat,coillte,TRUE,AGEID10,60.4,0,0,DISTID3,DISTID1
Cbmix-Conifer,YC10,peat,coillte,TRUE,AGEID10,55.6,0,0,DISTID3,DISTID1
Cmix,YC10,peat,coillte,TRUE,AGEID10,41.6,0,0,DISTID3,DISTID1
FGB,YC6,peat,coillte,TRUE,AGEID10,124.3,0,0,DISTID3,DISTID1
Pine4-12,YC4_12,peat,coillte,TRUE,AGEID10,200.2,0,0,DISTID3,DISTID1
SNFGB-peat,YC6,peat,coillte,TRUE,AGEID10,8.8,0,0,DISTID3,DISTID1
Spruce13-16,YC13_16,peat,coillte,TRUE,AGEID10,293.7,0,0,DISTID3,DISTID1
Spruce4-12,YC4_12,peat,coillte,TRUE,AGEID10,500.7,0,0,DISTID3,DISTID1
Cbmix-Bl,YC10,peat,private,TRUE,AGEID10,11.8,0,0,DISTID3,DISTID1
Cbmix-Conifer,YC10,peat,private,TRUE,AGEID10,72.5,0,0,DISTID3,DISTID1
SNFGB-peat,YC6,peat,private,TRUE,AGEID10,80.3,0,0,DISTID3,DISTID1
Spruce4-12,YC4_12,peat,private,TRUE,AGEID10,100.1,0,0,DISTID3,DISTID1
Spruce17-20-thin,YC17_20,mineral,coillte,TRUE,AGEID10,1.9,0,0,DISTID3,DISTID1
Spruce25-32-thin,YC25_32,mineral,coillte,TRUE,AGEID10,0.0,0,0,DISTID3,DISTID1
Spruce21-24-thin,YC21_24,peat,coillte,TRUE,AGEID10,1.2,0,0,DISTID3,DISTID1
Spruce17-20-nothin,YC17_20,mineral,coillte,TRUE,AGEID10,1.0,0,0,DISTID3,DISTID1
Spruce25-32-nothin,YC25_32,mineral,coillte,TRUE,AGEID10,0.0,0,0,DISTID3,DISTID1
Spruce21-24-nothin,YC21_24,peat,coillte,TRUE,AGEID10,0.6,0,0,DISTID3,DISTID1
Cbmix-Bl,YC10,mineral,coillte,TRUE,AGEID11,106.9,0,0,DISTID3,DISTID1
Cbmix-Conifer,YC10,mineral,coillte,TRUE,AGEID11,3.7,0,0,DISTID3,DISTID1
Cmix,YC10,mineral,coillte,TRUE,AGEID11,4.2,0,0,DISTID3,DISTID1
FGB,YC6,mineral,coillte,TRUE,AGEID11,77.7,0,0,DISTID3,DISTID1
OC,YC10,mineral,coillte,TRUE,AGEID11,100.1,0,0,DISTID3,DISTID1
Pine4-12,YC4_12,mineral,coillte,TRUE,AGEID11,99.8,0,0,DISTID3,DISTID1
SGB,YC6,mineral,coillte,TRUE,AGEID11,59.6,0,0,DISTID3,DISTID1
SNFGB-mineral,YC6,mineral,coillte,TRUE,AGEID11,249.7,0,0,DISTID3,DISTID1
Spruce13-16,YC13_16,mineral,coillte,TRUE,AGEID11,198.4,0,0,DISTID3,DISTID1
Spruce4-12,YC4_12,mineral,coillte,TRUE,AGEID11,198.6,0,0,DISTID3,DISTID1
Cbmix-Bl,YC10,mineral,private,TRUE,AGEID11,60.3,0,0,DISTID3,DISTID1
Cmix,YC10,mineral,private,TRUE,AGEID11,93.4,0,0,DISTID3,DISTID1
FGB,YC6,mineral,private,TRUE,AGEID11,6.4,0,0,DISTID3,DISTID1
Pine4-12,YC4_12,mineral,private,TRUE,AGEID11,100.1,0,0,DISTID3,DISTID1
SGB,YC6,mineral,private,TRUE,AGEID11,77.4,0,0,DISTID3,DISTID1
SNFGB-mineral,YC6,mineral,private,TRUE,AGEID11,627.1,0,0,DISTID3,DISTID1
Spruce13-16,YC13_16,mineral,private,TRUE,AGEID11,86.0,0,0,DISTID3,DISTID1
Spruce4-12,YC4_12,mineral,private,TRUE,AGEID11,0.0,0,0,DISTID3,DISTID1
Cbmix-Conifer,YC10,peat,coillte,TRUE,AGEID11,2.5,0,0,DISTID3,DISTID1
Pine13-30,YC13_30,peat,coillte,TRUE,AGEID11,5.8,0,0,DISTID3,DISTID1
Pine4-12,YC4_12,peat,coillte,TRUE,AGEID11,183.9,0,0,DISTID3,DISTID1
Spruce13-16,YC13_16,peat,coillte,TRUE,AGEID11,109.3,0,0,DISTID3,DISTID1
Spruce4-12,YC4_12,peat,coillte,TRUE,AGEID11,355.8,0,0,DISTID3,DISTID1
SNFGB-peat,YC6,peat,private,TRUE,AGEID11,151.2,0,0,DISTID3,DISTID1
Spruce4-12,YC4_12,peat,private,TRUE,AGEID11,111.4,0,0,DISTID3,DISTID1
Spruce21-24-thin,YC21_24,mineral,coillte,TRUE,AGEID11,4.3,0,0,DISTID3,DISTID1
Spruce25-32-thin,YC25_32,mineral,coillte,TRUE,AGEID11,0.0,0,0,DISTID3,DISTID1
Spruce17-20-thin,YC17_20,peat,coillte,TRUE,AGEID11,5.2,0,0,DISTID3,DISTID1
Spruce21-24-nothin,YC21_24,mineral,coillte,TRUE,AGEID11,2.2,0,0,DISTID3,DISTID1
Spruce25-32-nothin,YC25_32,mineral,coillte,TRUE,AGEID11,0.0,0,0,DISTID3,DISTID1
Spruce17-20-nothin,YC17_20,peat,coillte,TRUE,AGEID11,2.7,0,0,DISTID3,DISTID1
Cbmix-Bl,YC10,mineral,coillte,TRUE,AGEID12,12.2,0,0,DISTID3,DISTID1
Cmix,YC10,mineral,coillte,TRUE,AGEID12,258.2,0,0,DISTID3,DISTID1
FGB,YC6,mineral,coillte,TRUE,AGEID12,230.7,0,0,DISTID3,DISTID1
OC,YC10,mineral,coillte,TRUE,AGEID12,0.0,0,0,DISTID3,DISTID1
SGB,YC6,mineral,coillte,TRUE,AGEID12,7.3,0,0,DISTID3,DISTID1
SNFGB-mineral,YC6,mineral,coillte,TRUE,AGEID12,88.0,0,0,DISTID3,DISTID1
Spruce13-16,YC13_16,mineral,coillte,TRUE,AGEID12,100.1,0,0,DISTID3,DISTID1
Cbmix-Bl,YC10,mineral,private,TRUE,AGEID12,18.6,0,0,DISTID3,DISTID1
Cmix,YC10,mineral,private,TRUE,AGEID12,100.1,0,0,DISTID3,DISTID1
FGB,YC6,mineral,private,TRUE,AGEID12,3.7,0,0,DISTID3,DISTID1
Pine13-30,YC13_30,mineral,private,TRUE,AGEID12,3.7,0,0,DISTID3,DISTID1
SGB,YC6,mineral,private,TRUE,AGEID12,97.8,0,0,DISTID3,DISTID1
SNFGB-mineral,YC6,mineral,private,TRUE,AGEID12,462.9,0,0,DISTID3,DISTID1
FGB,YC6,peat,coillte,TRUE,AGEID12,9.2,0,0,DISTID3,DISTID1
SNFGB-peat,YC6,peat,coillte,TRUE,AGEID12,0.0,0,0,DISTID3,DISTID1
Spruce4-12,YC4_12,peat,coillte,TRUE,AGEID12,96.5,0,0,DISTID3,DISTID1
Pine4-12,YC4_12,peat,private,TRUE,AGEID12,11.3,0,0,DISTID3,DISTID1
SNFGB-peat,YC6,peat,private,TRUE,AGEID12,128.0,0,0,DISTID3,DISTID1
Spruce4-12,YC4_12,peat,private,TRUE,AGEID12,100.1,0,0,DISTID3,DISTID1
Spruce25-32-thin,YC25_32,mineral,coillte,TRUE,AGEID12,66.1,0,0,DISTID3,DISTID1
Spruce25-32-nothin,YC25_32,mineral,coillte,TRUE,AGEID12,34.0,0,0,DISTID3,DISTID1
Cbmix-Bl,YC10,mineral,coillte,TRUE,AGEID13,126.3,0,0,DISTID3,DISTID1
FGB,YC6,mineral,coillte,TRUE,AGEID13,51.2,0,0,DISTID3,DISTID1
OC,YC10,mineral,coillte,TRUE,AGEID13,182.3,0,0,DISTID3,DISTID1
Pine13-30,YC13_30,mineral,coillte,TRUE,AGEID13,86.0,0,0,DISTID3,DISTID1
SGB,YC6,mineral,coillte,TRUE,AGEID13,189.3,0,0,DISTID3,DISTID1
SNFGB-mineral,YC6,mineral,coillte,TRUE,AGEID13,28.7,0,0,DISTID3,DISTID1
Spruce4-12,YC4_12,mineral,coillte,TRUE,AGEID13,35.3,0,0,DISTID3,DISTID1
Cbmix-Bl,YC10,mineral,private,TRUE,AGEID13,53.5,0,0,DISTID3,DISTID1
Cbmix-Conifer,YC10,mineral,private,TRUE,AGEID13,63.8,0,0,DISTID3,DISTID1
Cmix,YC10,mineral,private,TRUE,AGEID13,12.0,0,0,DISTID3,DISTID1
FGB,YC6,mineral,private,TRUE,AGEID13,4.4,0,0,DISTID3,DISTID1
SGB,YC6,mineral,private,TRUE,AGEID13,16.6,0,0,DISTID3,DISTID1
SNFGB-mineral,YC6,mineral,private,TRUE,AGEID13,569.5,0,0,DISTID3,DISTID1
Cbmix-Bl,YC10,peat,coillte,TRUE,AGEID13,0.0,0,0,DISTID3,DISTID1
Pine4-12,YC4_12,peat,coillte,TRUE,AGEID13,100.1,0,0,DISTID3,DISTID1
SNFGB-peat,YC6,peat,coillte,TRUE,AGEID13,14.7,0,0,DISTID3,DISTID1
Pine4-12,YC4_12,peat,private,TRUE,AGEID13,34.0,0,0,DISTID3,DISTID1
SNFGB-peat,YC6,peat,private,TRUE,AGEID13,59.9,0,0,DISTID3,DISTID1
Cbmix-Bl,YC10,mineral,coillte,TRUE,AGEID14,2.0,0,0,DISTID3,DISTID1
Cmix,YC10,mineral,coillte,TRUE,AGEID14,99.5,0,0,DISTID3,DISTID1
FGB,YC6,mineral,coillte,TRUE,AGEID14,3.8,0,0,DISTID3,DISTID1
Pine4-12,YC4_12,mineral,coillte,TRUE,AGEID14,84.9,0,0,DISTID3,DISTID1
SGB,YC6,mineral,coillte,TRUE,AGEID14,76.0,0,0,DISTID3,DISTID1
SNFGB-mineral,YC6,mineral,coillte,TRUE,AGEID14,20.0,0,0,DISTID3,DISTID1
Cbmix-Bl,YC10,mineral,private,TRUE,AGEID14,97.4,0,0,DISTID3,DISTID1
FGB,YC6,mineral,private,TRUE,AGEID14,68.0,0,0,DISTID3,DISTID1
OC,YC10,mineral,private,TRUE,AGEID14,25.0,0,0,DISTID3,DISTID1
Pine13-30,YC13_30,mineral,private,TRUE,AGEID14,0.0,0,0,DISTID3,DISTID1
SGB,YC6,mineral,private,TRUE,AGEID14,223.5,0,0,DISTID3,DISTID1
SNFGB-mineral,YC6,mineral,private,TRUE,AGEID14,209.0,0,0,DISTID3,DISTID1
Pine4-12,YC4_12,peat,coillte,TRUE,AGEID14,0.0,0,0,DISTID3,DISTID1
SNFGB-peat,YC6,peat,coillte,TRUE,AGEID14,45.0,0,0,DISTID3,DISTID1
SNFGB-peat,YC6,peat,private,TRUE,AGEID14,6.8,0,0,DISTID3,DISTID1
Cbmix-Bl,YC10,mineral,coillte,TRUE,AGEID15,24.6,0,0,DISTID3,DISTID1
Cbmix-Conifer,YC10,mineral,coillte,TRUE,AGEID15,7.9,0,0,DISTID3,DISTID1
Cmix,YC10,mineral,coillte,TRUE,AGEID15,57.3,0,0,DISTID3,DISTID1
FGB,YC6,mineral,coillte,TRUE,AGEID15,11.0,0,0,DISTID3,DISTID1
Pine4-12,YC4_12,mineral,coillte,TRUE,AGEID15,0.0,0,0,DISTID3,DISTID1
SGB,YC6,mineral,coillte,TRUE,AGEID15,211.9,0,0,DISTID3,DISTID1
SNFGB-mineral,YC6,mineral,coillte,TRUE,AGEID15,12.1,0,0,DISTID3,DISTID1
Cbmix-Bl,YC10,mineral,private,TRUE,AGEID15,33.4,0,0,DISTID3,DISTID1
FGB,YC6,mineral,private,TRUE,AGEID15,31.3,0,0,DISTID3,DISTID1
Pine13-30,YC13_30,mineral,private,TRUE,AGEID15,0.0,0,0,DISTID3,DISTID1
SGB,YC6,mineral,private,TRUE,AGEID15,124.3,0,0,DISTID3,DISTID1
SNFGB-mineral,YC6,mineral,private,TRUE,AGEID15,327.3,0,0,DISTID3,DISTID1
Cbmix-Bl,YC10,peat,coillte,TRUE,AGEID15,0.0,0,0,DISTID3,DISTID1
SNFGB-peat,YC6,peat,private,TRUE,AGEID15,80.0,0,0,DISTID3,DISTID1
Spruce25-32-thin,YC25_32,mineral,coillte,TRUE,AGEID15,1.2,0,0,DISTID3,DISTID1
Spruce25-32-nothin,YC25_32,mineral,coillte,TRUE,AGEID15,0.6,0,0,DISTID3,DISTID1
Cbmix-Bl,YC10,mineral,coillte,TRUE,AGEID16,160.0,0,0,DISTID3,DISTID1
Cmix,YC10,mineral,coillte,TRUE,AGEID16,6.4,0,0,DISTID3,DISTID1
Pine4-12,YC4_12,mineral,coillte,TRUE,AGEID16,90.4,0,0,DISTID3,DISTID1
SGB,YC6,mineral,coillte,TRUE,AGEID16,84.6,0,0,DISTID3,DISTID1
SNFGB-mineral,YC6,mineral,coillte,TRUE,AGEID16,11.9,0,0,DISTID3,DISTID1
Cbmix-Conifer,YC10,mineral,private,TRUE,AGEID16,42.6,0,0,DISTID3,DISTID1
FGB,YC6,mineral,private,TRUE,AGEID16,7.1,0,0,DISTID3,DISTID1
Pine13-30,YC13_30,mineral,private,TRUE,AGEID16,85.8,0,0,DISTID3,DISTID1
SGB,YC6,mineral,private,TRUE,AGEID16,133.8,0,0,DISTID3,DISTID1
SNFGB-mineral,YC6,mineral,private,TRUE,AGEID16,86.2,0,0,DISTID3,DISTID1
Pine4-12,YC4_12,peat,coillte,TRUE,AGEID16,100.1,0,0,DISTID3,DISTID1
Spruce4-12,YC4_12,peat,coillte,TRUE,AGEID16,5.1,0,0,DISTID3,DISTID1
SNFGB-peat,YC6,peat,private,TRUE,AGEID16,16.4,0,0,DISTID3,DISTID1
Cbmix-Conifer,YC10,mineral,coillte,TRUE,AGEID17,35.0,0,0,DISTID3,DISTID1
SGB,YC6,mineral,coillte,TRUE,AGEID17,56.9,0,0,DISTID3,DISTID1
SNFGB-mineral,YC6,mineral,coillte,TRUE,AGEID17,10.9,0,0,DISTID3,DISTID1
Cbmix-Bl,YC10,mineral,private,TRUE,AGEID17,52.0,0,0,DISTID3,DISTID1
FGB,YC6,mineral,private,TRUE,AGEID17,46.8,0,0,DISTID3,DISTID1
OC,YC10,mineral,private,TRUE,AGEID17,5.6,0,0,DISTID3,DISTID1
SGB,YC6,mineral,private,TRUE,AGEID17,32.8,0,0,DISTID3,DISTID1
SNFGB-mineral,YC6,mineral,private,TRUE,AGEID17,172.0,0,0,DISTID3,DISTID1
SNFGB-peat,YC6,peat,private,TRUE,AGEID17,8.5,0,0,DISTID3,DISTID1
Cbmix-Bl,YC10,mineral,coillte,TRUE,AGEID18,21.3,0,0,DISTID3,DISTID1
OC,YC10,mineral,coillte,TRUE,AGEID18,100.1,0,0,DISTID3,DISTID1
SGB,YC6,mineral,coillte,TRUE,AGEID18,167.9,0,0,DISTID3,DISTID1
SNFGB-mineral,YC6,mineral,coillte,TRUE,AGEID18,0.0,0,0,DISTID3,DISTID1
Cbmix-Conifer,YC10,mineral,private,TRUE,AGEID18,3.2,0,0,DISTID3,DISTID1
FGB,YC6,mineral,private,TRUE,AGEID18,6.6,0,0,DISTID3,DISTID1
SGB,YC6,mineral,private,TRUE,AGEID18,46.5,0,0,DISTID3,DISTID1
SNFGB-mineral,YC6,mineral,private,TRUE,AGEID18,227.3,0,0,DISTID3,DISTID1
Cbmix-Bl,YC10,mineral,coillte,TRUE,AGEID19,8.3,0,0,DISTID3,DISTID1
FGB,YC6,mineral,coillte,TRUE,AGEID19,24.2,0,0,DISTID3,DISTID1
SGB,YC6,mineral,coillte,TRUE,AGEID19,93.3,0,0,DISTID3,DISTID1
SNFGB-mineral,YC6,mineral,coillte,TRUE,AGEID19,77.8,0,0,DISTID3,DISTID1
Cbmix-Bl,YC10,mineral,private,TRUE,AGEID19,51.6,0,0,DISTID3,DISTID1
FGB,YC6,mineral,private,TRUE,AGEID19,25.8,0,0,DISTID3,DISTID1
SGB,YC6,mineral,private,TRUE,AGEID19,18.5,0,0,DISTID3,DISTID1
SNFGB-mineral,YC6,mineral,private,TRUE,AGEID19,271.9,0,0,DISTID3,DISTID1
SNFGB-peat,YC6,peat,private,TRUE,AGEID19,13.9,0,0,DISTID3,DISTID1
FGB,YC6,mineral,coillte,TRUE,AGEID20,23.7,0,0,DISTID3,DISTID1
Cbmix-Bl,YC10,mineral,private,TRUE,AGEID20,29.6,0,0,DISTID3,DISTID1
FGB,YC6,mineral,private,TRUE,AGEID20,5.8,0,0,DISTID3,DISTID1
OC,YC10,mineral,private,TRUE,AGEID20,21.0,0,0,DISTID3,DISTID1
SGB,YC6,mineral,private,TRUE,AGEID20,98.7,0,0,DISTID3,DISTID1
SNFGB-mineral,YC6,mineral,private,TRUE,AGEID20,29.3,0,0,DISTID3,DISTID1
Cbmix-Bl,YC10,mineral,coillte,TRUE,AGEID20,5.2,0,0,DISTID3,DISTID1
FGB,YC6,mineral,coillte,TRUE,AGEID20,0.0,0,0,DISTID3,DISTID1
SGB,YC6,mineral,coillte,TRUE,AGEID20,0.0,0,0,DISTID3,DISTID1
Cbmix-Bl,YC10,mineral,private,TRUE,AGEID20,4.5,0,0,DISTID3,DISTID1
Pine4-12,YC4_12,mineral,private,TRUE,AGEID20,0.0,0,0,DISTID3,DISTID1
SGB,YC6,mineral,private,TRUE,AGEID20,67.2,0,0,DISTID3,DISTID1
SNFGB-mineral,YC6,mineral,private,TRUE,AGEID20,9.8,0,0,DISTID3,DISTID1
FGB,YC6,mineral,coillte,TRUE,AGEID20,56.1,0,0,DISTID3,DISTID1
SNFGB-mineral,YC6,mineral,coillte,TRUE,AGEID20,10.2,0,0,DISTID3,DISTID1
FGB,YC6,mineral,private,TRUE,AGEID20,22.2,0,0,DISTID3,DISTID1
SGB,YC6,mineral,private,TRUE,AGEID20,89.3,0,0,DISTID3,DISTID1
SNFGB-mineral,YC6,mineral,private,TRUE,AGEID20,23.8,0,0,DISTID3,DISTID1
SNFGB-peat,YC6,peat,private,TRUE,AGEID20,100.1,0,0,DISTID3,DISTID1
Cbmix-Bl,YC10,mineral,coillte,TRUE,AGEID20,10.6,0,0,DISTID3,DISTID1
FGB,YC6,mineral,coillte,TRUE,AGEID20,50.9,0,0,DISTID3,DISTID1
SGB,YC6,mineral,coillte,TRUE,AGEID20,37.5,0,0,DISTID3,DISTID1
SNFGB-mineral,YC6,mineral,coillte,TRUE,AGEID20,30.9,0,0,DISTID3,DISTID1
Cbmix-Bl,YC10,mineral,private,TRUE,AGEID20,75.1,0,0,DISTID3,DISTID1
FGB,YC6,mineral,private,TRUE,AGEID20,20.8,0,0,DISTID3,DISTID1
Pine4-12,YC4_12,mineral,private,TRUE,AGEID20,84.9,0,0,DISTID3,DISTID1
SNFGB-mineral,YC6,mineral,private,TRUE,AGEID20,61.5,0,0,DISTID3,DISTID1
SGB,YC6,mineral,coillte,TRUE,AGEID20,13.2,0,0,DISTID3,DISTID1
FGB,YC6,mineral,private,TRUE,AGEID20,16.0,0,0,DISTID3,DISTID1
SGB,YC6,mineral,private,TRUE,AGEID20,16.2,0,0,DISTID3,DISTID1
SNFGB-mineral,YC6,mineral,private,TRUE,AGEID20,16.6,0,0,DISTID3,DISTID1
SGB,YC6,mineral,coillte,TRUE,AGEID20,0.0,0,0,DISTID3,DISTID1
SNFGB-mineral,YC6,mineral,private,TRUE,AGEID20,62.0,0,0,DISTID3,DISTID1
FGB,YC6,mineral,private,TRUE,AGEID20,10.8,0,0,DISTID3,DISTID1
SNFGB-mineral,YC6,mineral,private,TRUE,AGEID20,18.0,0,0,DISTID3,DISTID1
Cbmix-Conifer,YC10,mineral,coillte,TRUE,AGEID20,9.2,0,0,DISTID3,DISTID1
SGB,YC6,mineral,coillte,TRUE,AGEID20,11.9,0,0,DISTID3,DISTID1
SGB,YC6,mineral,private,TRUE,AGEID20,17.3,0,0,DISTID3,DISTID1
SNFGB-mineral,YC6,mineral,private,TRUE,AGEID20,80.5,0,0,DISTID3,DISTID1
SGB,YC6,mineral,private,TRUE,AGEID20,27.7,0,0,DISTID3,DISTID1
Spruce4-12,YC4_12,peat,coillte,TRUE,AGEID20,10.2,0,0,DISTID3,DISTID1
SGB,YC6,mineral,private,TRUE,AGEID20,87.8,0,0,DISTID3,DISTID1
SNFGB-mineral,YC6,mineral,private,TRUE,AGEID20,37.9,0,0,DISTID3,DISTID1
SGB,YC6,mineral,private,TRUE,AGEID20,18.2,0,0,DISTID3,DISTID1
SGB,YC6,mineral,coillte,TRUE,AGEID20,17.7,0,0,DISTID3,DISTID1
SNFGB-mineral,YC6,mineral,coillte,TRUE,AGEID20,18.8,0,0,DISTID3,DISTID1
SGB,YC6,mineral,private,TRUE,AGEID20,0.0,0,0,DISTID3,DISTID1
SGB,YC6,mineral,coillte,TRUE,AGEID20,0.0,0,0,DISTID3,DISTID1
SGB,YC6,mineral,private,TRUE,AGEID20,41.0,0,0,DISTID3,DISTID1
SGB,YC6,mineral,coillte,TRUE,AGEID20,226.8,0,0,DISTID3,DISTID1
SGB,YC6,mineral,private,TRUE,AGEID20,97.7,0,0,DISTID3,DISTID1
SNFGB-mineral,YC6,mineral,private,TRUE,AGEID20,31.3,0,0,DISTID3,DISTID1
FGB,YC6,mineral,private,TRUE,AGEID20,14.6,0,0,DISTID3,DISTID1
SGB,YC6,mineral,private,TRUE,AGEID20,40.9,0,0,DISTID3,DISTID1
SNFGB-mineral,YC6,mineral,private,TRUE,AGEID20,13.7,0,0,DISTID3,DISTID1
SGB,YC6,mineral,coillte,TRUE,AGEID20,0.0,0,0,DISTID3,DISTID1
SGB,YC6,mineral,coillte,TRUE,AGEID20,51.5,0,0,DISTID3,DISTID1
SGB,YC6,mineral,private,TRUE,AGEID20,0.0,0,0,DISTID3,DISTID1
SGB,YC6,mineral,coillte,TRUE,AGEID20,100.1,0,0,DISTID3,DISTID1
FGB,YC6,mineral,private,TRUE,AGEID20,17.9,0,0,DISTID3,DISTID1
SGB,YC6,mineral,private,TRUE,AGEID20,209.3,0,0,DISTID3,DISTID1
SGB,YC6,mineral,coillte,TRUE,AGEID20,34.4,0,0,DISTID3,DISTID1
SGB,YC6,mineral,private,TRUE,AGEID20,46.0,0,0,DISTID3,DISTID1
Spruce4-12,YC4_12,mineral,coillte,TRUE,AGEID0,136.9,0,0,DISTID3,DISTID1
Spruce4-12,YC4_12,peat,coillte,TRUE,AGEID0,253.3,0,0,DISTID3,DISTID1
Spruce4-12,YC4_12,mineral,private,TRUE,AGEID0,17.1,0,0,DISTID3,DISTID1
Spruce4-12,YC4_12,peat,private,TRUE,AGEID0,44.5,0,0,DISTID3,DISTID1
Spruce25-32-thin,YC25_32,mineral,coillte,TRUE,AGEID0,29.4,0,0,DISTID3,DISTID1
Spruce25-32-thin,YC25_32,peat,coillte,TRUE,AGEID0,9.0,0,0,DISTID3,DISTID1
Spruce25-32-thin,YC25_32,mineral,private,TRUE,AGEID0,2.3,0,0,DISTID3,DISTID1
Spruce25-32-nothin,YC25_32,mineral,coillte,TRUE,AGEID0,15.1,0,0,DISTID3,DISTID1
Spruce25-32-nothin,YC25_32,peat,coillte,TRUE,AGEID0,4.7,0,0,DISTID3,DISTID1
Spruce25-32-nothin,YC25_32,mineral,private,TRUE,AGEID0,1.2,0,0,DISTID3,DISTID1
Spruce21-24-thin,YC21_24,mineral,coillte,TRUE,AGEID0,131.0,0,0,DISTID3,DISTID1
Spruce21-24-thin,YC21_24,peat,coillte,TRUE,AGEID0,42.9,0,0,DISTID3,DISTID1
Spruce21-24-thin,YC21_24,mineral,private,TRUE,AGEID0,18.1,0,0,DISTID3,DISTID1
Spruce21-24-nothin,YC21_24,mineral,coillte,TRUE,AGEID0,67.5,0,0,DISTID3,DISTID1
Spruce21-24-nothin,YC21_24,peat,coillte,TRUE,AGEID0,22.1,0,0,DISTID3,DISTID1
Spruce21-24-nothin,YC21_24,mineral,private,TRUE,AGEID0,9.3,0,0,DISTID3,DISTID1
Spruce17-20-thin,YC17_20,mineral,coillte,TRUE,AGEID0,131.0,0,0,DISTID3,DISTID1
Spruce17-20-thin,YC17_20,peat,coillte,TRUE,AGEID0,81.3,0,0,DISTID3,DISTID1
Spruce17-20-thin,YC17_20,mineral,private,TRUE,AGEID0,9.0,0,0,DISTID3,DISTID1
Spruce17-20-thin,YC17_20,peat,private,TRUE,AGEID0,4.5,0,0,DISTID3,DISTID1
Spruce17-20-nothin,YC17_20,mineral,coillte,TRUE,AGEID0,67.5,0,0,DISTID3,DISTID1
Spruce17-20-nothin,YC17_20,peat,coillte,TRUE,AGEID0,41.9,0,0,DISTID3,DISTID1
Spruce17-20-nothin,YC17_20,mineral,private,TRUE,AGEID0,4.7,0,0,DISTID3,DISTID1
Spruce17-20-nothin,YC17_20,peat,private,TRUE,AGEID0,2.3,0,0,DISTID3,DISTID1
Spruce13-16,YC13_16,mineral,coillte,TRUE,AGEID0,150.6,0,0,DISTID3,DISTID1
Spruce13-16,YC13_16,peat,coillte,TRUE,AGEID0,147.2,0,0,DISTID3,DISTID1
Spruce13-16,YC13_16,mineral,private,TRUE,AGEID0,13.7,0,0,DISTID3,DISTID1
Spruce13-16,YC13_16,peat,private,TRUE,AGEID0,6.8,0,0,DISTID3,DISTID1
SGB,YC6,mineral,coillte,TRUE,AGEID0,85.6,0,0,DISTID3,DISTID1
SGB,YC6,mineral,private,TRUE,AGEID0,95.8,0,0,DISTID3,DISTID1
Pine4-12,YC4_12,mineral,coillte,TRUE,AGEID0,27.4,0,0,DISTID3,DISTID1
Pine4-12,YC4_12,peat,coillte,TRUE,AGEID0,119.8,0,0,DISTID3,DISTID1
Pine4-12,YC4_12,mineral,private,TRUE,AGEID0,10.3,0,0,DISTID3,DISTID1
Pine4-12,YC4_12,peat,private,TRUE,AGEID0,24.0,0,0,DISTID3,DISTID1
Pine13-30,YC13_30,mineral,coillte,TRUE,AGEID0,34.2,0,0,DISTID3,DISTID1
Pine13-30,YC13_30,peat,coillte,TRUE,AGEID0,95.8,0,0,DISTID3,DISTID1
Pine13-30,YC13_30,mineral,private,TRUE,AGEID0,3.4,0,0,DISTID3,DISTID1
Pine13-30,YC13_30,peat,private,TRUE,AGEID0,3.4,0,0,DISTID3,DISTID1
OC,YC10,mineral,coillte,TRUE,AGEID0,85.6,0,0,DISTID3,DISTID1
OC,YC10,peat,coillte,TRUE,AGEID0,6.8,0,0,DISTID3,DISTID1
OC,YC10,mineral,private,TRUE,AGEID0,24.0,0,0,DISTID3,DISTID1
FGB,YC6,mineral,coillte,TRUE,AGEID0,119.8,0,0,DISTID3,DISTID1
FGB,YC6,peat,coillte,TRUE,AGEID0,54.8,0,0,DISTID3,DISTID1
FGB,YC6,mineral,private,TRUE,AGEID0,41.1,0,0,DISTID3,DISTID1
FGB,YC6,peat,private,TRUE,AGEID0,3.4,0,0,DISTID3,DISTID1
Cmix,YC10,mineral,coillte,TRUE,AGEID0,130.1,0,0,DISTID3,DISTID1
Cmix,YC10,peat,coillte,TRUE,AGEID0,82.2,0,0,DISTID3,DISTID1
Cmix,YC10,mineral,private,TRUE,AGEID0,24.0,0,0,DISTID3,DISTID1
Cmix,YC10,peat,private,TRUE,AGEID0,3.4,0,0,DISTID3,DISTID1
Cbmix-Conifer,YC10,mineral,coillte,TRUE,AGEID0,95.8,0,0,DISTID3,DISTID1
Cbmix-Conifer,YC10,peat,coillte,TRUE,AGEID0,54.8,0,0,DISTID3,DISTID1
Cbmix-Conifer,YC10,mineral,private,TRUE,AGEID0,27.4,0,0,DISTID3,DISTID1
Cbmix-Conifer,YC10,peat,private,TRUE,AGEID0,13.7,0,0,DISTID3,DISTID1
Cbmix-Bl,YC10,mineral,coillte,TRUE,AGEID0,82.2,0,0,DISTID3,DISTID1
Cbmix-Bl,YC10,peat,coillte,TRUE,AGEID0,41.1,0,0,DISTID3,DISTID1
Cbmix-Bl,YC10,mineral,private,TRUE,AGEID0,34.2,0,0,DISTID3,DISTID1
Cbmix-Bl,YC10,peat,private,TRUE,AGEID0,13.7,0,0,DISTID3,DISTID1
