Classifier1,Classifier2,Classifier3,Classifier4,UsingID,sw_age_min,sw_age_max,hw_age_min,hw_age_max,MinYearsSinceDist,MaxYearsSinceDist,LastDistTypeID,MinTotBiomassC,MaxTotBiomassC,MinSWMerchBiomassC,MaxSWMerchBiomassC,MinHWMerchBiomassC,MaxHWMerchBiomassC,MinTotalStemSnagC,MaxTotalStemSnagC,MinSWStemSnagC,MaxSWStemSnagC,MinHWStemSnagC,MaxHWStemSnagC,MinTotalStemSnagMerchC,MaxTotalStemSnagMerchC,MinSWMerchStemSnagC,MaxSWMerchStemSnagC,MinHWMerchStemSnagC,MaxHWMerchStemSnagC,Efficiency,SortType,MeasureType,Amount,DistTypeID,Year
NF_Spruce17-20-nothin,A,mineral,YC17_20,False,0,210,0,210,-1,-1,-1,-1,-1,-1,-1,-1,-1,-1,-1,-1,-1,-1,-1,-1,-1,-1,-1,-1,-1,1,3,A,2.7595075445219632,DISTID4,1
NF_Spruce21-24-nothin,A,mineral,YC21_24,False,0,210,0,210,-1,-1,-1,-1,-1,-1,-1,-1,-1,-1,-1,-1,-1,-1,-1,-1,-1,-1,-1,-1,-1,1,3,A,240.82527221277567,DISTID4,1
NF_Spruce25-32-nothin,A,mineral,YC25_32,False,0,210,0,210,-1,-1,-1,-1,-1,-1,-1,-1,-1,-1,-1,-1,-1,-1,-1,-1,-1,-1,-1,-1,-1,1,3,A,198.49776045395444,DISTID4,1
NF_SGB,A,mineral,YC6,False,0,210,0,210,-1,-1,-1,-1,-1,-1,-1,-1,-1,-1,-1,-1,-1,-1,-1,-1,-1,-1,-1,-1,-1,1,3,A,757.917459788748,DISTID4,1
NF_Spruce17-20-nothin,A,mineral,YC17_20,False,0,210,0,210,-1,-1,-1,-1,-1,-1,-1,-1,-1,-1,-1,-1,-1,-1,-1,-1,-1,-1,-1,-1,-1,1,3,A,2.7595075445219632,DISTID4,2
NF_Spruce21-24-nothin,A,mineral,YC21_24,False,0,210,0,210,-1,-1,-1,-1,-1,-1,-1,-1,-1,-1,-1,-1,-1,-1,-1,-1,-1,-1,-1,-1,-1,1,3,A,240.82527221277567,DISTID4,2
NF_Spruce25-32-nothin,A,mineral,YC25_32,False,0,210,0,210,-1,-1,-1,-1,-1,-1,-1,-1,-1,-1,-1,-1,-1,-1,-1,-1,-1,-1,-1,-1,-1,1,3,A,198.49776045395444,DISTID4,2
NF_SGB,A,mineral,YC6,False,0,210,0,210,-1,-1,-1,-1,-1,-1,-1,-1,-1,-1,-1,-1,-1,-1,-1,-1,-1,-1,-1,-1,-1,1,3,A,757.917459788748,DISTID4,2
NF_Spruce17-20-nothin,A,mineral,YC17_20,False,0,210,0,210,-1,-1,-1,-1,-1,-1,-1,-1,-1,-1,-1,-1,-1,-1,-1,-1,-1,-1,-1,-1,-1,1,3,A,2.7595075445219632,DISTID4,3
NF_Spruce21-24-nothin,A,mineral,YC21_24,False,0,210,0,210,-1,-1,-1,-1,-1,-1,-1,-1,-1,-1,-1,-1,-1,-1,-1,-1,-1,-1,-1,-1,-1,1,3,A,240.82527221277567,DISTID4,3
NF_Spruce25-32-nothin,A,mineral,YC25_32,False,0,210,0,210,-1,-1,-1,-1,-1,-1,-1,-1,-1,-1,-1,-1,-1,-1,-1,-1,-1,-1,-1,-1,-1,1,3,A,198.49776045395444,DISTID4,3
NF_SGB,A,mineral,YC6,False,0,210,0,210,-1,-1,-1,-1,-1,-1,-1,-1,-1,-1,-1,-1,-1,-1,-1,-1,-1,-1,-1,-1,-1,1,3,A,757.917459788748,DISTID4,3
NF_Spruce17-20-nothin,A,mineral,YC17_20,False,0,210,0,210,-1,-1,-1,-1,-1,-1,-1,-1,-1,-1,-1,-1,-1,-1,-1,-1,-1,-1,-1,-1,-1,1,3,A,2.7595075445219632,DISTID4,4
NF_Spruce21-24-nothin,A,mineral,YC21_24,False,0,210,0,210,-1,-1,-1,-1,-1,-1,-1,-1,-1,-1,-1,-1,-1,-1,-1,-1,-1,-1,-1,-1,-1,1,3,A,240.82527221277567,DISTID4,4
NF_Spruce25-32-nothin,A,mineral,YC25_32,False,0,210,0,210,-1,-1,-1,-1,-1,-1,-1,-1,-1,-1,-1,-1,-1,-1,-1,-1,-1,-1,-1,-1,-1,1,3,A,198.49776045395444,DISTID4,4
NF_SGB,A,mineral,YC6,False,0,210,0,210,-1,-1,-1,-1,-1,-1,-1,-1,-1,-1,-1,-1,-1,-1,-1,-1,-1,-1,-1,-1,-1,1,3,A,757.917459788748,DISTID4,4
NF_Spruce17-20-nothin,A,mineral,YC17_20,False,0,210,0,210,-1,-1,-1,-1,-1,-1,-1,-1,-1,-1,-1,-1,-1,-1,-1,-1,-1,-1,-1,-1,-1,1,3,A,2.7595075445219632,DISTID4,5
NF_Spruce21-24-nothin,A,mineral,YC21_24,False,0,210,0,210,-1,-1,-1,-1,-1,-1,-1,-1,-1,-1,-1,-1,-1,-1,-1,-1,-1,-1,-1,-1,-1,1,3,A,240.82527221277567,DISTID4,5
NF_Spruce25-32-nothin,A,mineral,YC25_32,False,0,210,0,210,-1,-1,-1,-1,-1,-1,-1,-1,-1,-1,-1,-1,-1,-1,-1,-1,-1,-1,-1,-1,-1,1,3,A,198.49776045395444,DISTID4,5
NF_SGB,A,mineral,YC6,False,0,210,0,210,-1,-1,-1,-1,-1,-1,-1,-1,-1,-1,-1,-1,-1,-1,-1,-1,-1,-1,-1,-1,-1,1,3,A,757.917459788748,DISTID4,5
NF_Spruce17-20-nothin,A,mineral,YC17_20,False,0,210,0,210,-1,-1,-1,-1,-1,-1,-1,-1,-1,-1,-1,-1,-1,-1,-1,-1,-1,-1,-1,-1,-1,1,3,A,232.37676838472848,DISTID4,6
NF_Spruce21-24-nothin,A,mineral,YC21_24,False,0,210,0,210,-1,-1,-1,-1,-1,-1,-1,-1,-1,-1,-1,-1,-1,-1,-1,-1,-1,-1,-1,-1,-1,1,3,A,20279.777315075917,DISTID4,6
NF_Spruce25-32-nothin,A,mineral,YC25_32,False,0,210,0,210,-1,-1,-1,-1,-1,-1,-1,-1,-1,-1,-1,-1,-1,-1,-1,-1,-1,-1,-1,-1,-1,1,3,A,16715.398440371526,DISTID4,6
NF_SGB,A,mineral,YC6,False,0,210,0,210,-1,-1,-1,-1,-1,-1,-1,-1,-1,-1,-1,-1,-1,-1,-1,-1,-1,-1,-1,-1,-1,1,3,A,63823.85522290058,DISTID4,6
NF_Spruce17-20-nothin,A,mineral,YC17_20,False,0,210,0,210,-1,-1,-1,-1,-1,-1,-1,-1,-1,-1,-1,-1,-1,-1,-1,-1,-1,-1,-1,-1,-1,1,3,A,232.37676838472848,DISTID4,7
NF_Spruce21-24-nothin,A,mineral,YC21_24,False,0,210,0,210,-1,-1,-1,-1,-1,-1,-1,-1,-1,-1,-1,-1,-1,-1,-1,-1,-1,-1,-1,-1,-1,1,3,A,20279.777315075917,DISTID4,7
NF_Spruce25-32-nothin,A,mineral,YC25_32,False,0,210,0,210,-1,-1,-1,-1,-1,-1,-1,-1,-1,-1,-1,-1,-1,-1,-1,-1,-1,-1,-1,-1,-1,1,3,A,16715.398440371526,DISTID4,7
NF_SGB,A,mineral,YC6,False,0,210,0,210,-1,-1,-1,-1,-1,-1,-1,-1,-1,-1,-1,-1,-1,-1,-1,-1,-1,-1,-1,-1,-1,1,3,A,63823.85522290058,DISTID4,7
NF_Spruce17-20-nothin,A,mineral,YC17_20,False,0,210,0,210,-1,-1,-1,-1,-1,-1,-1,-1,-1,-1,-1,-1,-1,-1,-1,-1,-1,-1,-1,-1,-1,1,3,A,232.37676838472848,DISTID4,8
NF_Spruce21-24-nothin,A,mineral,YC21_24,False,0,210,0,210,-1,-1,-1,-1,-1,-1,-1,-1,-1,-1,-1,-1,-1,-1,-1,-1,-1,-1,-1,-1,-1,1,3,A,20279.777315075917,DISTID4,8
NF_Spruce25-32-nothin,A,mineral,YC25_32,False,0,210,0,210,-1,-1,-1,-1,-1,-1,-1,-1,-1,-1,-1,-1,-1,-1,-1,-1,-1,-1,-1,-1,-1,1,3,A,16715.398440371526,DISTID4,8
NF_SGB,A,mineral,YC6,False,0,210,0,210,-1,-1,-1,-1,-1,-1,-1,-1,-1,-1,-1,-1,-1,-1,-1,-1,-1,-1,-1,-1,-1,1,3,A,63823.85522290058,DISTID4,8
NF_Spruce17-20-nothin,A,mineral,YC17_20,False,0,210,0,210,-1,-1,-1,-1,-1,-1,-1,-1,-1,-1,-1,-1,-1,-1,-1,-1,-1,-1,-1,-1,-1,1,3,A,232.37676838472848,DISTID4,9
NF_Spruce21-24-nothin,A,mineral,YC21_24,False,0,210,0,210,-1,-1,-1,-1,-1,-1,-1,-1,-1,-1,-1,-1,-1,-1,-1,-1,-1,-1,-1,-1,-1,1,3,A,20279.777315075917,DISTID4,9
NF_Spruce25-32-nothin,A,mineral,YC25_32,False,0,210,0,210,-1,-1,-1,-1,-1,-1,-1,-1,-1,-1,-1,-1,-1,-1,-1,-1,-1,-1,-1,-1,-1,1,3,A,16715.398440371526,DISTID4,9
NF_SGB,A,mineral,YC6,False,0,210,0,210,-1,-1,-1,-1,-1,-1,-1,-1,-1,-1,-1,-1,-1,-1,-1,-1,-1,-1,-1,-1,-1,1,3,A,63823.85522290058,DISTID4,9
NF_Spruce17-20-nothin,A,mineral,YC17_20,False,0,210,0,210,-1,-1,-1,-1,-1,-1,-1,-1,-1,-1,-1,-1,-1,-1,-1,-1,-1,-1,-1,-1,-1,1,3,A,232.37676838472848,DISTID4,10
NF_Spruce21-24-nothin,A,mineral,YC21_24,False,0,210,0,210,-1,-1,-1,-1,-1,-1,-1,-1,-1,-1,-1,-1,-1,-1,-1,-1,-1,-1,-1,-1,-1,1,3,A,20279.777315075917,DISTID4,10
NF_Spruce25-32-nothin,A,mineral,YC25_32,False,0,210,0,210,-1,-1,-1,-1,-1,-1,-1,-1,-1,-1,-1,-1,-1,-1,-1,-1,-1,-1,-1,-1,-1,1,3,A,16715.398440371526,DISTID4,10
NF_SGB,A,mineral,YC6,False,0,210,0,210,-1,-1,-1,-1,-1,-1,-1,-1,-1,-1,-1,-1,-1,-1,-1,-1,-1,-1,-1,-1,-1,1,3,A,63823.85522290058,DISTID4,10
NF_Spruce17-20-nothin,A,mineral,YC17_20,False,0,210,0,210,-1,-1,-1,-1,-1,-1,-1,-1,-1,-1,-1,-1,-1,-1,-1,-1,-1,-1,-1,-1,-1,1,3,A,232.37676838472848,DISTID4,11
NF_Spruce21-24-nothin,A,mineral,YC21_24,False,0,210,0,210,-1,-1,-1,-1,-1,-1,-1,-1,-1,-1,-1,-1,-1,-1,-1,-1,-1,-1,-1,-1,-1,1,3,A,20279.777315075917,DISTID4,11
NF_Spruce25-32-nothin,A,mineral,YC25_32,False,0,210,0,210,-1,-1,-1,-1,-1,-1,-1,-1,-1,-1,-1,-1,-1,-1,-1,-1,-1,-1,-1,-1,-1,1,3,A,16715.398440371526,DISTID4,11
NF_SGB,A,mineral,YC6,False,0,210,0,210,-1,-1,-1,-1,-1,-1,-1,-1,-1,-1,-1,-1,-1,-1,-1,-1,-1,-1,-1,-1,-1,1,3,A,63823.85522290058,DISTID4,11
NF_Spruce17-20-nothin,A,mineral,YC17_20,False,0,210,0,210,-1,-1,-1,-1,-1,-1,-1,-1,-1,-1,-1,-1,-1,-1,-1,-1,-1,-1,-1,-1,-1,1,3,A,232.37676838472848,DISTID4,12
NF_Spruce21-24-nothin,A,mineral,YC21_24,False,0,210,0,210,-1,-1,-1,-1,-1,-1,-1,-1,-1,-1,-1,-1,-1,-1,-1,-1,-1,-1,-1,-1,-1,1,3,A,20279.777315075917,DISTID4,12
NF_Spruce25-32-nothin,A,mineral,YC25_32,False,0,210,0,210,-1,-1,-1,-1,-1,-1,-1,-1,-1,-1,-1,-1,-1,-1,-1,-1,-1,-1,-1,-1,-1,1,3,A,16715.398440371526,DISTID4,12
NF_SGB,A,mineral,YC6,False,0,210,0,210,-1,-1,-1,-1,-1,-1,-1,-1,-1,-1,-1,-1,-1,-1,-1,-1,-1,-1,-1,-1,-1,1,3,A,63823.85522290058,DISTID4,12
NF_Spruce17-20-nothin,A,mineral,YC17_20,False,0,210,0,210,-1,-1,-1,-1,-1,-1,-1,-1,-1,-1,-1,-1,-1,-1,-1,-1,-1,-1,-1,-1,-1,1,3,A,232.37676838472848,DISTID4,13
NF_Spruce21-24-nothin,A,mineral,YC21_24,False,0,210,0,210,-1,-1,-1,-1,-1,-1,-1,-1,-1,-1,-1,-1,-1,-1,-1,-1,-1,-1,-1,-1,-1,1,3,A,20279.777315075917,DISTID4,13
NF_Spruce25-32-nothin,A,mineral,YC25_32,False,0,210,0,210,-1,-1,-1,-1,-1,-1,-1,-1,-1,-1,-1,-1,-1,-1,-1,-1,-1,-1,-1,-1,-1,1,3,A,16715.398440371526,DISTID4,13
NF_SGB,A,mineral,YC6,False,0,210,0,210,-1,-1,-1,-1,-1,-1,-1,-1,-1,-1,-1,-1,-1,-1,-1,-1,-1,-1,-1,-1,-1,1,3,A,63823.85522290058,DISTID4,13
NF_Spruce17-20-nothin,A,mineral,YC17_20,False,0,210,0,210,-1,-1,-1,-1,-1,-1,-1,-1,-1,-1,-1,-1,-1,-1,-1,-1,-1,-1,-1,-1,-1,1,3,A,232.37676838472848,DISTID4,14
NF_Spruce21-24-nothin,A,mineral,YC21_24,False,0,210,0,210,-1,-1,-1,-1,-1,-1,-1,-1,-1,-1,-1,-1,-1,-1,-1,-1,-1,-1,-1,-1,-1,1,3,A,20279.777315075917,DISTID4,14
NF_Spruce25-32-nothin,A,mineral,YC25_32,False,0,210,0,210,-1,-1,-1,-1,-1,-1,-1,-1,-1,-1,-1,-1,-1,-1,-1,-1,-1,-1,-1,-1,-1,1,3,A,16715.398440371526,DISTID4,14
NF_SGB,A,mineral,YC6,False,0,210,0,210,-1,-1,-1,-1,-1,-1,-1,-1,-1,-1,-1,-1,-1,-1,-1,-1,-1,-1,-1,-1,-1,1,3,A,63823.85522290058,DISTID4,14
NF_Spruce17-20-nothin,A,mineral,YC17_20,False,0,210,0,210,-1,-1,-1,-1,-1,-1,-1,-1,-1,-1,-1,-1,-1,-1,-1,-1,-1,-1,-1,-1,-1,1,3,A,232.37676838472848,DISTID4,15
NF_Spruce21-24-nothin,A,mineral,YC21_24,False,0,210,0,210,-1,-1,-1,-1,-1,-1,-1,-1,-1,-1,-1,-1,-1,-1,-1,-1,-1,-1,-1,-1,-1,1,3,A,20279.777315075917,DISTID4,15
NF_Spruce25-32-nothin,A,mineral,YC25_32,False,0,210,0,210,-1,-1,-1,-1,-1,-1,-1,-1,-1,-1,-1,-1,-1,-1,-1,-1,-1,-1,-1,-1,-1,1,3,A,16715.398440371526,DISTID4,15
NF_SGB,A,mineral,YC6,False,0,210,0,210,-1,-1,-1,-1,-1,-1,-1,-1,-1,-1,-1,-1,-1,-1,-1,-1,-1,-1,-1,-1,-1,1,3,A,63823.85522290058,DISTID4,15
NF_Spruce17-20-nothin,A,mineral,YC17_20,False,0,210,0,210,-1,-1,-1,-1,-1,-1,-1,-1,-1,-1,-1,-1,-1,-1,-1,-1,-1,-1,-1,-1,-1,1,3,A,232.37676838472848,DISTID4,16
NF_Spruce21-24-nothin,A,mineral,YC21_24,False,0,210,0,210,-1,-1,-1,-1,-1,-1,-1,-1,-1,-1,-1,-1,-1,-1,-1,-1,-1,-1,-1,-1,-1,1,3,A,20279.777315075917,DISTID4,16
NF_Spruce25-32-nothin,A,mineral,YC25_32,False,0,210,0,210,-1,-1,-1,-1,-1,-1,-1,-1,-1,-1,-1,-1,-1,-1,-1,-1,-1,-1,-1,-1,-1,1,3,A,16715.398440371526,DISTID4,16
NF_SGB,A,mineral,YC6,False,0,210,0,210,-1,-1,-1,-1,-1,-1,-1,-1,-1,-1,-1,-1,-1,-1,-1,-1,-1,-1,-1,-1,-1,1,3,A,63823.85522290058,DISTID4,16
NF_Spruce17-20-nothin,A,mineral,YC17_20,False,0,210,0,210,-1,-1,-1,-1,-1,-1,-1,-1,-1,-1,-1,-1,-1,-1,-1,-1,-1,-1,-1,-1,-1,1,3,A,232.37676838472848,DISTID4,17
NF_Spruce21-24-nothin,A,mineral,YC21_24,False,0,210,0,210,-1,-1,-1,-1,-1,-1,-1,-1,-1,-1,-1,-1,-1,-1,-1,-1,-1,-1,-1,-1,-1,1,3,A,20279.777315075917,DISTID4,17
NF_Spruce25-32-nothin,A,mineral,YC25_32,False,0,210,0,210,-1,-1,-1,-1,-1,-1,-1,-1,-1,-1,-1,-1,-1,-1,-1,-1,-1,-1,-1,-1,-1,1,3,A,16715.398440371526,DISTID4,17
NF_SGB,A,mineral,YC6,False,0,210,0,210,-1,-1,-1,-1,-1,-1,-1,-1,-1,-1,-1,-1,-1,-1,-1,-1,-1,-1,-1,-1,-1,1,3,A,63823.85522290058,DISTID4,17
NF_Spruce17-20-nothin,A,mineral,YC17_20,False,0,210,0,210,-1,-1,-1,-1,-1,-1,-1,-1,-1,-1,-1,-1,-1,-1,-1,-1,-1,-1,-1,-1,-1,1,3,A,232.37676838472848,DISTID4,18
NF_Spruce21-24-nothin,A,mineral,YC21_24,False,0,210,0,210,-1,-1,-1,-1,-1,-1,-1,-1,-1,-1,-1,-1,-1,-1,-1,-1,-1,-1,-1,-1,-1,1,3,A,20279.777315075917,DISTID4,18
NF_Spruce25-32-nothin,A,mineral,YC25_32,False,0,210,0,210,-1,-1,-1,-1,-1,-1,-1,-1,-1,-1,-1,-1,-1,-1,-1,-1,-1,-1,-1,-1,-1,1,3,A,16715.398440371526,DISTID4,18
NF_SGB,A,mineral,YC6,False,0,210,0,210,-1,-1,-1,-1,-1,-1,-1,-1,-1,-1,-1,-1,-1,-1,-1,-1,-1,-1,-1,-1,-1,1,3,A,63823.85522290058,DISTID4,18
NF_Spruce17-20-nothin,A,mineral,YC17_20,False,0,210,0,210,-1,-1,-1,-1,-1,-1,-1,-1,-1,-1,-1,-1,-1,-1,-1,-1,-1,-1,-1,-1,-1,1,3,A,232.37676838472848,DISTID4,19
NF_Spruce21-24-nothin,A,mineral,YC21_24,False,0,210,0,210,-1,-1,-1,-1,-1,-1,-1,-1,-1,-1,-1,-1,-1,-1,-1,-1,-1,-1,-1,-1,-1,1,3,A,20279.777315075917,DISTID4,19
NF_Spruce25-32-nothin,A,mineral,YC25_32,False,0,210,0,210,-1,-1,-1,-1,-1,-1,-1,-1,-1,-1,-1,-1,-1,-1,-1,-1,-1,-1,-1,-1,-1,1,3,A,16715.398440371526,DISTID4,19
NF_SGB,A,mineral,YC6,False,0,210,0,210,-1,-1,-1,-1,-1,-1,-1,-1,-1,-1,-1,-1,-1,-1,-1,-1,-1,-1,-1,-1,-1,1,3,A,63823.85522290058,DISTID4,19
NF_Spruce17-20-nothin,A,mineral,YC17_20,False,0,210,0,210,-1,-1,-1,-1,-1,-1,-1,-1,-1,-1,-1,-1,-1,-1,-1,-1,-1,-1,-1,-1,-1,1,3,A,232.37676838472848,DISTID4,20
NF_Spruce21-24-nothin,A,mineral,YC21_24,False,0,210,0,210,-1,-1,-1,-1,-1,-1,-1,-1,-1,-1,-1,-1,-1,-1,-1,-1,-1,-1,-1,-1,-1,1,3,A,20279.777315075917,DISTID4,20
NF_Spruce25-32-nothin,A,mineral,YC25_32,False,0,210,0,210,-1,-1,-1,-1,-1,-1,-1,-1,-1,-1,-1,-1,-1,-1,-1,-1,-1,-1,-1,-1,-1,1,3,A,16715.398440371526,DISTID4,20
NF_SGB,A,mineral,YC6,False,0,210,0,210,-1,-1,-1,-1,-1,-1,-1,-1,-1,-1,-1,-1,-1,-1,-1,-1,-1,-1,-1,-1,-1,1,3,A,63823.85522290058,DISTID4,20
NF_Spruce17-20-nothin,A,mineral,YC17_20,False,0,210,0,210,-1,-1,-1,-1,-1,-1,-1,-1,-1,-1,-1,-1,-1,-1,-1,-1,-1,-1,-1,-1,-1,1,3,A,232.37676838472848,DISTID4,21
NF_Spruce21-24-nothin,A,mineral,YC21_24,False,0,210,0,210,-1,-1,-1,-1,-1,-1,-1,-1,-1,-1,-1,-1,-1,-1,-1,-1,-1,-1,-1,-1,-1,1,3,A,20279.777315075917,DISTID4,21
NF_Spruce25-32-nothin,A,mineral,YC25_32,False,0,210,0,210,-1,-1,-1,-1,-1,-1,-1,-1,-1,-1,-1,-1,-1,-1,-1,-1,-1,-1,-1,-1,-1,1,3,A,16715.398440371526,DISTID4,21
NF_SGB,A,mineral,YC6,False,0,210,0,210,-1,-1,-1,-1,-1,-1,-1,-1,-1,-1,-1,-1,-1,-1,-1,-1,-1,-1,-1,-1,-1,1,3,A,63823.85522290058,DISTID4,21
NF_Spruce17-20-nothin,A,mineral,YC17_20,False,0,210,0,210,-1,-1,-1,-1,-1,-1,-1,-1,-1,-1,-1,-1,-1,-1,-1,-1,-1,-1,-1,-1,-1,1,3,A,232.37676838472848,DISTID4,22
NF_Spruce21-24-nothin,A,mineral,YC21_24,False,0,210,0,210,-1,-1,-1,-1,-1,-1,-1,-1,-1,-1,-1,-1,-1,-1,-1,-1,-1,-1,-1,-1,-1,1,3,A,20279.777315075917,DISTID4,22
NF_Spruce25-32-nothin,A,mineral,YC25_32,False,0,210,0,210,-1,-1,-1,-1,-1,-1,-1,-1,-1,-1,-1,-1,-1,-1,-1,-1,-1,-1,-1,-1,-1,1,3,A,16715.398440371526,DISTID4,22
NF_SGB,A,mineral,YC6,False,0,210,0,210,-1,-1,-1,-1,-1,-1,-1,-1,-1,-1,-1,-1,-1,-1,-1,-1,-1,-1,-1,-1,-1,1,3,A,63823.85522290058,DISTID4,22
NF_Spruce17-20-nothin,A,mineral,YC17_20,False,0,210,0,210,-1,-1,-1,-1,-1,-1,-1,-1,-1,-1,-1,-1,-1,-1,-1,-1,-1,-1,-1,-1,-1,1,3,A,232.37676838472848,DISTID4,23
NF_Spruce21-24-nothin,A,mineral,YC21_24,False,0,210,0,210,-1,-1,-1,-1,-1,-1,-1,-1,-1,-1,-1,-1,-1,-1,-1,-1,-1,-1,-1,-1,-1,1,3,A,20279.777315075917,DISTID4,23
NF_Spruce25-32-nothin,A,mineral,YC25_32,False,0,210,0,210,-1,-1,-1,-1,-1,-1,-1,-1,-1,-1,-1,-1,-1,-1,-1,-1,-1,-1,-1,-1,-1,1,3,A,16715.398440371526,DISTID4,23
NF_SGB,A,mineral,YC6,False,0,210,0,210,-1,-1,-1,-1,-1,-1,-1,-1,-1,-1,-1,-1,-1,-1,-1,-1,-1,-1,-1,-1,-1,1,3,A,63823.85522290058,DISTID4,23
NF_Spruce17-20-nothin,A,mineral,YC17_20,False,0,210,0,210,-1,-1,-1,-1,-1,-1,-1,-1,-1,-1,-1,-1,-1,-1,-1,-1,-1,-1,-1,-1,-1,1,3,A,232.37676838472848,DISTID4,24
NF_Spruce21-24-nothin,A,mineral,YC21_24,False,0,210,0,210,-1,-1,-1,-1,-1,-1,-1,-1,-1,-1,-1,-1,-1,-1,-1,-1,-1,-1,-1,-1,-1,1,3,A,20279.777315075917,DISTID4,24
NF_Spruce25-32-nothin,A,mineral,YC25_32,False,0,210,0,210,-1,-1,-1,-1,-1,-1,-1,-1,-1,-1,-1,-1,-1,-1,-1,-1,-1,-1,-1,-1,-1,1,3,A,16715.398440371526,DISTID4,24
NF_SGB,A,mineral,YC6,False,0,210,0,210,-1,-1,-1,-1,-1,-1,-1,-1,-1,-1,-1,-1,-1,-1,-1,-1,-1,-1,-1,-1,-1,1,3,A,63823.85522290058,DISTID4,24
NF_Spruce17-20-nothin,A,mineral,YC17_20,False,0,210,0,210,-1,-1,-1,-1,-1,-1,-1,-1,-1,-1,-1,-1,-1,-1,-1,-1,-1,-1,-1,-1,-1,1,3,A,232.37676838472848,DISTID4,25
NF_Spruce21-24-nothin,A,mineral,YC21_24,False,0,210,0,210,-1,-1,-1,-1,-1,-1,-1,-1,-1,-1,-1,-1,-1,-1,-1,-1,-1,-1,-1,-1,-1,1,3,A,20279.777315075917,DISTID4,25
NF_Spruce25-32-nothin,A,mineral,YC25_32,False,0,210,0,210,-1,-1,-1,-1,-1,-1,-1,-1,-1,-1,-1,-1,-1,-1,-1,-1,-1,-1,-1,-1,-1,1,3,A,16715.398440371526,DISTID4,25
NF_SGB,A,mineral,YC6,False,0,210,0,210,-1,-1,-1,-1,-1,-1,-1,-1,-1,-1,-1,-1,-1,-1,-1,-1,-1,-1,-1,-1,-1,1,3,A,63823.85522290058,DISTID4,25
NF_Spruce17-20-nothin,A,mineral,YC17_20,False,0,210,0,210,-1,-1,-1,-1,-1,-1,-1,-1,-1,-1,-1,-1,-1,-1,-1,-1,-1,-1,-1,-1,-1,1,3,A,232.37676838472848,DISTID4,26
NF_Spruce21-24-nothin,A,mineral,YC21_24,False,0,210,0,210,-1,-1,-1,-1,-1,-1,-1,-1,-1,-1,-1,-1,-1,-1,-1,-1,-1,-1,-1,-1,-1,1,3,A,20279.777315075917,DISTID4,26
NF_Spruce25-32-nothin,A,mineral,YC25_32,False,0,210,0,210,-1,-1,-1,-1,-1,-1,-1,-1,-1,-1,-1,-1,-1,-1,-1,-1,-1,-1,-1,-1,-1,1,3,A,16715.398440371526,DISTID4,26
NF_SGB,A,mineral,YC6,False,0,210,0,210,-1,-1,-1,-1,-1,-1,-1,-1,-1,-1,-1,-1,-1,-1,-1,-1,-1,-1,-1,-1,-1,1,3,A,63823.85522290058,DISTID4,26
NF_Spruce17-20-nothin,A,mineral,YC17_20,False,0,210,0,210,-1,-1,-1,-1,-1,-1,-1,-1,-1,-1,-1,-1,-1,-1,-1,-1,-1,-1,-1,-1,-1,1,3,A,232.37676838472848,DISTID4,27
NF_Spruce21-24-nothin,A,mineral,YC21_24,False,0,210,0,210,-1,-1,-1,-1,-1,-1,-1,-1,-1,-1,-1,-1,-1,-1,-1,-1,-1,-1,-1,-1,-1,1,3,A,20279.777315075917,DISTID4,27
NF_Spruce25-32-nothin,A,mineral,YC25_32,False,0,210,0,210,-1,-1,-1,-1,-1,-1,-1,-1,-1,-1,-1,-1,-1,-1,-1,-1,-1,-1,-1,-1,-1,1,3,A,16715.398440371526,DISTID4,27
NF_SGB,A,mineral,YC6,False,0,210,0,210,-1,-1,-1,-1,-1,-1,-1,-1,-1,-1,-1,-1,-1,-1,-1,-1,-1,-1,-1,-1,-1,1,3,A,63823.85522290058,DISTID4,27
NF_Spruce17-20-nothin,A,mineral,YC17_20,False,0,210,0,210,-1,-1,-1,-1,-1,-1,-1,-1,-1,-1,-1,-1,-1,-1,-1,-1,-1,-1,-1,-1,-1,1,3,A,232.37676838472848,DISTID4,28
NF_Spruce21-24-nothin,A,mineral,YC21_24,False,0,210,0,210,-1,-1,-1,-1,-1,-1,-1,-1,-1,-1,-1,-1,-1,-1,-1,-1,-1,-1,-1,-1,-1,1,3,A,20279.777315075917,DISTID4,28
NF_Spruce25-32-nothin,A,mineral,YC25_32,False,0,210,0,210,-1,-1,-1,-1,-1,-1,-1,-1,-1,-1,-1,-1,-1,-1,-1,-1,-1,-1,-1,-1,-1,1,3,A,16715.398440371526,DISTID4,28
NF_SGB,A,mineral,YC6,False,0,210,0,210,-1,-1,-1,-1,-1,-1,-1,-1,-1,-1,-1,-1,-1,-1,-1,-1,-1,-1,-1,-1,-1,1,3,A,63823.85522290058,DISTID4,28
NF_Spruce17-20-nothin,A,mineral,YC17_20,False,0,210,0,210,-1,-1,-1,-1,-1,-1,-1,-1,-1,-1,-1,-1,-1,-1,-1,-1,-1,-1,-1,-1,-1,1,3,A,232.37676838472848,DISTID4,29
NF_Spruce21-24-nothin,A,mineral,YC21_24,False,0,210,0,210,-1,-1,-1,-1,-1,-1,-1,-1,-1,-1,-1,-1,-1,-1,-1,-1,-1,-1,-1,-1,-1,1,3,A,20279.777315075917,DISTID4,29
NF_Spruce25-32-nothin,A,mineral,YC25_32,False,0,210,0,210,-1,-1,-1,-1,-1,-1,-1,-1,-1,-1,-1,-1,-1,-1,-1,-1,-1,-1,-1,-1,-1,1,3,A,16715.398440371526,DISTID4,29
NF_SGB,A,mineral,YC6,False,0,210,0,210,-1,-1,-1,-1,-1,-1,-1,-1,-1,-1,-1,-1,-1,-1,-1,-1,-1,-1,-1,-1,-1,1,3,A,63823.85522290058,DISTID4,29
NF_Spruce17-20-nothin,A,mineral,YC17_20,False,0,210,0,210,-1,-1,-1,-1,-1,-1,-1,-1,-1,-1,-1,-1,-1,-1,-1,-1,-1,-1,-1,-1,-1,1,3,A,232.37676838472848,DISTID4,30
NF_Spruce21-24-nothin,A,mineral,YC21_24,False,0,210,0,210,-1,-1,-1,-1,-1,-1,-1,-1,-1,-1,-1,-1,-1,-1,-1,-1,-1,-1,-1,-1,-1,1,3,A,20279.777315075917,DISTID4,30
NF_Spruce25-32-nothin,A,mineral,YC25_32,False,0,210,0,210,-1,-1,-1,-1,-1,-1,-1,-1,-1,-1,-1,-1,-1,-1,-1,-1,-1,-1,-1,-1,-1,1,3,A,16715.398440371526,DISTID4,30
NF_SGB,A,mineral,YC6,False,0,210,0,210,-1,-1,-1,-1,-1,-1,-1,-1,-1,-1,-1,-1,-1,-1,-1,-1,-1,-1,-1,-1,-1,1,3,A,63823.85522290058,DISTID4,30
Spruce25-32-nothin,L,mineral,YC25_32,False,15,26,15,26,3,-1,-1,-1,-1,-1,-1,-1,-1,-1,-1,-1,-1,-1,-1,-1,-1,-1,-1,-1,-1,1,3,A,39.69955209079089,DISTID2,15
Spruce25-32-nothin,L,mineral,YC25_32,False,15,26,15,26,3,-1,-1,-1,-1,-1,-1,-1,-1,-1,-1,-1,-1,-1,-1,-1,-1,-1,-1,-1,-1,1,3,A,39.69955209079089,DISTID2,16
Spruce25-32-nothin,L,mineral,YC25_32,False,15,26,15,26,3,-1,-1,-1,-1,-1,-1,-1,-1,-1,-1,-1,-1,-1,-1,-1,-1,-1,-1,-1,-1,1,3,A,39.69955209079089,DISTID2,17
Spruce21-24-nothin,L,mineral,YC21_24,False,18,29,18,29,4,-1,-1,-1,-1,-1,-1,-1,-1,-1,-1,-1,-1,-1,-1,-1,-1,-1,-1,-1,-1,1,3,A,48.16505444255514,DISTID2,18
Spruce25-32-nothin,L,mineral,YC25_32,False,15,26,15,26,3,-1,-1,-1,-1,-1,-1,-1,-1,-1,-1,-1,-1,-1,-1,-1,-1,-1,-1,-1,-1,1,3,A,79.39910418158178,DISTID2,18
Spruce21-24-nothin,L,mineral,YC21_24,False,18,29,18,29,4,-1,-1,-1,-1,-1,-1,-1,-1,-1,-1,-1,-1,-1,-1,-1,-1,-1,-1,-1,-1,1,3,A,48.16505444255514,DISTID2,19
Spruce25-32-nothin,L,mineral,YC25_32,False,15,26,15,26,3,-1,-1,-1,-1,-1,-1,-1,-1,-1,-1,-1,-1,-1,-1,-1,-1,-1,-1,-1,-1,1,3,A,79.39910418158178,DISTID2,19
Spruce17-20-nothin,L,mineral,YC17_20,False,20,33,20,33,5,-1,-1,-1,-1,-1,-1,-1,-1,-1,-1,-1,-1,-1,-1,-1,-1,-1,-1,-1,-1,1,3,A,0.5519015089043927,DISTID2,20
Spruce21-24-nothin,L,mineral,YC21_24,False,18,29,18,29,4,-1,-1,-1,-1,-1,-1,-1,-1,-1,-1,-1,-1,-1,-1,-1,-1,-1,-1,-1,-1,1,3,A,48.16505444255514,DISTID2,20
Spruce25-32-nothin,L,mineral,YC25_32,False,15,26,15,26,3,-1,-1,-1,-1,-1,-1,-1,-1,-1,-1,-1,-1,-1,-1,-1,-1,-1,-1,-1,-1,1,3,A,3382.7792401650963,DISTID2,20
Spruce17-20-nothin,L,mineral,YC17_20,False,20,33,20,33,5,-1,-1,-1,-1,-1,-1,-1,-1,-1,-1,-1,-1,-1,-1,-1,-1,-1,-1,-1,-1,1,3,A,0.5519015089043927,DISTID2,21
Spruce21-24-nothin,L,mineral,YC21_24,False,18,29,18,29,4,-1,-1,-1,-1,-1,-1,-1,-1,-1,-1,-1,-1,-1,-1,-1,-1,-1,-1,-1,-1,1,3,A,48.16505444255514,DISTID2,21
Spruce25-32-nothin,L,mineral,YC25_32,False,15,26,15,26,3,-1,-1,-1,-1,-1,-1,-1,-1,-1,-1,-1,-1,-1,-1,-1,-1,-1,-1,-1,-1,1,3,A,3422.478792255887,DISTID2,21
Spruce17-20-nothin,L,mineral,YC17_20,False,20,33,20,33,5,-1,-1,-1,-1,-1,-1,-1,-1,-1,-1,-1,-1,-1,-1,-1,-1,-1,-1,-1,-1,1,3,A,0.5519015089043927,DISTID2,22
Spruce21-24-nothin,L,mineral,YC21_24,False,18,29,18,29,4,-1,-1,-1,-1,-1,-1,-1,-1,-1,-1,-1,-1,-1,-1,-1,-1,-1,-1,-1,-1,1,3,A,96.33010888511028,DISTID2,22
Spruce25-32-nothin,L,mineral,YC25_32,False,15,26,15,26,3,-1,-1,-1,-1,-1,-1,-1,-1,-1,-1,-1,-1,-1,-1,-1,-1,-1,-1,-1,-1,1,3,A,3422.478792255887,DISTID2,22
Spruce17-20-nothin,L,mineral,YC17_20,False,20,33,20,33,5,-1,-1,-1,-1,-1,-1,-1,-1,-1,-1,-1,-1,-1,-1,-1,-1,-1,-1,-1,-1,1,3,A,0.5519015089043927,DISTID2,23
Spruce21-24-nothin,L,mineral,YC21_24,False,18,29,18,29,4,-1,-1,-1,-1,-1,-1,-1,-1,-1,-1,-1,-1,-1,-1,-1,-1,-1,-1,-1,-1,1,3,A,4104.120517457739,DISTID2,23
Spruce25-32-nothin,L,mineral,YC25_32,False,15,26,15,26,3,-1,-1,-1,-1,-1,-1,-1,-1,-1,-1,-1,-1,-1,-1,-1,-1,-1,-1,-1,-1,1,3,A,6725.858928239402,DISTID2,23
Spruce17-20-nothin,L,mineral,YC17_20,False,20,33,20,33,5,-1,-1,-1,-1,-1,-1,-1,-1,-1,-1,-1,-1,-1,-1,-1,-1,-1,-1,-1,-1,1,3,A,0.5519015089043927,DISTID2,24
Spruce21-24-nothin,L,mineral,YC21_24,False,18,29,18,29,4,-1,-1,-1,-1,-1,-1,-1,-1,-1,-1,-1,-1,-1,-1,-1,-1,-1,-1,-1,-1,1,3,A,4104.120517457739,DISTID2,24
Spruce25-32-nothin,L,mineral,YC25_32,False,15,26,15,26,3,-1,-1,-1,-1,-1,-1,-1,-1,-1,-1,-1,-1,-1,-1,-1,-1,-1,-1,-1,-1,1,3,A,6765.558480330194,DISTID2,24
Spruce17-20-nothin,L,mineral,YC17_20,False,20,33,20,33,5,-1,-1,-1,-1,-1,-1,-1,-1,-1,-1,-1,-1,-1,-1,-1,-1,-1,-1,-1,-1,1,3,A,47.027255185850095,DISTID2,25
Spruce21-24-nothin,L,mineral,YC21_24,False,18,29,18,29,4,-1,-1,-1,-1,-1,-1,-1,-1,-1,-1,-1,-1,-1,-1,-1,-1,-1,-1,-1,-1,1,3,A,4104.120517457739,DISTID2,25
Spruce25-32-nothin,L,mineral,YC25_32,False,15,26,15,26,3,-1,-1,-1,-1,-1,-1,-1,-1,-1,-1,-1,-1,-1,-1,-1,-1,-1,-1,-1,-1,1,3,A,6765.558480330194,DISTID2,25
Spruce17-20-nothin,L,mineral,YC17_20,False,20,33,20,33,5,-1,-1,-1,-1,-1,-1,-1,-1,-1,-1,-1,-1,-1,-1,-1,-1,-1,-1,-1,-1,1,3,A,47.027255185850095,DISTID2,26
Spruce21-24-nothin,L,mineral,YC21_24,False,18,29,18,29,4,-1,-1,-1,-1,-1,-1,-1,-1,-1,-1,-1,-1,-1,-1,-1,-1,-1,-1,-1,-1,1,3,A,4152.285571900294,DISTID2,26
Spruce25-32-nothin,L,mineral,YC25_32,False,15,26,15,26,3,-1,-1,-1,-1,-1,-1,-1,-1,-1,-1,-1,-1,-1,-1,-1,-1,-1,-1,-1,-1,1,3,A,10068.938616313708,DISTID2,26
Spruce25-32-nothin,L,mineral,YC25_32,False,27,200,27,200,-1,-1,-1,-1,-1,-1,-1,-1,-1,-1,-1,-1,-1,-1,-1,-1,-1,-1,-1,-1,-1,1,3,A,39.699552090790895,DISTID1,27
Spruce17-20-nothin,L,mineral,YC17_20,False,20,33,20,33,5,-1,-1,-1,-1,-1,-1,-1,-1,-1,-1,-1,-1,-1,-1,-1,-1,-1,-1,-1,-1,1,3,A,47.027255185850095,DISTID2,27
Spruce21-24-nothin,L,mineral,YC21_24,False,18,29,18,29,4,-1,-1,-1,-1,-1,-1,-1,-1,-1,-1,-1,-1,-1,-1,-1,-1,-1,-1,-1,-1,1,3,A,8160.075980472922,DISTID2,27
Spruce25-32-nothin,L,mineral,YC25_32,False,15,26,15,26,3,-1,-1,-1,-1,-1,-1,-1,-1,-1,-1,-1,-1,-1,-1,-1,-1,-1,-1,-1,-1,1,3,A,10068.938616313708,DISTID2,27
Spruce25-32-nothin,L,mineral,YC25_32,False,27,200,27,200,-1,-1,-1,-1,-1,-1,-1,-1,-1,-1,-1,-1,-1,-1,-1,-1,-1,-1,-1,-1,-1,1,3,A,71.45919376342361,DISTID1,28
Spruce17-20-nothin,L,mineral,YC17_20,False,20,33,20,33,5,-1,-1,-1,-1,-1,-1,-1,-1,-1,-1,-1,-1,-1,-1,-1,-1,-1,-1,-1,-1,1,3,A,47.027255185850095,DISTID2,28
Spruce21-24-nothin,L,mineral,YC21_24,False,18,29,18,29,4,-1,-1,-1,-1,-1,-1,-1,-1,-1,-1,-1,-1,-1,-1,-1,-1,-1,-1,-1,-1,1,3,A,8160.075980472922,DISTID2,28
Spruce25-32-nothin,L,mineral,YC25_32,False,15,26,15,26,3,-1,-1,-1,-1,-1,-1,-1,-1,-1,-1,-1,-1,-1,-1,-1,-1,-1,-1,-1,-1,1,3,A,10068.938616313708,DISTID2,28
Spruce25-32-nothin,L,mineral,YC25_32,False,27,200,27,200,-1,-1,-1,-1,-1,-1,-1,-1,-1,-1,-1,-1,-1,-1,-1,-1,-1,-1,-1,-1,-1,1,3,A,96.86690710152979,DISTID1,29
Spruce17-20-nothin,L,mineral,YC17_20,False,20,33,20,33,5,-1,-1,-1,-1,-1,-1,-1,-1,-1,-1,-1,-1,-1,-1,-1,-1,-1,-1,-1,-1,1,3,A,47.027255185850095,DISTID2,29
Spruce21-24-nothin,L,mineral,YC21_24,False,18,29,18,29,4,-1,-1,-1,-1,-1,-1,-1,-1,-1,-1,-1,-1,-1,-1,-1,-1,-1,-1,-1,-1,1,3,A,8160.075980472922,DISTID2,29
Spruce25-32-nothin,L,mineral,YC25_32,False,15,26,15,26,3,-1,-1,-1,-1,-1,-1,-1,-1,-1,-1,-1,-1,-1,-1,-1,-1,-1,-1,-1,-1,1,3,A,13372.318752297224,DISTID2,29
Spruce21-24-nothin,L,mineral,YC21_24,False,30,200,30,200,-1,-1,-1,-1,-1,-1,-1,-1,-1,-1,-1,-1,-1,-1,-1,-1,-1,-1,-1,-1,-1,1,3,A,48.165054442555146,DISTID1,30
Spruce25-32-nothin,L,mineral,YC25_32,False,27,200,27,200,-1,-1,-1,-1,-1,-1,-1,-1,-1,-1,-1,-1,-1,-1,-1,-1,-1,-1,-1,-1,-1,1,3,A,117.19307777201473,DISTID1,30
Spruce17-20-nothin,L,mineral,YC17_20,False,20,33,20,33,5,-1,-1,-1,-1,-1,-1,-1,-1,-1,-1,-1,-1,-1,-1,-1,-1,-1,-1,-1,-1,1,3,A,93.5026088627958,DISTID2,30
Spruce21-24-nothin,L,mineral,YC21_24,False,18,29,18,29,4,-1,-1,-1,-1,-1,-1,-1,-1,-1,-1,-1,-1,-1,-1,-1,-1,-1,-1,-1,-1,1,3,A,8160.075980472922,DISTID2,30
Spruce25-32-nothin,L,mineral,YC25_32,False,15,26,15,26,3,-1,-1,-1,-1,-1,-1,-1,-1,-1,-1,-1,-1,-1,-1,-1,-1,-1,-1,-1,-1,1,3,A,13372.318752297224,DISTID2,30
Spruce21-24-nothin,L,mineral,YC21_24,False,30,200,30,200,-1,-1,-1,-1,-1,-1,-1,-1,-1,-1,-1,-1,-1,-1,-1,-1,-1,-1,-1,-1,-1,1,3,A,86.69709799659927,DISTID1,31
Spruce25-32-nothin,L,mineral,YC25_32,False,27,200,27,200,-1,-1,-1,-1,-1,-1,-1,-1,-1,-1,-1,-1,-1,-1,-1,-1,-1,-1,-1,-1,-1,1,3,A,133.4540143084027,DISTID1,31
Spruce17-20-nothin,L,mineral,YC17_20,False,20,33,20,33,5,-1,-1,-1,-1,-1,-1,-1,-1,-1,-1,-1,-1,-1,-1,-1,-1,-1,-1,-1,-1,1,3,A,93.5026088627958,DISTID2,31
Spruce21-24-nothin,L,mineral,YC21_24,False,18,29,18,29,4,-1,-1,-1,-1,-1,-1,-1,-1,-1,-1,-1,-1,-1,-1,-1,-1,-1,-1,-1,-1,1,3,A,12167.86638904555,DISTID2,31
Spruce25-32-nothin,L,mineral,YC25_32,False,15,26,15,26,3,-1,-1,-1,-1,-1,-1,-1,-1,-1,-1,-1,-1,-1,-1,-1,-1,-1,-1,-1,-1,1,3,A,13372.318752297224,DISTID2,31
Spruce21-24-nothin,L,mineral,YC21_24,False,30,200,30,200,-1,-1,-1,-1,-1,-1,-1,-1,-1,-1,-1,-1,-1,-1,-1,-1,-1,-1,-1,-1,-1,1,3,A,117.52273283983456,DISTID1,32
Spruce25-32-nothin,L,mineral,YC25_32,False,27,200,27,200,-1,-1,-1,-1,-1,-1,-1,-1,-1,-1,-1,-1,-1,-1,-1,-1,-1,-1,-1,-1,-1,1,3,A,3449.8428995210284,DISTID1,32
Spruce17-20-nothin,L,mineral,YC17_20,False,20,33,20,33,5,-1,-1,-1,-1,-1,-1,-1,-1,-1,-1,-1,-1,-1,-1,-1,-1,-1,-1,-1,-1,1,3,A,93.5026088627958,DISTID2,32
Spruce21-24-nothin,L,mineral,YC21_24,False,18,29,18,29,4,-1,-1,-1,-1,-1,-1,-1,-1,-1,-1,-1,-1,-1,-1,-1,-1,-1,-1,-1,-1,1,3,A,12167.86638904555,DISTID2,32
Spruce25-32-nothin,L,mineral,YC25_32,False,15,26,15,26,3,-1,-1,-1,-1,-1,-1,-1,-1,-1,-1,-1,-1,-1,-1,-1,-1,-1,-1,-1,-1,1,3,A,13372.318752297224,DISTID2,32
Spruce21-24-nothin,L,mineral,YC21_24,False,30,200,30,200,-1,-1,-1,-1,-1,-1,-1,-1,-1,-1,-1,-1,-1,-1,-1,-1,-1,-1,-1,-1,-1,1,3,A,142.1832407144228,DISTID1,33
Spruce25-32-nothin,L,mineral,YC25_32,False,27,200,27,200,-1,-1,-1,-1,-1,-1,-1,-1,-1,-1,-1,-1,-1,-1,-1,-1,-1,-1,-1,-1,-1,1,3,A,6102.954007691129,DISTID1,33
Spruce17-20-nothin,L,mineral,YC17_20,False,20,33,20,33,5,-1,-1,-1,-1,-1,-1,-1,-1,-1,-1,-1,-1,-1,-1,-1,-1,-1,-1,-1,-1,1,3,A,93.5026088627958,DISTID2,33
Spruce21-24-nothin,L,mineral,YC21_24,False,18,29,18,29,4,-1,-1,-1,-1,-1,-1,-1,-1,-1,-1,-1,-1,-1,-1,-1,-1,-1,-1,-1,-1,1,3,A,12167.86638904555,DISTID2,33
Spruce25-32-nothin,L,mineral,YC25_32,False,15,26,15,26,3,-1,-1,-1,-1,-1,-1,-1,-1,-1,-1,-1,-1,-1,-1,-1,-1,-1,-1,-1,-1,1,3,A,13372.318752297224,DISTID2,33
Spruce17-20-nothin,L,mineral,YC17_20,False,34,200,34,200,-1,-1,-1,-1,-1,-1,-1,-1,-1,-1,-1,-1,-1,-1,-1,-1,-1,-1,-1,-1,-1,1,3,A,0.5519015089043927,DISTID1,34
Spruce21-24-nothin,L,mineral,YC21_24,False,30,200,30,200,-1,-1,-1,-1,-1,-1,-1,-1,-1,-1,-1,-1,-1,-1,-1,-1,-1,-1,-1,-1,-1,1,3,A,161.9116470140934,DISTID1,34
Spruce25-32-nothin,L,mineral,YC25_32,False,27,200,27,200,-1,-1,-1,-1,-1,-1,-1,-1,-1,-1,-1,-1,-1,-1,-1,-1,-1,-1,-1,-1,-1,1,3,A,8225.44289422721,DISTID1,34
Spruce17-20-nothin,L,mineral,YC17_20,False,20,33,20,33,5,-1,-1,-1,-1,-1,-1,-1,-1,-1,-1,-1,-1,-1,-1,-1,-1,-1,-1,-1,-1,1,3,A,93.5026088627958,DISTID2,34
Spruce21-24-nothin,L,mineral,YC21_24,False,18,29,18,29,4,-1,-1,-1,-1,-1,-1,-1,-1,-1,-1,-1,-1,-1,-1,-1,-1,-1,-1,-1,-1,1,3,A,12167.86638904555,DISTID2,34
Spruce25-32-nothin,L,mineral,YC25_32,False,15,26,15,26,3,-1,-1,-1,-1,-1,-1,-1,-1,-1,-1,-1,-1,-1,-1,-1,-1,-1,-1,-1,-1,1,3,A,13372.318752297224,DISTID2,34
Spruce17-20-nothin,L,mineral,YC17_20,False,34,200,34,200,-1,-1,-1,-1,-1,-1,-1,-1,-1,-1,-1,-1,-1,-1,-1,-1,-1,-1,-1,-1,-1,1,3,A,0.9934227160279069,DISTID1,35
Spruce21-24-nothin,L,mineral,YC21_24,False,30,200,30,200,-1,-1,-1,-1,-1,-1,-1,-1,-1,-1,-1,-1,-1,-1,-1,-1,-1,-1,-1,-1,-1,1,3,A,4185.484780626459,DISTID1,35
Spruce25-32-nothin,L,mineral,YC25_32,False,27,200,27,200,-1,-1,-1,-1,-1,-1,-1,-1,-1,-1,-1,-1,-1,-1,-1,-1,-1,-1,-1,-1,-1,1,3,A,9923.434003456076,DISTID1,35
Spruce17-20-nothin,L,mineral,YC17_20,False,20,33,20,33,5,-1,-1,-1,-1,-1,-1,-1,-1,-1,-1,-1,-1,-1,-1,-1,-1,-1,-1,-1,-1,1,3,A,139.4260610308371,DISTID2,35
Spruce21-24-nothin,L,mineral,YC21_24,False,18,29,18,29,4,-1,-1,-1,-1,-1,-1,-1,-1,-1,-1,-1,-1,-1,-1,-1,-1,-1,-1,-1,-1,1,3,A,12167.86638904555,DISTID2,35
Spruce25-32-nothin,L,mineral,YC25_32,False,15,26,15,26,3,-1,-1,-1,-1,-1,-1,-1,-1,-1,-1,-1,-1,-1,-1,-1,-1,-1,-1,-1,-1,1,3,A,13372.318752297224,DISTID2,35
Spruce17-20-nothin,L,mineral,YC17_20,False,34,200,34,200,-1,-1,-1,-1,-1,-1,-1,-1,-1,-1,-1,-1,-1,-1,-1,-1,-1,-1,-1,-1,-1,1,3,A,1.3466396817267183,DISTID1,36
Spruce21-24-nothin,L,mineral,YC21_24,False,30,200,30,200,-1,-1,-1,-1,-1,-1,-1,-1,-1,-1,-1,-1,-1,-1,-1,-1,-1,-1,-1,-1,-1,1,3,A,7404.343287516351,DISTID1,36
Spruce25-32-nothin,L,mineral,YC25_32,False,27,200,27,200,-1,-1,-1,-1,-1,-1,-1,-1,-1,-1,-1,-1,-1,-1,-1,-1,-1,-1,-1,-1,-1,1,3,A,11281.826890839167,DISTID1,36
Spruce17-20-nothin,L,mineral,YC17_20,False,20,33,20,33,5,-1,-1,-1,-1,-1,-1,-1,-1,-1,-1,-1,-1,-1,-1,-1,-1,-1,-1,-1,-1,1,3,A,139.4260610308371,DISTID2,36
Spruce21-24-nothin,L,mineral,YC21_24,False,18,29,18,29,4,-1,-1,-1,-1,-1,-1,-1,-1,-1,-1,-1,-1,-1,-1,-1,-1,-1,-1,-1,-1,1,3,A,12167.86638904555,DISTID2,36
Spruce25-32-nothin,L,mineral,YC25_32,False,15,26,15,26,3,-1,-1,-1,-1,-1,-1,-1,-1,-1,-1,-1,-1,-1,-1,-1,-1,-1,-1,-1,-1,1,3,A,13372.318752297224,DISTID2,36
Spruce17-20-nothin,L,mineral,YC17_20,False,34,200,34,200,-1,-1,-1,-1,-1,-1,-1,-1,-1,-1,-1,-1,-1,-1,-1,-1,-1,-1,-1,-1,-1,1,3,A,1.6292132542857674,DISTID1,37
Spruce21-24-nothin,L,mineral,YC21_24,False,30,200,30,200,-1,-1,-1,-1,-1,-1,-1,-1,-1,-1,-1,-1,-1,-1,-1,-1,-1,-1,-1,-1,-1,1,3,A,9979.430093028266,DISTID1,37
Spruce25-32-nothin,L,mineral,YC25_32,False,27,200,27,200,-1,-1,-1,-1,-1,-1,-1,-1,-1,-1,-1,-1,-1,-1,-1,-1,-1,-1,-1,-1,-1,1,3,A,12368.54120074564,DISTID1,37
Spruce17-20-nothin,L,mineral,YC17_20,False,20,33,20,33,5,-1,-1,-1,-1,-1,-1,-1,-1,-1,-1,-1,-1,-1,-1,-1,-1,-1,-1,-1,-1,1,3,A,139.4260610308371,DISTID2,37
Spruce21-24-nothin,L,mineral,YC21_24,False,18,29,18,29,4,-1,-1,-1,-1,-1,-1,-1,-1,-1,-1,-1,-1,-1,-1,-1,-1,-1,-1,-1,-1,1,3,A,12167.86638904555,DISTID2,37
Spruce25-32-nothin,L,mineral,YC25_32,False,15,26,15,26,3,-1,-1,-1,-1,-1,-1,-1,-1,-1,-1,-1,-1,-1,-1,-1,-1,-1,-1,-1,-1,1,3,A,13372.318752297224,DISTID2,37
Spruce17-20-nothin,L,mineral,YC17_20,False,34,200,34,200,-1,-1,-1,-1,-1,-1,-1,-1,-1,-1,-1,-1,-1,-1,-1,-1,-1,-1,-1,-1,-1,1,3,A,1.8552721123330067,DISTID1,38
Spruce21-24-nothin,L,mineral,YC21_24,False,30,200,30,200,-1,-1,-1,-1,-1,-1,-1,-1,-1,-1,-1,-1,-1,-1,-1,-1,-1,-1,-1,-1,-1,1,3,A,12039.499537437796,DISTID1,38
Spruce25-32-nothin,L,mineral,YC25_32,False,27,200,27,200,-1,-1,-1,-1,-1,-1,-1,-1,-1,-1,-1,-1,-1,-1,-1,-1,-1,-1,-1,-1,-1,1,3,A,13237.91264867082,DISTID1,38
Spruce17-20-nothin,L,mineral,YC17_20,False,20,33,20,33,5,-1,-1,-1,-1,-1,-1,-1,-1,-1,-1,-1,-1,-1,-1,-1,-1,-1,-1,-1,-1,1,3,A,139.4260610308371,DISTID2,38
Spruce21-24-nothin,L,mineral,YC21_24,False,18,29,18,29,4,-1,-1,-1,-1,-1,-1,-1,-1,-1,-1,-1,-1,-1,-1,-1,-1,-1,-1,-1,-1,1,3,A,12167.86638904555,DISTID2,38
Spruce25-32-nothin,L,mineral,YC25_32,False,15,26,15,26,3,-1,-1,-1,-1,-1,-1,-1,-1,-1,-1,-1,-1,-1,-1,-1,-1,-1,-1,-1,-1,1,3,A,13372.318752297224,DISTID2,38
Spruce17-20-nothin,L,mineral,YC17_20,False,34,200,34,200,-1,-1,-1,-1,-1,-1,-1,-1,-1,-1,-1,-1,-1,-1,-1,-1,-1,-1,-1,-1,-1,1,3,A,47.95957136681211,DISTID1,39
Spruce21-24-nothin,L,mineral,YC21_24,False,30,200,30,200,-1,-1,-1,-1,-1,-1,-1,-1,-1,-1,-1,-1,-1,-1,-1,-1,-1,-1,-1,-1,-1,1,3,A,13687.555092965422,DISTID1,39
Spruce25-32-nothin,L,mineral,YC25_32,False,27,200,27,200,-1,-1,-1,-1,-1,-1,-1,-1,-1,-1,-1,-1,-1,-1,-1,-1,-1,-1,-1,-1,-1,1,3,A,13933.409807010961,DISTID1,39
Spruce17-20-nothin,L,mineral,YC17_20,False,20,33,20,33,5,-1,-1,-1,-1,-1,-1,-1,-1,-1,-1,-1,-1,-1,-1,-1,-1,-1,-1,-1,-1,1,3,A,139.4260610308371,DISTID2,39
Spruce21-24-nothin,L,mineral,YC21_24,False,18,29,18,29,4,-1,-1,-1,-1,-1,-1,-1,-1,-1,-1,-1,-1,-1,-1,-1,-1,-1,-1,-1,-1,1,3,A,12167.86638904555,DISTID2,39
Spruce25-32-nothin,L,mineral,YC25_32,False,15,26,15,26,3,-1,-1,-1,-1,-1,-1,-1,-1,-1,-1,-1,-1,-1,-1,-1,-1,-1,-1,-1,-1,1,3,A,13372.318752297224,DISTID2,39
Spruce17-20-nothin,L,mineral,YC17_20,False,34,200,34,200,-1,-1,-1,-1,-1,-1,-1,-1,-1,-1,-1,-1,-1,-1,-1,-1,-1,-1,-1,-1,-1,1,3,A,84.84301077039541,DISTID1,40
Spruce21-24-nothin,L,mineral,YC21_24,False,30,200,30,200,-1,-1,-1,-1,-1,-1,-1,-1,-1,-1,-1,-1,-1,-1,-1,-1,-1,-1,-1,-1,-1,1,3,A,15005.99953738752,DISTID1,40
Spruce25-32-nothin,L,mineral,YC25_32,False,27,200,27,200,-1,-1,-1,-1,-1,-1,-1,-1,-1,-1,-1,-1,-1,-1,-1,-1,-1,-1,-1,-1,-1,1,3,A,14489.807533683077,DISTID1,40
Spruce17-20-nothin,L,mineral,YC17_20,False,20,33,20,33,5,-1,-1,-1,-1,-1,-1,-1,-1,-1,-1,-1,-1,-1,-1,-1,-1,-1,-1,-1,-1,1,3,A,139.4260610308371,DISTID2,40
Spruce21-24-nothin,L,mineral,YC21_24,False,18,29,18,29,4,-1,-1,-1,-1,-1,-1,-1,-1,-1,-1,-1,-1,-1,-1,-1,-1,-1,-1,-1,-1,1,3,A,12167.86638904555,DISTID2,40
Spruce25-32-nothin,L,mineral,YC25_32,False,15,26,15,26,3,-1,-1,-1,-1,-1,-1,-1,-1,-1,-1,-1,-1,-1,-1,-1,-1,-1,-1,-1,-1,1,3,A,13372.318752297224,DISTID2,40
Spruce17-20-nothin,L,mineral,YC17_20,False,34,200,34,200,-1,-1,-1,-1,-1,-1,-1,-1,-1,-1,-1,-1,-1,-1,-1,-1,-1,-1,-1,-1,-1,1,3,A,114.34976229326205,DISTID1,41
Spruce21-24-nothin,L,mineral,YC21_24,False,30,200,30,200,-1,-1,-1,-1,-1,-1,-1,-1,-1,-1,-1,-1,-1,-1,-1,-1,-1,-1,-1,-1,-1,1,3,A,16060.755092925201,DISTID1,41
Spruce25-32-nothin,L,mineral,YC25_32,False,27,200,27,200,-1,-1,-1,-1,-1,-1,-1,-1,-1,-1,-1,-1,-1,-1,-1,-1,-1,-1,-1,-1,-1,1,3,A,14934.925715020769,DISTID1,41
Spruce17-20-nothin,L,mineral,YC17_20,False,20,33,20,33,5,-1,-1,-1,-1,-1,-1,-1,-1,-1,-1,-1,-1,-1,-1,-1,-1,-1,-1,-1,-1,1,3,A,139.4260610308371,DISTID2,41
Spruce21-24-nothin,L,mineral,YC21_24,False,18,29,18,29,4,-1,-1,-1,-1,-1,-1,-1,-1,-1,-1,-1,-1,-1,-1,-1,-1,-1,-1,-1,-1,1,3,A,12167.86638904555,DISTID2,41
Spruce25-32-nothin,L,mineral,YC25_32,False,15,26,15,26,3,-1,-1,-1,-1,-1,-1,-1,-1,-1,-1,-1,-1,-1,-1,-1,-1,-1,-1,-1,-1,1,3,A,13372.318752297224,DISTID2,41
Spruce17-20-nothin,L,mineral,YC17_20,False,34,200,34,200,-1,-1,-1,-1,-1,-1,-1,-1,-1,-1,-1,-1,-1,-1,-1,-1,-1,-1,-1,-1,-1,1,3,A,137.95516351155536,DISTID1,42
Spruce21-24-nothin,L,mineral,YC21_24,False,30,200,30,200,-1,-1,-1,-1,-1,-1,-1,-1,-1,-1,-1,-1,-1,-1,-1,-1,-1,-1,-1,-1,-1,1,3,A,16904.559537355344,DISTID1,42
Spruce25-32-nothin,L,mineral,YC25_32,False,27,200,27,200,-1,-1,-1,-1,-1,-1,-1,-1,-1,-1,-1,-1,-1,-1,-1,-1,-1,-1,-1,-1,-1,1,3,A,15291.020260090922,DISTID1,42
Spruce17-20-nothin,L,mineral,YC17_20,False,20,33,20,33,5,-1,-1,-1,-1,-1,-1,-1,-1,-1,-1,-1,-1,-1,-1,-1,-1,-1,-1,-1,-1,1,3,A,139.4260610308371,DISTID2,42
Spruce21-24-nothin,L,mineral,YC21_24,False,18,29,18,29,4,-1,-1,-1,-1,-1,-1,-1,-1,-1,-1,-1,-1,-1,-1,-1,-1,-1,-1,-1,-1,1,3,A,12167.86638904555,DISTID2,42
Spruce25-32-nothin,L,mineral,YC25_32,False,15,26,15,26,3,-1,-1,-1,-1,-1,-1,-1,-1,-1,-1,-1,-1,-1,-1,-1,-1,-1,-1,-1,-1,1,3,A,13380.258662715381,DISTID2,42
Spruce17-20-nothin,L,mineral,YC17_20,False,34,200,34,200,-1,-1,-1,-1,-1,-1,-1,-1,-1,-1,-1,-1,-1,-1,-1,-1,-1,-1,-1,-1,-1,1,3,A,156.83948448619,DISTID1,43
Spruce21-24-nothin,L,mineral,YC21_24,False,30,200,30,200,-1,-1,-1,-1,-1,-1,-1,-1,-1,-1,-1,-1,-1,-1,-1,-1,-1,-1,-1,-1,-1,1,3,A,17579.603092899462,DISTID1,43
Spruce25-32-nothin,L,mineral,YC25_32,False,27,200,27,200,-1,-1,-1,-1,-1,-1,-1,-1,-1,-1,-1,-1,-1,-1,-1,-1,-1,-1,-1,-1,-1,1,3,A,15575.895896147043,DISTID1,43
Spruce17-20-nothin,L,mineral,YC17_20,False,20,33,20,33,5,-1,-1,-1,-1,-1,-1,-1,-1,-1,-1,-1,-1,-1,-1,-1,-1,-1,-1,-1,-1,1,3,A,139.4260610308371,DISTID2,43
Spruce21-24-nothin,L,mineral,YC21_24,False,18,29,18,29,4,-1,-1,-1,-1,-1,-1,-1,-1,-1,-1,-1,-1,-1,-1,-1,-1,-1,-1,-1,-1,1,3,A,12167.86638904555,DISTID2,43
Spruce25-32-nothin,L,mineral,YC25_32,False,15,26,15,26,3,-1,-1,-1,-1,-1,-1,-1,-1,-1,-1,-1,-1,-1,-1,-1,-1,-1,-1,-1,-1,1,3,A,13386.610591049908,DISTID2,43
Spruce17-20-nothin,L,mineral,YC17_20,False,34,200,34,200,-1,-1,-1,-1,-1,-1,-1,-1,-1,-1,-1,-1,-1,-1,-1,-1,-1,-1,-1,-1,-1,1,3,A,171.94694126589772,DISTID1,44
Spruce21-24-nothin,L,mineral,YC21_24,False,30,200,30,200,-1,-1,-1,-1,-1,-1,-1,-1,-1,-1,-1,-1,-1,-1,-1,-1,-1,-1,-1,-1,-1,1,3,A,18119.637937334755,DISTID1,44
Spruce25-32-nothin,L,mineral,YC25_32,False,27,200,27,200,-1,-1,-1,-1,-1,-1,-1,-1,-1,-1,-1,-1,-1,-1,-1,-1,-1,-1,-1,-1,-1,1,3,A,15803.796404991943,DISTID1,44
Spruce17-20-nothin,L,mineral,YC17_20,False,20,33,20,33,5,-1,-1,-1,-1,-1,-1,-1,-1,-1,-1,-1,-1,-1,-1,-1,-1,-1,-1,-1,-1,1,3,A,139.4260610308371,DISTID2,44
Spruce21-24-nothin,L,mineral,YC21_24,False,18,29,18,29,4,-1,-1,-1,-1,-1,-1,-1,-1,-1,-1,-1,-1,-1,-1,-1,-1,-1,-1,-1,-1,1,3,A,12167.86638904555,DISTID2,44
Spruce25-32-nothin,L,mineral,YC25_32,False,15,26,15,26,3,-1,-1,-1,-1,-1,-1,-1,-1,-1,-1,-1,-1,-1,-1,-1,-1,-1,-1,-1,-1,1,3,A,13391.69213371753,DISTID2,44
Spruce17-20-nothin,L,mineral,YC17_20,False,34,200,34,200,-1,-1,-1,-1,-1,-1,-1,-1,-1,-1,-1,-1,-1,-1,-1,-1,-1,-1,-1,-1,-1,1,3,A,184.0329066896639,DISTID1,45
Spruce21-24-nothin,L,mineral,YC21_24,False,30,200,30,200,-1,-1,-1,-1,-1,-1,-1,-1,-1,-1,-1,-1,-1,-1,-1,-1,-1,-1,-1,-1,-1,1,3,A,18551.665812882988,DISTID1,45
Spruce25-32-nothin,L,mineral,YC25_32,False,27,200,27,200,-1,-1,-1,-1,-1,-1,-1,-1,-1,-1,-1,-1,-1,-1,-1,-1,-1,-1,-1,-1,-1,1,3,A,15986.116812067861,DISTID1,45
Spruce17-20-nothin,L,mineral,YC17_20,False,20,33,20,33,5,-1,-1,-1,-1,-1,-1,-1,-1,-1,-1,-1,-1,-1,-1,-1,-1,-1,-1,-1,-1,1,3,A,139.4260610308371,DISTID2,45
Spruce21-24-nothin,L,mineral,YC21_24,False,18,29,18,29,4,-1,-1,-1,-1,-1,-1,-1,-1,-1,-1,-1,-1,-1,-1,-1,-1,-1,-1,-1,-1,1,3,A,12167.86638904555,DISTID2,45
Spruce25-32-nothin,L,mineral,YC25_32,False,15,26,15,26,3,-1,-1,-1,-1,-1,-1,-1,-1,-1,-1,-1,-1,-1,-1,-1,-1,-1,-1,-1,-1,1,3,A,10060.61759019548,DISTID2,45
Spruce17-20-nothin,L,mineral,YC17_20,False,34,200,34,200,-1,-1,-1,-1,-1,-1,-1,-1,-1,-1,-1,-1,-1,-1,-1,-1,-1,-1,-1,-1,-1,1,3,A,193.70167902867684,DISTID1,46
Spruce21-24-nothin,L,mineral,YC21_24,False,30,200,30,200,-1,-1,-1,-1,-1,-1,-1,-1,-1,-1,-1,-1,-1,-1,-1,-1,-1,-1,-1,-1,-1,1,3,A,18897.288113321574,DISTID1,46
Spruce25-32-nothin,L,mineral,YC25_32,False,27,200,27,200,-1,-1,-1,-1,-1,-1,-1,-1,-1,-1,-1,-1,-1,-1,-1,-1,-1,-1,-1,-1,-1,1,3,A,16131.973137728595,DISTID1,46
Spruce17-20-nothin,L,mineral,YC17_20,False,20,33,20,33,5,-1,-1,-1,-1,-1,-1,-1,-1,-1,-1,-1,-1,-1,-1,-1,-1,-1,-1,-1,-1,1,3,A,139.4260610308371,DISTID2,46
Spruce21-24-nothin,L,mineral,YC21_24,False,18,29,18,29,4,-1,-1,-1,-1,-1,-1,-1,-1,-1,-1,-1,-1,-1,-1,-1,-1,-1,-1,-1,-1,1,3,A,12167.86638904555,DISTID2,46
Spruce25-32-nothin,L,mineral,YC25_32,False,15,26,15,26,3,-1,-1,-1,-1,-1,-1,-1,-1,-1,-1,-1,-1,-1,-1,-1,-1,-1,-1,-1,-1,1,3,A,10070.221705837283,DISTID2,46
Spruce17-20-nothin,L,mineral,YC17_20,False,34,200,34,200,-1,-1,-1,-1,-1,-1,-1,-1,-1,-1,-1,-1,-1,-1,-1,-1,-1,-1,-1,-1,-1,1,3,A,201.43669689988718,DISTID1,47
Spruce21-24-nothin,L,mineral,YC21_24,False,30,200,30,200,-1,-1,-1,-1,-1,-1,-1,-1,-1,-1,-1,-1,-1,-1,-1,-1,-1,-1,-1,-1,-1,1,3,A,19173.785953672446,DISTID1,47
Spruce25-32-nothin,L,mineral,YC25_32,False,27,200,27,200,-1,-1,-1,-1,-1,-1,-1,-1,-1,-1,-1,-1,-1,-1,-1,-1,-1,-1,-1,-1,-1,1,3,A,16248.658198257184,DISTID1,47
Spruce17-20-nothin,L,mineral,YC17_20,False,20,33,20,33,5,-1,-1,-1,-1,-1,-1,-1,-1,-1,-1,-1,-1,-1,-1,-1,-1,-1,-1,-1,-1,1,3,A,139.4260610308371,DISTID2,47
Spruce21-24-nothin,L,mineral,YC21_24,False,18,29,18,29,4,-1,-1,-1,-1,-1,-1,-1,-1,-1,-1,-1,-1,-1,-1,-1,-1,-1,-1,-1,-1,1,3,A,12167.86638904555,DISTID2,47
Spruce25-32-nothin,L,mineral,YC25_32,False,15,26,15,26,3,-1,-1,-1,-1,-1,-1,-1,-1,-1,-1,-1,-1,-1,-1,-1,-1,-1,-1,-1,-1,1,3,A,10738.58102554743,DISTID2,47
Spruce17-20-nothin,L,mineral,YC17_20,False,34,200,34,200,-1,-1,-1,-1,-1,-1,-1,-1,-1,-1,-1,-1,-1,-1,-1,-1,-1,-1,-1,-1,-1,1,3,A,207.62471119685546,DISTID1,48
Spruce21-24-nothin,L,mineral,YC21_24,False,30,200,30,200,-1,-1,-1,-1,-1,-1,-1,-1,-1,-1,-1,-1,-1,-1,-1,-1,-1,-1,-1,-1,-1,1,3,A,19394.98422595314,DISTID1,48
Spruce25-32-nothin,L,mineral,YC25_32,False,27,200,27,200,-1,-1,-1,-1,-1,-1,-1,-1,-1,-1,-1,-1,-1,-1,-1,-1,-1,-1,-1,-1,-1,1,3,A,16342.006246680054,DISTID1,48
Spruce17-20-nothin,L,mineral,YC17_20,False,20,33,20,33,5,-1,-1,-1,-1,-1,-1,-1,-1,-1,-1,-1,-1,-1,-1,-1,-1,-1,-1,-1,-1,1,3,A,139.4260610308371,DISTID2,48
Spruce21-24-nothin,L,mineral,YC21_24,False,18,29,18,29,4,-1,-1,-1,-1,-1,-1,-1,-1,-1,-1,-1,-1,-1,-1,-1,-1,-1,-1,-1,-1,1,3,A,8121.543936918879,DISTID2,48
Spruce25-32-nothin,L,mineral,YC25_32,False,15,26,15,26,3,-1,-1,-1,-1,-1,-1,-1,-1,-1,-1,-1,-1,-1,-1,-1,-1,-1,-1,-1,-1,1,3,A,7938.128703659399,DISTID2,48
Spruce17-20-nothin,L,mineral,YC17_20,False,34,200,34,200,-1,-1,-1,-1,-1,-1,-1,-1,-1,-1,-1,-1,-1,-1,-1,-1,-1,-1,-1,-1,-1,1,3,A,212.5751226344301,DISTID1,49
Spruce21-24-nothin,L,mineral,YC21_24,False,30,200,30,200,-1,-1,-1,-1,-1,-1,-1,-1,-1,-1,-1,-1,-1,-1,-1,-1,-1,-1,-1,-1,-1,1,3,A,19571.9428437777,DISTID1,49
Spruce25-32-nothin,L,mineral,YC25_32,False,27,200,27,200,-1,-1,-1,-1,-1,-1,-1,-1,-1,-1,-1,-1,-1,-1,-1,-1,-1,-1,-1,-1,-1,1,3,A,16416.68468541835,DISTID1,49
Spruce17-20-nothin,L,mineral,YC17_20,False,20,33,20,33,5,-1,-1,-1,-1,-1,-1,-1,-1,-1,-1,-1,-1,-1,-1,-1,-1,-1,-1,-1,-1,1,3,A,139.4260610308371,DISTID2,49
Spruce21-24-nothin,L,mineral,YC21_24,False,18,29,18,29,4,-1,-1,-1,-1,-1,-1,-1,-1,-1,-1,-1,-1,-1,-1,-1,-1,-1,-1,-1,-1,1,3,A,8129.250345629687,DISTID2,49
Spruce25-32-nothin,L,mineral,YC25_32,False,15,26,15,26,3,-1,-1,-1,-1,-1,-1,-1,-1,-1,-1,-1,-1,-1,-1,-1,-1,-1,-1,-1,-1,1,3,A,8372.23059660842,DISTID2,49
Spruce17-20-nothin,L,mineral,YC17_20,False,34,200,34,200,-1,-1,-1,-1,-1,-1,-1,-1,-1,-1,-1,-1,-1,-1,-1,-1,-1,-1,-1,-1,-1,1,3,A,216.5354517844898,DISTID1,50
Spruce21-24-nothin,L,mineral,YC21_24,False,30,200,30,200,-1,-1,-1,-1,-1,-1,-1,-1,-1,-1,-1,-1,-1,-1,-1,-1,-1,-1,-1,-1,-1,1,3,A,19713.509738037345,DISTID1,50
Spruce25-32-nothin,L,mineral,YC25_32,False,27,200,27,200,-1,-1,-1,-1,-1,-1,-1,-1,-1,-1,-1,-1,-1,-1,-1,-1,-1,-1,-1,-1,-1,1,3,A,16476.427436408987,DISTID1,50
Spruce17-20-nothin,L,mineral,YC17_20,False,20,33,20,33,5,-1,-1,-1,-1,-1,-1,-1,-1,-1,-1,-1,-1,-1,-1,-1,-1,-1,-1,-1,-1,1,3,A,92.9507073538914,DISTID2,50
Spruce21-24-nothin,L,mineral,YC21_24,False,18,29,18,29,4,-1,-1,-1,-1,-1,-1,-1,-1,-1,-1,-1,-1,-1,-1,-1,-1,-1,-1,-1,-1,1,3,A,8135.415472598334,DISTID2,50
Spruce25-32-nothin,L,mineral,YC25_32,False,15,26,15,26,3,-1,-1,-1,-1,-1,-1,-1,-1,-1,-1,-1,-1,-1,-1,-1,-1,-1,-1,-1,-1,1,3,A,9380.18813816434,DISTID2,50
Spruce17-20-nothin,L,mineral,YC17_20,False,34,200,34,200,-1,-1,-1,-1,-1,-1,-1,-1,-1,-1,-1,-1,-1,-1,-1,-1,-1,-1,-1,-1,-1,1,3,A,219.70371510453754,DISTID1,51
Spruce21-24-nothin,L,mineral,YC21_24,False,30,200,30,200,-1,-1,-1,-1,-1,-1,-1,-1,-1,-1,-1,-1,-1,-1,-1,-1,-1,-1,-1,-1,-1,1,3,A,19826.76325344506,DISTID1,51
Spruce25-32-nothin,L,mineral,YC25_32,False,27,200,27,200,-1,-1,-1,-1,-1,-1,-1,-1,-1,-1,-1,-1,-1,-1,-1,-1,-1,-1,-1,-1,-1,1,3,A,16524.221637201495,DISTID1,51
Spruce17-20-nothin,L,mineral,YC17_20,False,20,33,20,33,5,-1,-1,-1,-1,-1,-1,-1,-1,-1,-1,-1,-1,-1,-1,-1,-1,-1,-1,-1,-1,1,3,A,92.9507073538914,DISTID2,51
Spruce21-24-nothin,L,mineral,YC21_24,False,18,29,18,29,4,-1,-1,-1,-1,-1,-1,-1,-1,-1,-1,-1,-1,-1,-1,-1,-1,-1,-1,-1,-1,1,3,A,8140.347574173252,DISTID2,51
Spruce25-32-nothin,L,mineral,YC25_32,False,15,26,15,26,3,-1,-1,-1,-1,-1,-1,-1,-1,-1,-1,-1,-1,-1,-1,-1,-1,-1,-1,-1,-1,1,3,A,6851.414393752927,DISTID2,51
Spruce17-20-nothin,L,mineral,YC17_20,False,34,200,34,200,-1,-1,-1,-1,-1,-1,-1,-1,-1,-1,-1,-1,-1,-1,-1,-1,-1,-1,-1,-1,-1,1,3,A,222.23832576057578,DISTID1,52
Spruce21-24-nothin,L,mineral,YC21_24,False,30,200,30,200,-1,-1,-1,-1,-1,-1,-1,-1,-1,-1,-1,-1,-1,-1,-1,-1,-1,-1,-1,-1,-1,1,3,A,19917.36606577123,DISTID1,52
Spruce25-32-nothin,L,mineral,YC25_32,False,27,200,27,200,-1,-1,-1,-1,-1,-1,-1,-1,-1,-1,-1,-1,-1,-1,-1,-1,-1,-1,-1,-1,-1,1,3,A,16562.456997835503,DISTID1,52
Spruce17-20-nothin,L,mineral,YC17_20,False,20,33,20,33,5,-1,-1,-1,-1,-1,-1,-1,-1,-1,-1,-1,-1,-1,-1,-1,-1,-1,-1,-1,-1,1,3,A,92.9507073538914,DISTID2,52
Spruce21-24-nothin,L,mineral,YC21_24,False,18,29,18,29,4,-1,-1,-1,-1,-1,-1,-1,-1,-1,-1,-1,-1,-1,-1,-1,-1,-1,-1,-1,-1,1,3,A,4097.9708033065135,DISTID2,52
Spruce25-32-nothin,L,mineral,YC25_32,False,15,26,15,26,3,-1,-1,-1,-1,-1,-1,-1,-1,-1,-1,-1,-1,-1,-1,-1,-1,-1,-1,-1,-1,1,3,A,7502.859148683241,DISTID2,52
Spruce17-20-nothin,L,mineral,YC17_20,False,34,200,34,200,-1,-1,-1,-1,-1,-1,-1,-1,-1,-1,-1,-1,-1,-1,-1,-1,-1,-1,-1,-1,-1,1,3,A,224.26601428540633,DISTID1,53
Spruce21-24-nothin,L,mineral,YC21_24,False,30,200,30,200,-1,-1,-1,-1,-1,-1,-1,-1,-1,-1,-1,-1,-1,-1,-1,-1,-1,-1,-1,-1,-1,1,3,A,19989.84831563217,DISTID1,53
Spruce25-32-nothin,L,mineral,YC25_32,False,27,200,27,200,-1,-1,-1,-1,-1,-1,-1,-1,-1,-1,-1,-1,-1,-1,-1,-1,-1,-1,-1,-1,-1,1,3,A,16593.04528634271,DISTID1,53
Spruce17-20-nothin,L,mineral,YC17_20,False,20,33,20,33,5,-1,-1,-1,-1,-1,-1,-1,-1,-1,-1,-1,-1,-1,-1,-1,-1,-1,-1,-1,-1,1,3,A,92.9507073538914,DISTID2,53
Spruce21-24-nothin,L,mineral,YC21_24,False,18,29,18,29,4,-1,-1,-1,-1,-1,-1,-1,-1,-1,-1,-1,-1,-1,-1,-1,-1,-1,-1,-1,-1,1,3,A,4910.391838739795,DISTID2,53
Spruce25-32-nothin,L,mineral,YC25_32,False,15,26,15,26,3,-1,-1,-1,-1,-1,-1,-1,-1,-1,-1,-1,-1,-1,-1,-1,-1,-1,-1,-1,-1,1,3,A,8684.690979824198,DISTID2,53
Spruce17-20-nothin,L,mineral,YC17_20,False,34,200,34,200,-1,-1,-1,-1,-1,-1,-1,-1,-1,-1,-1,-1,-1,-1,-1,-1,-1,-1,-1,-1,-1,1,3,A,225.8881651052708,DISTID1,54
Spruce21-24-nothin,L,mineral,YC21_24,False,30,200,30,200,-1,-1,-1,-1,-1,-1,-1,-1,-1,-1,-1,-1,-1,-1,-1,-1,-1,-1,-1,-1,-1,1,3,A,20047.83411552092,DISTID1,54
Spruce25-32-nothin,L,mineral,YC25_32,False,27,200,27,200,-1,-1,-1,-1,-1,-1,-1,-1,-1,-1,-1,-1,-1,-1,-1,-1,-1,-1,-1,-1,-1,1,3,A,16625.455827566635,DISTID1,54
Spruce17-20-nothin,L,mineral,YC17_20,False,20,33,20,33,5,-1,-1,-1,-1,-1,-1,-1,-1,-1,-1,-1,-1,-1,-1,-1,-1,-1,-1,-1,-1,1,3,A,93.06108765567228,DISTID2,54
Spruce21-24-nothin,L,mineral,YC21_24,False,18,29,18,29,4,-1,-1,-1,-1,-1,-1,-1,-1,-1,-1,-1,-1,-1,-1,-1,-1,-1,-1,-1,-1,1,3,A,5560.328667086421,DISTID2,54
Spruce25-32-nothin,L,mineral,YC25_32,False,15,26,15,26,3,-1,-1,-1,-1,-1,-1,-1,-1,-1,-1,-1,-1,-1,-1,-1,-1,-1,-1,-1,-1,1,3,A,6287.076756662655,DISTID2,54
Spruce17-20-nothin,L,mineral,YC17_20,False,34,200,34,200,-1,-1,-1,-1,-1,-1,-1,-1,-1,-1,-1,-1,-1,-1,-1,-1,-1,-1,-1,-1,-1,1,3,A,227.18588576116235,DISTID1,55
Spruce21-24-nothin,L,mineral,YC21_24,False,30,200,30,200,-1,-1,-1,-1,-1,-1,-1,-1,-1,-1,-1,-1,-1,-1,-1,-1,-1,-1,-1,-1,-1,1,3,A,20094.22275543192,DISTID1,55
Spruce25-32-nothin,L,mineral,YC25_32,False,27,200,27,200,-1,-1,-1,-1,-1,-1,-1,-1,-1,-1,-1,-1,-1,-1,-1,-1,-1,-1,-1,-1,-1,1,3,A,16657.7361888803,DISTID1,55
Spruce17-20-nothin,L,mineral,YC17_20,False,20,33,20,33,5,-1,-1,-1,-1,-1,-1,-1,-1,-1,-1,-1,-1,-1,-1,-1,-1,-1,-1,-1,-1,1,3,A,46.67403822015129,DISTID2,55
Spruce21-24-nothin,L,mineral,YC21_24,False,18,29,18,29,4,-1,-1,-1,-1,-1,-1,-1,-1,-1,-1,-1,-1,-1,-1,-1,-1,-1,-1,-1,-1,1,3,A,6080.278129763721,DISTID2,55
Spruce25-32-nothin,L,mineral,YC25_32,False,15,26,15,26,3,-1,-1,-1,-1,-1,-1,-1,-1,-1,-1,-1,-1,-1,-1,-1,-1,-1,-1,-1,-1,1,3,A,7043.449128592867,DISTID2,55
Spruce17-20-nothin,L,mineral,YC17_20,False,34,200,34,200,-1,-1,-1,-1,-1,-1,-1,-1,-1,-1,-1,-1,-1,-1,-1,-1,-1,-1,-1,-1,-1,1,3,A,228.2240622858756,DISTID1,56
Spruce21-24-nothin,L,mineral,YC21_24,False,30,200,30,200,-1,-1,-1,-1,-1,-1,-1,-1,-1,-1,-1,-1,-1,-1,-1,-1,-1,-1,-1,-1,-1,1,3,A,20131.333667360723,DISTID1,56
Spruce25-32-nothin,L,mineral,YC25_32,False,27,200,27,200,-1,-1,-1,-1,-1,-1,-1,-1,-1,-1,-1,-1,-1,-1,-1,-1,-1,-1,-1,-1,-1,1,3,A,16688.64202059885,DISTID1,56
Spruce17-20-nothin,L,mineral,YC17_20,False,20,33,20,33,5,-1,-1,-1,-1,-1,-1,-1,-1,-1,-1,-1,-1,-1,-1,-1,-1,-1,-1,-1,-1,1,3,A,46.74468161329105,DISTID2,56
Spruce21-24-nothin,L,mineral,YC21_24,False,18,29,18,29,4,-1,-1,-1,-1,-1,-1,-1,-1,-1,-1,-1,-1,-1,-1,-1,-1,-1,-1,-1,-1,1,3,A,2449.915247778889,DISTID2,56
Spruce25-32-nothin,L,mineral,YC25_32,False,15,26,15,26,3,-1,-1,-1,-1,-1,-1,-1,-1,-1,-1,-1,-1,-1,-1,-1,-1,-1,-1,-1,-1,1,3,A,8309.223053333739,DISTID2,56
Spruce17-20-nothin,L,mineral,YC17_20,False,34,200,34,200,-1,-1,-1,-1,-1,-1,-1,-1,-1,-1,-1,-1,-1,-1,-1,-1,-1,-1,-1,-1,-1,1,3,A,229.05460350564618,DISTID1,57
Spruce21-24-nothin,L,mineral,YC21_24,False,30,200,30,200,-1,-1,-1,-1,-1,-1,-1,-1,-1,-1,-1,-1,-1,-1,-1,-1,-1,-1,-1,-1,-1,1,3,A,20161.02239690376,DISTID1,57
Spruce25-32-nothin,L,mineral,YC25_32,False,27,200,27,200,-1,-1,-1,-1,-1,-1,-1,-1,-1,-1,-1,-1,-1,-1,-1,-1,-1,-1,-1,-1,-1,1,3,A,13374.352232033485,DISTID1,57
Spruce17-20-nothin,L,mineral,YC17_20,False,20,33,20,33,5,-1,-1,-1,-1,-1,-1,-1,-1,-1,-1,-1,-1,-1,-1,-1,-1,-1,-1,-1,-1,1,3,A,46.801196327802856,DISTID2,57
Spruce21-24-nothin,L,mineral,YC21_24,False,18,29,18,29,4,-1,-1,-1,-1,-1,-1,-1,-1,-1,-1,-1,-1,-1,-1,-1,-1,-1,-1,-1,-1,1,3,A,3591.9473943176963,DISTID2,57
Spruce25-32-nothin,L,mineral,YC25_32,False,15,26,15,26,3,-1,-1,-1,-1,-1,-1,-1,-1,-1,-1,-1,-1,-1,-1,-1,-1,-1,-1,-1,-1,1,3,A,9321.842193126437,DISTID2,57
Spruce17-20-nothin,L,mineral,YC17_20,False,34,200,34,200,-1,-1,-1,-1,-1,-1,-1,-1,-1,-1,-1,-1,-1,-1,-1,-1,-1,-1,-1,-1,-1,1,3,A,229.71903648146267,DISTID1,58
Spruce21-24-nothin,L,mineral,YC21_24,False,30,200,30,200,-1,-1,-1,-1,-1,-1,-1,-1,-1,-1,-1,-1,-1,-1,-1,-1,-1,-1,-1,-1,-1,1,3,A,20184.773380538194,DISTID1,58
Spruce25-32-nothin,L,mineral,YC25_32,False,27,200,27,200,-1,-1,-1,-1,-1,-1,-1,-1,-1,-1,-1,-1,-1,-1,-1,-1,-1,-1,-1,-1,-1,1,3,A,10726.172588488469,DISTID1,58
Spruce17-20-nothin,L,mineral,YC17_20,False,20,33,20,33,5,-1,-1,-1,-1,-1,-1,-1,-1,-1,-1,-1,-1,-1,-1,-1,-1,-1,-1,-1,-1,1,3,A,46.84640809941231,DISTID2,58
Spruce21-24-nothin,L,mineral,YC21_24,False,18,29,18,29,4,-1,-1,-1,-1,-1,-1,-1,-1,-1,-1,-1,-1,-1,-1,-1,-1,-1,-1,-1,-1,1,3,A,4505.5731115487415,DISTID2,58
Spruce25-32-nothin,L,mineral,YC25_32,False,15,26,15,26,3,-1,-1,-1,-1,-1,-1,-1,-1,-1,-1,-1,-1,-1,-1,-1,-1,-1,-1,-1,-1,1,3,A,10131.937504960595,DISTID2,58
Spruce17-20-nothin,L,mineral,YC17_20,False,34,200,34,200,-1,-1,-1,-1,-1,-1,-1,-1,-1,-1,-1,-1,-1,-1,-1,-1,-1,-1,-1,-1,-1,1,3,A,230.25058286211586,DISTID1,59
Spruce21-24-nothin,L,mineral,YC21_24,False,30,200,30,200,-1,-1,-1,-1,-1,-1,-1,-1,-1,-1,-1,-1,-1,-1,-1,-1,-1,-1,-1,-1,-1,1,3,A,20203.77416744574,DISTID1,59
Spruce25-32-nothin,L,mineral,YC25_32,False,27,200,27,200,-1,-1,-1,-1,-1,-1,-1,-1,-1,-1,-1,-1,-1,-1,-1,-1,-1,-1,-1,-1,-1,1,3,A,9270.906650694982,DISTID1,59
Spruce17-20-nothin,L,mineral,YC17_20,False,20,33,20,33,5,-1,-1,-1,-1,-1,-1,-1,-1,-1,-1,-1,-1,-1,-1,-1,-1,-1,-1,-1,-1,1,3,A,56.17764825208901,DISTID2,59
Spruce21-24-nothin,L,mineral,YC21_24,False,18,29,18,29,4,-1,-1,-1,-1,-1,-1,-1,-1,-1,-1,-1,-1,-1,-1,-1,-1,-1,-1,-1,-1,1,3,A,5236.473685333578,DISTID2,59
Spruce25-32-nothin,L,mineral,YC25_32,False,15,26,15,26,3,-1,-1,-1,-1,-1,-1,-1,-1,-1,-1,-1,-1,-1,-1,-1,-1,-1,-1,-1,-1,1,3,A,10780.013754427922,DISTID2,59
Spruce17-20-nothin,L,mineral,YC17_20,False,34,200,34,200,-1,-1,-1,-1,-1,-1,-1,-1,-1,-1,-1,-1,-1,-1,-1,-1,-1,-1,-1,-1,-1,1,3,A,230.67581996663841,DISTID1,60
Spruce21-24-nothin,L,mineral,YC21_24,False,30,200,30,200,-1,-1,-1,-1,-1,-1,-1,-1,-1,-1,-1,-1,-1,-1,-1,-1,-1,-1,-1,-1,-1,1,3,A,16172.652344845104,DISTID1,60
Spruce25-32-nothin,L,mineral,YC25_32,False,27,200,27,200,-1,-1,-1,-1,-1,-1,-1,-1,-1,-1,-1,-1,-1,-1,-1,-1,-1,-1,-1,-1,-1,1,3,A,8637.316122094211,DISTID1,60
Spruce17-20-nothin,L,mineral,YC17_20,False,20,33,20,33,5,-1,-1,-1,-1,-1,-1,-1,-1,-1,-1,-1,-1,-1,-1,-1,-1,-1,-1,-1,-1,1,3,A,17.167286697284666,DISTID2,60
Spruce21-24-nothin,L,mineral,YC21_24,False,18,29,18,29,4,-1,-1,-1,-1,-1,-1,-1,-1,-1,-1,-1,-1,-1,-1,-1,-1,-1,-1,-1,-1,1,3,A,5821.194144361447,DISTID2,60
Spruce25-32-nothin,L,mineral,YC25_32,False,15,26,15,26,3,-1,-1,-1,-1,-1,-1,-1,-1,-1,-1,-1,-1,-1,-1,-1,-1,-1,-1,-1,-1,1,3,A,11298.474754001783,DISTID2,60
Spruce17-20-nothin,L,mineral,YC17_20,False,34,200,34,200,-1,-1,-1,-1,-1,-1,-1,-1,-1,-1,-1,-1,-1,-1,-1,-1,-1,-1,-1,-1,-1,1,3,A,231.01600965025645,DISTID1,61
Spruce21-24-nothin,L,mineral,YC21_24,False,30,200,30,200,-1,-1,-1,-1,-1,-1,-1,-1,-1,-1,-1,-1,-1,-1,-1,-1,-1,-1,-1,-1,-1,1,3,A,12955.461295475405,DISTID1,61
Spruce25-32-nothin,L,mineral,YC25_32,False,27,200,27,200,-1,-1,-1,-1,-1,-1,-1,-1,-1,-1,-1,-1,-1,-1,-1,-1,-1,-1,-1,-1,-1,1,3,A,8554.941476520813,DISTID1,61
Spruce17-20-nothin,L,mineral,YC17_20,False,20,33,20,33,5,-1,-1,-1,-1,-1,-1,-1,-1,-1,-1,-1,-1,-1,-1,-1,-1,-1,-1,-1,-1,1,3,A,23.139280394997755,DISTID2,61
Spruce21-24-nothin,L,mineral,YC21_24,False,18,29,18,29,4,-1,-1,-1,-1,-1,-1,-1,-1,-1,-1,-1,-1,-1,-1,-1,-1,-1,-1,-1,-1,1,3,A,7090.528593298269,DISTID2,61
Spruce25-32-nothin,L,mineral,YC25_32,False,15,26,15,26,3,-1,-1,-1,-1,-1,-1,-1,-1,-1,-1,-1,-1,-1,-1,-1,-1,-1,-1,-1,-1,1,3,A,11713.243553660872,DISTID2,61
Spruce17-20-nothin,L,mineral,YC17_20,False,34,200,34,200,-1,-1,-1,-1,-1,-1,-1,-1,-1,-1,-1,-1,-1,-1,-1,-1,-1,-1,-1,-1,-1,1,3,A,231.28816139715087,DISTID1,62
Spruce21-24-nothin,L,mineral,YC21_24,False,30,200,30,200,-1,-1,-1,-1,-1,-1,-1,-1,-1,-1,-1,-1,-1,-1,-1,-1,-1,-1,-1,-1,-1,1,3,A,10387.87358294829,DISTID1,62
Spruce25-32-nothin,L,mineral,YC25_32,False,27,200,27,200,-1,-1,-1,-1,-1,-1,-1,-1,-1,-1,-1,-1,-1,-1,-1,-1,-1,-1,-1,-1,-1,1,3,A,8828.639981907867,DISTID1,62
Spruce17-20-nothin,L,mineral,YC17_20,False,20,33,20,33,5,-1,-1,-1,-1,-1,-1,-1,-1,-1,-1,-1,-1,-1,-1,-1,-1,-1,-1,-1,-1,1,3,A,27.916875353168226,DISTID2,62
Spruce21-24-nothin,L,mineral,YC21_24,False,18,29,18,29,4,-1,-1,-1,-1,-1,-1,-1,-1,-1,-1,-1,-1,-1,-1,-1,-1,-1,-1,-1,-1,1,3,A,8105.996152447726,DISTID2,62
Spruce25-32-nothin,L,mineral,YC25_32,False,15,26,15,26,3,-1,-1,-1,-1,-1,-1,-1,-1,-1,-1,-1,-1,-1,-1,-1,-1,-1,-1,-1,-1,1,3,A,12045.058593388145,DISTID2,62
Spruce17-20-nothin,L,mineral,YC17_20,False,34,200,34,200,-1,-1,-1,-1,-1,-1,-1,-1,-1,-1,-1,-1,-1,-1,-1,-1,-1,-1,-1,-1,-1,1,3,A,231.50588279466643,DISTID1,63
Spruce21-24-nothin,L,mineral,YC21_24,False,30,200,30,200,-1,-1,-1,-1,-1,-1,-1,-1,-1,-1,-1,-1,-1,-1,-1,-1,-1,-1,-1,-1,-1,1,3,A,8338.735514501519,DISTID1,63
Spruce25-32-nothin,L,mineral,YC25_32,False,27,200,27,200,-1,-1,-1,-1,-1,-1,-1,-1,-1,-1,-1,-1,-1,-1,-1,-1,-1,-1,-1,-1,-1,1,3,A,9319.277363694127,DISTID1,63
Spruce17-20-nothin,L,mineral,YC17_20,False,20,33,20,33,5,-1,-1,-1,-1,-1,-1,-1,-1,-1,-1,-1,-1,-1,-1,-1,-1,-1,-1,-1,-1,1,3,A,31.738951319704604,DISTID2,63
Spruce21-24-nothin,L,mineral,YC21_24,False,18,29,18,29,4,-1,-1,-1,-1,-1,-1,-1,-1,-1,-1,-1,-1,-1,-1,-1,-1,-1,-1,-1,-1,1,3,A,8918.370199767292,DISTID2,63
Spruce25-32-nothin,L,mineral,YC25_32,False,15,26,15,26,3,-1,-1,-1,-1,-1,-1,-1,-1,-1,-1,-1,-1,-1,-1,-1,-1,-1,-1,-1,-1,1,3,A,12310.510625169962,DISTID2,63
Spruce17-20-nothin,L,mineral,YC17_20,False,34,200,34,200,-1,-1,-1,-1,-1,-1,-1,-1,-1,-1,-1,-1,-1,-1,-1,-1,-1,-1,-1,-1,-1,1,3,A,185.20470623573314,DISTID1,64
Spruce21-24-nothin,L,mineral,YC21_24,False,30,200,30,200,-1,-1,-1,-1,-1,-1,-1,-1,-1,-1,-1,-1,-1,-1,-1,-1,-1,-1,-1,-1,-1,1,3,A,6703.370741004033,DISTID1,64
Spruce25-32-nothin,L,mineral,YC25_32,False,27,200,27,200,-1,-1,-1,-1,-1,-1,-1,-1,-1,-1,-1,-1,-1,-1,-1,-1,-1,-1,-1,-1,-1,1,3,A,9929.130131104432,DISTID1,64
Spruce17-20-nothin,L,mineral,YC17_20,False,20,33,20,33,5,-1,-1,-1,-1,-1,-1,-1,-1,-1,-1,-1,-1,-1,-1,-1,-1,-1,-1,-1,-1,1,3,A,44.09168282832285,DISTID2,64
Spruce21-24-nothin,L,mineral,YC21_24,False,18,29,18,29,4,-1,-1,-1,-1,-1,-1,-1,-1,-1,-1,-1,-1,-1,-1,-1,-1,-1,-1,-1,-1,1,3,A,9568.269437622943,DISTID2,64
Spruce25-32-nothin,L,mineral,YC25_32,False,15,26,15,26,3,-1,-1,-1,-1,-1,-1,-1,-1,-1,-1,-1,-1,-1,-1,-1,-1,-1,-1,-1,-1,1,3,A,12522.872250595414,DISTID2,64
Spruce17-20-nothin,L,mineral,YC17_20,False,34,200,34,200,-1,-1,-1,-1,-1,-1,-1,-1,-1,-1,-1,-1,-1,-1,-1,-1,-1,-1,-1,-1,-1,1,3,A,148.16376498858654,DISTID1,65
Spruce21-24-nothin,L,mineral,YC21_24,False,30,200,30,200,-1,-1,-1,-1,-1,-1,-1,-1,-1,-1,-1,-1,-1,-1,-1,-1,-1,-1,-1,-1,-1,1,3,A,6199.793548928519,DISTID1,65
Spruce25-32-nothin,L,mineral,YC25_32,False,27,200,27,200,-1,-1,-1,-1,-1,-1,-1,-1,-1,-1,-1,-1,-1,-1,-1,-1,-1,-1,-1,-1,-1,1,3,A,10590.88663461771,DISTID1,65
Spruce17-20-nothin,L,mineral,YC17_20,False,20,33,20,33,5,-1,-1,-1,-1,-1,-1,-1,-1,-1,-1,-1,-1,-1,-1,-1,-1,-1,-1,-1,-1,1,3,A,53.97386803521744,DISTID2,65
Spruce21-24-nothin,L,mineral,YC21_24,False,18,29,18,29,4,-1,-1,-1,-1,-1,-1,-1,-1,-1,-1,-1,-1,-1,-1,-1,-1,-1,-1,-1,-1,1,3,A,10088.188827907466,DISTID2,65
Spruce25-32-nothin,L,mineral,YC25_32,False,15,26,15,26,3,-1,-1,-1,-1,-1,-1,-1,-1,-1,-1,-1,-1,-1,-1,-1,-1,-1,-1,-1,-1,1,3,A,12692.761550935778,DISTID2,65
Spruce17-20-nothin,L,mineral,YC17_20,False,34,200,34,200,-1,-1,-1,-1,-1,-1,-1,-1,-1,-1,-1,-1,-1,-1,-1,-1,-1,-1,-1,-1,-1,1,3,A,118.53101199086922,DISTID1,66
Spruce21-24-nothin,L,mineral,YC21_24,False,30,200,30,200,-1,-1,-1,-1,-1,-1,-1,-1,-1,-1,-1,-1,-1,-1,-1,-1,-1,-1,-1,-1,-1,1,3,A,6440.703496646086,DISTID1,66
Spruce25-32-nothin,L,mineral,YC25_32,False,27,200,27,200,-1,-1,-1,-1,-1,-1,-1,-1,-1,-1,-1,-1,-1,-1,-1,-1,-1,-1,-1,-1,-1,1,3,A,11259.39126909636,DISTID1,66
Spruce17-20-nothin,L,mineral,YC17_20,False,20,33,20,33,5,-1,-1,-1,-1,-1,-1,-1,-1,-1,-1,-1,-1,-1,-1,-1,-1,-1,-1,-1,-1,1,3,A,61.879616200733125,DISTID2,66
Spruce21-24-nothin,L,mineral,YC21_24,False,18,29,18,29,4,-1,-1,-1,-1,-1,-1,-1,-1,-1,-1,-1,-1,-1,-1,-1,-1,-1,-1,-1,-1,1,3,A,10504.124340135084,DISTID2,66
Spruce25-32-nothin,L,mineral,YC25_32,False,15,26,15,26,3,-1,-1,-1,-1,-1,-1,-1,-1,-1,-1,-1,-1,-1,-1,-1,-1,-1,-1,-1,-1,1,3,A,12828.672991208068,DISTID2,66
Spruce17-20-nothin,L,mineral,YC17_20,False,34,200,34,200,-1,-1,-1,-1,-1,-1,-1,-1,-1,-1,-1,-1,-1,-1,-1,-1,-1,-1,-1,-1,-1,1,3,A,94.82480959269539,DISTID1,67
Spruce21-24-nothin,L,mineral,YC21_24,False,30,200,30,200,-1,-1,-1,-1,-1,-1,-1,-1,-1,-1,-1,-1,-1,-1,-1,-1,-1,-1,-1,-1,-1,1,3,A,7148.448815922523,DISTID1,67
Spruce25-32-nothin,L,mineral,YC25_32,False,27,200,27,200,-1,-1,-1,-1,-1,-1,-1,-1,-1,-1,-1,-1,-1,-1,-1,-1,-1,-1,-1,-1,-1,1,3,A,11905.474522013707,DISTID1,67
Spruce17-20-nothin,L,mineral,YC17_20,False,20,33,20,33,5,-1,-1,-1,-1,-1,-1,-1,-1,-1,-1,-1,-1,-1,-1,-1,-1,-1,-1,-1,-1,1,3,A,68.20421473314566,DISTID2,67
Spruce21-24-nothin,L,mineral,YC21_24,False,18,29,18,29,4,-1,-1,-1,-1,-1,-1,-1,-1,-1,-1,-1,-1,-1,-1,-1,-1,-1,-1,-1,-1,1,3,A,10836.872749917178,DISTID2,67
Spruce25-32-nothin,L,mineral,YC25_32,False,15,26,15,26,3,-1,-1,-1,-1,-1,-1,-1,-1,-1,-1,-1,-1,-1,-1,-1,-1,-1,-1,-1,-1,1,3,A,12937.4021434259,DISTID2,67
Spruce17-20-nothin,L,mineral,YC17_20,False,34,200,34,200,-1,-1,-1,-1,-1,-1,-1,-1,-1,-1,-1,-1,-1,-1,-1,-1,-1,-1,-1,-1,-1,1,3,A,75.97022797593719,DISTID1,68
Spruce21-24-nothin,L,mineral,YC21_24,False,30,200,30,200,-1,-1,-1,-1,-1,-1,-1,-1,-1,-1,-1,-1,-1,-1,-1,-1,-1,-1,-1,-1,-1,1,3,A,8126.658960225579,DISTID1,68
Spruce25-32-nothin,L,mineral,YC25_32,False,27,200,27,200,-1,-1,-1,-1,-1,-1,-1,-1,-1,-1,-1,-1,-1,-1,-1,-1,-1,-1,-1,-1,-1,1,3,A,12511.36476061512,DISTID1,68
Spruce17-20-nothin,L,mineral,YC17_20,False,20,33,20,33,5,-1,-1,-1,-1,-1,-1,-1,-1,-1,-1,-1,-1,-1,-1,-1,-1,-1,-1,-1,-1,1,3,A,73.2638935590757,DISTID2,68
Spruce21-24-nothin,L,mineral,YC21_24,False,18,29,18,29,4,-1,-1,-1,-1,-1,-1,-1,-1,-1,-1,-1,-1,-1,-1,-1,-1,-1,-1,-1,-1,1,3,A,11103.071477742855,DISTID2,68
Spruce25-32-nothin,L,mineral,YC25_32,False,15,26,15,26,3,-1,-1,-1,-1,-1,-1,-1,-1,-1,-1,-1,-1,-1,-1,-1,-1,-1,-1,-1,-1,1,3,A,13024.385465200166,DISTID2,68
Spruce17-20-nothin,L,mineral,YC17_20,False,34,200,34,200,-1,-1,-1,-1,-1,-1,-1,-1,-1,-1,-1,-1,-1,-1,-1,-1,-1,-1,-1,-1,-1,1,3,A,60.97486692395533,DISTID1,69
Spruce21-24-nothin,L,mineral,YC21_24,False,30,200,30,200,-1,-1,-1,-1,-1,-1,-1,-1,-1,-1,-1,-1,-1,-1,-1,-1,-1,-1,-1,-1,-1,1,3,A,9238.838186773548,DISTID1,69
Spruce25-32-nothin,L,mineral,YC25_32,False,27,200,27,200,-1,-1,-1,-1,-1,-1,-1,-1,-1,-1,-1,-1,-1,-1,-1,-1,-1,-1,-1,-1,-1,1,3,A,13067.295860510281,DISTID1,69
Spruce17-20-nothin,L,mineral,YC17_20,False,20,33,20,33,5,-1,-1,-1,-1,-1,-1,-1,-1,-1,-1,-1,-1,-1,-1,-1,-1,-1,-1,-1,-1,1,3,A,86.49632705342799,DISTID2,69
Spruce21-24-nothin,L,mineral,YC21_24,False,18,29,18,29,4,-1,-1,-1,-1,-1,-1,-1,-1,-1,-1,-1,-1,-1,-1,-1,-1,-1,-1,-1,-1,1,3,A,11316.030460003396,DISTID2,69
Spruce25-32-nothin,L,mineral,YC25_32,False,15,26,15,26,3,-1,-1,-1,-1,-1,-1,-1,-1,-1,-1,-1,-1,-1,-1,-1,-1,-1,-1,-1,-1,1,3,A,13095.56010470321,DISTID2,69
Spruce17-20-nothin,L,mineral,YC17_20,False,34,200,34,200,-1,-1,-1,-1,-1,-1,-1,-1,-1,-1,-1,-1,-1,-1,-1,-1,-1,-1,-1,-1,-1,1,3,A,49.04922147550961,DISTID1,70
Spruce21-24-nothin,L,mineral,YC21_24,False,30,200,30,200,-1,-1,-1,-1,-1,-1,-1,-1,-1,-1,-1,-1,-1,-1,-1,-1,-1,-1,-1,-1,-1,1,3,A,10392.270456896344,DISTID1,70
Spruce25-32-nothin,L,mineral,YC25_32,False,27,200,27,200,-1,-1,-1,-1,-1,-1,-1,-1,-1,-1,-1,-1,-1,-1,-1,-1,-1,-1,-1,-1,-1,1,3,A,13569.015867637636,DISTID1,70
Spruce17-20-nothin,L,mineral,YC17_20,False,20,33,20,33,5,-1,-1,-1,-1,-1,-1,-1,-1,-1,-1,-1,-1,-1,-1,-1,-1,-1,-1,-1,-1,1,3,A,97.08227384890982,DISTID2,70
Spruce21-24-nothin,L,mineral,YC21_24,False,18,29,18,29,4,-1,-1,-1,-1,-1,-1,-1,-1,-1,-1,-1,-1,-1,-1,-1,-1,-1,-1,-1,-1,1,3,A,11486.397645811825,DISTID2,70
Spruce25-32-nothin,L,mineral,YC25_32,False,15,26,15,26,3,-1,-1,-1,-1,-1,-1,-1,-1,-1,-1,-1,-1,-1,-1,-1,-1,-1,-1,-1,-1,1,3,A,13153.770201972551,DISTID2,70
Spruce17-20-nothin,L,mineral,YC17_20,False,34,200,34,200,-1,-1,-1,-1,-1,-1,-1,-1,-1,-1,-1,-1,-1,-1,-1,-1,-1,-1,-1,-1,-1,1,3,A,39.56521983126485,DISTID1,71
Spruce21-24-nothin,L,mineral,YC21_24,False,30,200,30,200,-1,-1,-1,-1,-1,-1,-1,-1,-1,-1,-1,-1,-1,-1,-1,-1,-1,-1,-1,-1,-1,1,3,A,11525.967384102116,DISTID1,71
Spruce25-32-nothin,L,mineral,YC25_32,False,27,200,27,200,-1,-1,-1,-1,-1,-1,-1,-1,-1,-1,-1,-1,-1,-1,-1,-1,-1,-1,-1,-1,-1,1,3,A,14015.9719751085,DISTID1,71
Spruce17-20-nothin,L,mineral,YC17_20,False,20,33,20,33,5,-1,-1,-1,-1,-1,-1,-1,-1,-1,-1,-1,-1,-1,-1,-1,-1,-1,-1,-1,-1,1,3,A,105.5510312852953,DISTID2,71
Spruce21-24-nothin,L,mineral,YC21_24,False,18,29,18,29,4,-1,-1,-1,-1,-1,-1,-1,-1,-1,-1,-1,-1,-1,-1,-1,-1,-1,-1,-1,-1,1,3,A,11622.691394458572,DISTID2,71
Spruce25-32-nothin,L,mineral,YC25_32,False,15,26,15,26,3,-1,-1,-1,-1,-1,-1,-1,-1,-1,-1,-1,-1,-1,-1,-1,-1,-1,-1,-1,-1,1,3,A,13201.354588321548,DISTID2,71
Spruce17-20-nothin,L,mineral,YC17_20,False,34,200,34,200,-1,-1,-1,-1,-1,-1,-1,-1,-1,-1,-1,-1,-1,-1,-1,-1,-1,-1,-1,-1,-1,1,3,A,32.023230287478476,DISTID1,72
Spruce21-24-nothin,L,mineral,YC21_24,False,30,200,30,200,-1,-1,-1,-1,-1,-1,-1,-1,-1,-1,-1,-1,-1,-1,-1,-1,-1,-1,-1,-1,-1,1,3,A,12601.685814752764,DISTID1,72
Spruce25-32-nothin,L,mineral,YC25_32,False,27,200,27,200,-1,-1,-1,-1,-1,-1,-1,-1,-1,-1,-1,-1,-1,-1,-1,-1,-1,-1,-1,-1,-1,1,3,A,14410.000942500372,DISTID1,72
Spruce17-20-nothin,L,mineral,YC17_20,False,20,33,20,33,5,-1,-1,-1,-1,-1,-1,-1,-1,-1,-1,-1,-1,-1,-1,-1,-1,-1,-1,-1,-1,1,3,A,112.32603723440367,DISTID2,72
Spruce21-24-nothin,L,mineral,YC21_24,False,18,29,18,29,4,-1,-1,-1,-1,-1,-1,-1,-1,-1,-1,-1,-1,-1,-1,-1,-1,-1,-1,-1,-1,1,3,A,11731.72639337597,DISTID2,72
Spruce25-32-nothin,L,mineral,YC25_32,False,15,26,15,26,3,-1,-1,-1,-1,-1,-1,-1,-1,-1,-1,-1,-1,-1,-1,-1,-1,-1,-1,-1,-1,1,3,A,12573.207188696337,DISTID2,72
Spruce17-20-nothin,L,mineral,YC17_20,False,34,200,34,200,-1,-1,-1,-1,-1,-1,-1,-1,-1,-1,-1,-1,-1,-1,-1,-1,-1,-1,-1,-1,-1,1,3,A,35.21049850334521,DISTID1,73
Spruce21-24-nothin,L,mineral,YC21_24,False,30,200,30,200,-1,-1,-1,-1,-1,-1,-1,-1,-1,-1,-1,-1,-1,-1,-1,-1,-1,-1,-1,-1,-1,1,3,A,13597.269270382105,DISTID1,73
Spruce25-32-nothin,L,mineral,YC25_32,False,27,200,27,200,-1,-1,-1,-1,-1,-1,-1,-1,-1,-1,-1,-1,-1,-1,-1,-1,-1,-1,-1,-1,-1,1,3,A,14754.395381546017,DISTID1,73
Spruce17-20-nothin,L,mineral,YC17_20,False,20,33,20,33,5,-1,-1,-1,-1,-1,-1,-1,-1,-1,-1,-1,-1,-1,-1,-1,-1,-1,-1,-1,-1,1,3,A,117.74604199369037,DISTID2,73
Spruce21-24-nothin,L,mineral,YC21_24,False,18,29,18,29,4,-1,-1,-1,-1,-1,-1,-1,-1,-1,-1,-1,-1,-1,-1,-1,-1,-1,-1,-1,-1,1,3,A,11818.954392509888,DISTID2,73
Spruce25-32-nothin,L,mineral,YC25_32,False,15,26,15,26,3,-1,-1,-1,-1,-1,-1,-1,-1,-1,-1,-1,-1,-1,-1,-1,-1,-1,-1,-1,-1,1,3,A,12072.610092124527,DISTID2,73
Spruce17-20-nothin,L,mineral,YC17_20,False,34,200,34,200,-1,-1,-1,-1,-1,-1,-1,-1,-1,-1,-1,-1,-1,-1,-1,-1,-1,-1,-1,-1,-1,1,3,A,45.13700095675526,DISTID1,74
Spruce21-24-nothin,L,mineral,YC21_24,False,30,200,30,200,-1,-1,-1,-1,-1,-1,-1,-1,-1,-1,-1,-1,-1,-1,-1,-1,-1,-1,-1,-1,-1,1,3,A,14501.743003772635,DISTID1,74
Spruce25-32-nothin,L,mineral,YC25_32,False,27,200,27,200,-1,-1,-1,-1,-1,-1,-1,-1,-1,-1,-1,-1,-1,-1,-1,-1,-1,-1,-1,-1,-1,1,3,A,15053.247944888251,DISTID1,74
Spruce17-20-nothin,L,mineral,YC17_20,False,20,33,20,33,5,-1,-1,-1,-1,-1,-1,-1,-1,-1,-1,-1,-1,-1,-1,-1,-1,-1,-1,-1,-1,1,3,A,122.08204580111973,DISTID2,74
Spruce21-24-nothin,L,mineral,YC21_24,False,18,29,18,29,4,-1,-1,-1,-1,-1,-1,-1,-1,-1,-1,-1,-1,-1,-1,-1,-1,-1,-1,-1,-1,1,3,A,11888.73679181702,DISTID2,74
Spruce25-32-nothin,L,mineral,YC25_32,False,15,26,15,26,3,-1,-1,-1,-1,-1,-1,-1,-1,-1,-1,-1,-1,-1,-1,-1,-1,-1,-1,-1,-1,1,3,A,11805.804278809108,DISTID2,74
Spruce17-20-nothin,L,mineral,YC17_20,False,34,200,34,200,-1,-1,-1,-1,-1,-1,-1,-1,-1,-1,-1,-1,-1,-1,-1,-1,-1,-1,-1,-1,-1,1,3,A,58.97955322405662,DISTID1,75
Spruce21-24-nothin,L,mineral,YC21_24,False,30,200,30,200,-1,-1,-1,-1,-1,-1,-1,-1,-1,-1,-1,-1,-1,-1,-1,-1,-1,-1,-1,-1,-1,1,3,A,15311.727565594707,DISTID1,75
Spruce25-32-nothin,L,mineral,YC25_32,False,27,200,27,200,-1,-1,-1,-1,-1,-1,-1,-1,-1,-1,-1,-1,-1,-1,-1,-1,-1,-1,-1,-1,-1,1,3,A,15310.999605246614,DISTID1,75
Spruce17-20-nothin,L,mineral,YC17_20,False,20,33,20,33,5,-1,-1,-1,-1,-1,-1,-1,-1,-1,-1,-1,-1,-1,-1,-1,-1,-1,-1,-1,-1,1,3,A,125.55084884706321,DISTID2,75
Spruce21-24-nothin,L,mineral,YC21_24,False,18,29,18,29,4,-1,-1,-1,-1,-1,-1,-1,-1,-1,-1,-1,-1,-1,-1,-1,-1,-1,-1,-1,-1,1,3,A,11944.562711262728,DISTID2,75
Spruce25-32-nothin,L,mineral,YC25_32,False,15,26,15,26,3,-1,-1,-1,-1,-1,-1,-1,-1,-1,-1,-1,-1,-1,-1,-1,-1,-1,-1,-1,-1,1,3,A,11032.269163779167,DISTID2,75
Spruce17-20-nothin,L,mineral,YC17_20,False,34,200,34,200,-1,-1,-1,-1,-1,-1,-1,-1,-1,-1,-1,-1,-1,-1,-1,-1,-1,-1,-1,-1,-1,1,3,A,74.77467528155638,DISTID1,76
Spruce21-24-nothin,L,mineral,YC21_24,False,30,200,30,200,-1,-1,-1,-1,-1,-1,-1,-1,-1,-1,-1,-1,-1,-1,-1,-1,-1,-1,-1,-1,-1,1,3,A,16028.839675140081,DISTID1,76
Spruce25-32-nothin,L,mineral,YC25_32,False,27,200,27,200,-1,-1,-1,-1,-1,-1,-1,-1,-1,-1,-1,-1,-1,-1,-1,-1,-1,-1,-1,-1,-1,1,3,A,15532.136621280963,DISTID1,76
Spruce17-20-nothin,L,mineral,YC17_20,False,20,33,20,33,5,-1,-1,-1,-1,-1,-1,-1,-1,-1,-1,-1,-1,-1,-1,-1,-1,-1,-1,-1,-1,1,3,A,128.325891283818,DISTID2,76
Spruce21-24-nothin,L,mineral,YC21_24,False,18,29,18,29,4,-1,-1,-1,-1,-1,-1,-1,-1,-1,-1,-1,-1,-1,-1,-1,-1,-1,-1,-1,-1,1,3,A,11989.223446819293,DISTID2,76
Spruce25-32-nothin,L,mineral,YC25_32,False,15,26,15,26,3,-1,-1,-1,-1,-1,-1,-1,-1,-1,-1,-1,-1,-1,-1,-1,-1,-1,-1,-1,-1,1,3,A,10500.261450345019,DISTID2,76
Spruce17-20-nothin,L,mineral,YC17_20,False,34,200,34,200,-1,-1,-1,-1,-1,-1,-1,-1,-1,-1,-1,-1,-1,-1,-1,-1,-1,-1,-1,-1,-1,1,3,A,91.18763712248311,DISTID1,77
Spruce21-24-nothin,L,mineral,YC21_24,False,30,200,30,200,-1,-1,-1,-1,-1,-1,-1,-1,-1,-1,-1,-1,-1,-1,-1,-1,-1,-1,-1,-1,-1,1,3,A,16657.828930846557,DISTID1,77
Spruce25-32-nothin,L,mineral,YC25_32,False,27,200,27,200,-1,-1,-1,-1,-1,-1,-1,-1,-1,-1,-1,-1,-1,-1,-1,-1,-1,-1,-1,-1,-1,1,3,A,15720.99478430657,DISTID1,77
Spruce17-20-nothin,L,mineral,YC17_20,False,20,33,20,33,5,-1,-1,-1,-1,-1,-1,-1,-1,-1,-1,-1,-1,-1,-1,-1,-1,-1,-1,-1,-1,1,3,A,130.54592523322185,DISTID2,77
Spruce21-24-nothin,L,mineral,YC21_24,False,18,29,18,29,4,-1,-1,-1,-1,-1,-1,-1,-1,-1,-1,-1,-1,-1,-1,-1,-1,-1,-1,-1,-1,1,3,A,12024.952035264545,DISTID2,77
Spruce25-32-nothin,L,mineral,YC25_32,False,15,26,15,26,3,-1,-1,-1,-1,-1,-1,-1,-1,-1,-1,-1,-1,-1,-1,-1,-1,-1,-1,-1,-1,1,3,A,10276.246787908884,DISTID2,77
Spruce17-20-nothin,L,mineral,YC17_20,False,34,200,34,200,-1,-1,-1,-1,-1,-1,-1,-1,-1,-1,-1,-1,-1,-1,-1,-1,-1,-1,-1,-1,-1,1,3,A,107.33949795116604,DISTID1,78
Spruce21-24-nothin,L,mineral,YC21_24,False,30,200,30,200,-1,-1,-1,-1,-1,-1,-1,-1,-1,-1,-1,-1,-1,-1,-1,-1,-1,-1,-1,-1,-1,1,3,A,17205.259989867875,DISTID1,78
Spruce25-32-nothin,L,mineral,YC25_32,False,27,200,27,200,-1,-1,-1,-1,-1,-1,-1,-1,-1,-1,-1,-1,-1,-1,-1,-1,-1,-1,-1,-1,-1,1,3,A,15881.640154885556,DISTID1,78
Spruce17-20-nothin,L,mineral,YC17_20,False,20,33,20,33,5,-1,-1,-1,-1,-1,-1,-1,-1,-1,-1,-1,-1,-1,-1,-1,-1,-1,-1,-1,-1,1,3,A,132.3219523927449,DISTID2,78
Spruce21-24-nothin,L,mineral,YC21_24,False,18,29,18,29,4,-1,-1,-1,-1,-1,-1,-1,-1,-1,-1,-1,-1,-1,-1,-1,-1,-1,-1,-1,-1,1,3,A,11244.270415595412,DISTID2,78
Spruce25-32-nothin,L,mineral,YC25_32,False,15,26,15,26,3,-1,-1,-1,-1,-1,-1,-1,-1,-1,-1,-1,-1,-1,-1,-1,-1,-1,-1,-1,-1,1,3,A,9591.280309077692,DISTID2,78
Spruce17-20-nothin,L,mineral,YC17_20,False,34,200,34,200,-1,-1,-1,-1,-1,-1,-1,-1,-1,-1,-1,-1,-1,-1,-1,-1,-1,-1,-1,-1,-1,1,3,A,122.67817969886562,DISTID1,79
Spruce21-24-nothin,L,mineral,YC21_24,False,30,200,30,200,-1,-1,-1,-1,-1,-1,-1,-1,-1,-1,-1,-1,-1,-1,-1,-1,-1,-1,-1,-1,-1,1,3,A,17678.59656064984,DISTID1,79
Spruce25-32-nothin,L,mineral,YC25_32,False,27,200,27,200,-1,-1,-1,-1,-1,-1,-1,-1,-1,-1,-1,-1,-1,-1,-1,-1,-1,-1,-1,-1,-1,1,3,A,16017.803523475548,DISTID1,79
Spruce17-20-nothin,L,mineral,YC17_20,False,20,33,20,33,5,-1,-1,-1,-1,-1,-1,-1,-1,-1,-1,-1,-1,-1,-1,-1,-1,-1,-1,-1,-1,1,3,A,133.74277412036338,DISTID2,79
Spruce21-24-nothin,L,mineral,YC21_24,False,18,29,18,29,4,-1,-1,-1,-1,-1,-1,-1,-1,-1,-1,-1,-1,-1,-1,-1,-1,-1,-1,-1,-1,1,3,A,10621.266401602268,DISTID2,79
Spruce25-32-nothin,L,mineral,YC25_32,False,15,26,15,26,3,-1,-1,-1,-1,-1,-1,-1,-1,-1,-1,-1,-1,-1,-1,-1,-1,-1,-1,-1,-1,1,3,A,9173.596076998803,DISTID2,79
Spruce17-20-nothin,L,mineral,YC17_20,False,34,200,34,200,-1,-1,-1,-1,-1,-1,-1,-1,-1,-1,-1,-1,-1,-1,-1,-1,-1,-1,-1,-1,-1,1,3,A,136.88287956482787,DISTID1,80
Spruce21-24-nothin,L,mineral,YC21_24,False,30,200,30,200,-1,-1,-1,-1,-1,-1,-1,-1,-1,-1,-1,-1,-1,-1,-1,-1,-1,-1,-1,-1,-1,1,3,A,18085.579196127343,DISTID1,80
Spruce25-32-nothin,L,mineral,YC25_32,False,27,200,27,200,-1,-1,-1,-1,-1,-1,-1,-1,-1,-1,-1,-1,-1,-1,-1,-1,-1,-1,-1,-1,-1,1,3,A,16132.85187604898,DISTID1,80
Spruce17-20-nothin,L,mineral,YC17_20,False,20,33,20,33,5,-1,-1,-1,-1,-1,-1,-1,-1,-1,-1,-1,-1,-1,-1,-1,-1,-1,-1,-1,-1,1,3,A,134.87943150245812,DISTID2,80
Spruce21-24-nothin,L,mineral,YC21_24,False,18,29,18,29,4,-1,-1,-1,-1,-1,-1,-1,-1,-1,-1,-1,-1,-1,-1,-1,-1,-1,-1,-1,-1,1,3,A,10124.096215801483,DISTID2,80
Spruce25-32-nothin,L,mineral,YC25_32,False,15,26,15,26,3,-1,-1,-1,-1,-1,-1,-1,-1,-1,-1,-1,-1,-1,-1,-1,-1,-1,-1,-1,-1,1,3,A,9075.815057563883,DISTID2,80
Spruce17-20-nothin,L,mineral,YC17_20,False,34,200,34,200,-1,-1,-1,-1,-1,-1,-1,-1,-1,-1,-1,-1,-1,-1,-1,-1,-1,-1,-1,-1,-1,1,3,A,149.79364303183974,DISTID1,81
Spruce21-24-nothin,L,mineral,YC21_24,False,30,200,30,200,-1,-1,-1,-1,-1,-1,-1,-1,-1,-1,-1,-1,-1,-1,-1,-1,-1,-1,-1,-1,-1,1,3,A,18433.81600759089,DISTID1,81
Spruce25-32-nothin,L,mineral,YC25_32,False,27,200,27,200,-1,-1,-1,-1,-1,-1,-1,-1,-1,-1,-1,-1,-1,-1,-1,-1,-1,-1,-1,-1,-1,1,3,A,16231.372666352512,DISTID1,81
Spruce17-20-nothin,L,mineral,YC17_20,False,20,33,20,33,5,-1,-1,-1,-1,-1,-1,-1,-1,-1,-1,-1,-1,-1,-1,-1,-1,-1,-1,-1,-1,1,3,A,135.78875740813393,DISTID2,81
Spruce21-24-nothin,L,mineral,YC21_24,False,18,29,18,29,4,-1,-1,-1,-1,-1,-1,-1,-1,-1,-1,-1,-1,-1,-1,-1,-1,-1,-1,-1,-1,1,3,A,9727.346487475837,DISTID2,81
Spruce25-32-nothin,L,mineral,YC25_32,False,15,26,15,26,3,-1,-1,-1,-1,-1,-1,-1,-1,-1,-1,-1,-1,-1,-1,-1,-1,-1,-1,-1,-1,1,3,A,8518.067397383638,DISTID2,81
Spruce17-20-nothin,L,mineral,YC17_20,False,34,200,34,200,-1,-1,-1,-1,-1,-1,-1,-1,-1,-1,-1,-1,-1,-1,-1,-1,-1,-1,-1,-1,-1,1,3,A,161.3598566648429,DISTID1,82
Spruce21-24-nothin,L,mineral,YC21_24,False,30,200,30,200,-1,-1,-1,-1,-1,-1,-1,-1,-1,-1,-1,-1,-1,-1,-1,-1,-1,-1,-1,-1,-1,1,3,A,18730.52601922696,DISTID1,82
Spruce25-32-nothin,L,mineral,YC25_32,False,27,200,27,200,-1,-1,-1,-1,-1,-1,-1,-1,-1,-1,-1,-1,-1,-1,-1,-1,-1,-1,-1,-1,-1,1,3,A,16316.645370858072,DISTID1,82
Spruce17-20-nothin,L,mineral,YC17_20,False,20,33,20,33,5,-1,-1,-1,-1,-1,-1,-1,-1,-1,-1,-1,-1,-1,-1,-1,-1,-1,-1,-1,-1,1,3,A,136.51621813267457,DISTID2,82
Spruce21-24-nothin,L,mineral,YC21_24,False,18,29,18,29,4,-1,-1,-1,-1,-1,-1,-1,-1,-1,-1,-1,-1,-1,-1,-1,-1,-1,-1,-1,-1,1,3,A,8601.471350641974,DISTID2,82
Spruce25-32-nothin,L,mineral,YC25_32,False,15,26,15,26,3,-1,-1,-1,-1,-1,-1,-1,-1,-1,-1,-1,-1,-1,-1,-1,-1,-1,-1,-1,-1,1,3,A,8223.143743625486,DISTID2,82
Spruce17-20-nothin,L,mineral,YC17_20,False,34,200,34,200,-1,-1,-1,-1,-1,-1,-1,-1,-1,-1,-1,-1,-1,-1,-1,-1,-1,-1,-1,-1,-1,1,3,A,171.60290985876037,DISTID1,83
Spruce21-24-nothin,L,mineral,YC21_24,False,30,200,30,200,-1,-1,-1,-1,-1,-1,-1,-1,-1,-1,-1,-1,-1,-1,-1,-1,-1,-1,-1,-1,-1,1,3,A,18982.390478508,DISTID1,83
Spruce25-32-nothin,L,mineral,YC25_32,False,27,200,27,200,-1,-1,-1,-1,-1,-1,-1,-1,-1,-1,-1,-1,-1,-1,-1,-1,-1,-1,-1,-1,-1,1,3,A,16391.04470080623,DISTID1,83
Spruce17-20-nothin,L,mineral,YC17_20,False,20,33,20,33,5,-1,-1,-1,-1,-1,-1,-1,-1,-1,-1,-1,-1,-1,-1,-1,-1,-1,-1,-1,-1,1,3,A,137.0981867123071,DISTID2,83
Spruce21-24-nothin,L,mineral,YC21_24,False,18,29,18,29,4,-1,-1,-1,-1,-1,-1,-1,-1,-1,-1,-1,-1,-1,-1,-1,-1,-1,-1,-1,-1,1,3,A,7863.255448261538,DISTID2,83
Spruce25-32-nothin,L,mineral,YC25_32,False,15,26,15,26,3,-1,-1,-1,-1,-1,-1,-1,-1,-1,-1,-1,-1,-1,-1,-1,-1,-1,-1,-1,-1,1,3,A,8240.359605567137,DISTID2,83
Spruce17-20-nothin,L,mineral,YC17_20,False,34,200,34,200,-1,-1,-1,-1,-1,-1,-1,-1,-1,-1,-1,-1,-1,-1,-1,-1,-1,-1,-1,-1,-1,1,3,A,180.58941824390627,DISTID1,84
Spruce21-24-nothin,L,mineral,YC21_24,False,30,200,30,200,-1,-1,-1,-1,-1,-1,-1,-1,-1,-1,-1,-1,-1,-1,-1,-1,-1,-1,-1,-1,-1,1,3,A,19195.47920591059,DISTID1,84
Spruce25-32-nothin,L,mineral,YC25_32,False,27,200,27,200,-1,-1,-1,-1,-1,-1,-1,-1,-1,-1,-1,-1,-1,-1,-1,-1,-1,-1,-1,-1,-1,1,3,A,15787.706207051682,DISTID1,84
Spruce17-20-nothin,L,mineral,YC17_20,False,20,33,20,33,5,-1,-1,-1,-1,-1,-1,-1,-1,-1,-1,-1,-1,-1,-1,-1,-1,-1,-1,-1,-1,1,3,A,128.26869084062398,DISTID2,84
Spruce21-24-nothin,L,mineral,YC21_24,False,18,29,18,29,4,-1,-1,-1,-1,-1,-1,-1,-1,-1,-1,-1,-1,-1,-1,-1,-1,-1,-1,-1,-1,1,3,A,7402.670092026515,DISTID2,84
Spruce25-32-nothin,L,mineral,YC25_32,False,15,26,15,26,3,-1,-1,-1,-1,-1,-1,-1,-1,-1,-1,-1,-1,-1,-1,-1,-1,-1,-1,-1,-1,1,3,A,8456.656123078998,DISTID2,84
Spruce17-20-nothin,L,mineral,YC17_20,False,34,200,34,200,-1,-1,-1,-1,-1,-1,-1,-1,-1,-1,-1,-1,-1,-1,-1,-1,-1,-1,-1,-1,-1,1,3,A,188.41227761603253,DISTID1,85
Spruce21-24-nothin,L,mineral,YC21_24,False,30,200,30,200,-1,-1,-1,-1,-1,-1,-1,-1,-1,-1,-1,-1,-1,-1,-1,-1,-1,-1,-1,-1,-1,1,3,A,19375.227915814856,DISTID1,85
Spruce25-32-nothin,L,mineral,YC25_32,False,27,200,27,200,-1,-1,-1,-1,-1,-1,-1,-1,-1,-1,-1,-1,-1,-1,-1,-1,-1,-1,-1,-1,-1,1,3,A,14775.39948333904,DISTID1,85
Spruce17-20-nothin,L,mineral,YC17_20,False,20,33,20,33,5,-1,-1,-1,-1,-1,-1,-1,-1,-1,-1,-1,-1,-1,-1,-1,-1,-1,-1,-1,-1,1,3,A,121.20509414327748,DISTID2,85
Spruce21-24-nothin,L,mineral,YC21_24,False,18,29,18,29,4,-1,-1,-1,-1,-1,-1,-1,-1,-1,-1,-1,-1,-1,-1,-1,-1,-1,-1,-1,-1,1,3,A,7138.1916995739575,DISTID2,85
Spruce25-32-nothin,L,mineral,YC25_32,False,15,26,15,26,3,-1,-1,-1,-1,-1,-1,-1,-1,-1,-1,-1,-1,-1,-1,-1,-1,-1,-1,-1,-1,1,3,A,8791.712399455319,DISTID2,85
Spruce17-20-nothin,L,mineral,YC17_20,False,34,200,34,200,-1,-1,-1,-1,-1,-1,-1,-1,-1,-1,-1,-1,-1,-1,-1,-1,-1,-1,-1,-1,-1,1,3,A,195.17748724494118,DISTID1,86
Spruce21-24-nothin,L,mineral,YC21_24,False,30,200,30,200,-1,-1,-1,-1,-1,-1,-1,-1,-1,-1,-1,-1,-1,-1,-1,-1,-1,-1,-1,-1,-1,1,3,A,19526.44906612403,DISTID1,86
Spruce25-32-nothin,L,mineral,YC25_32,False,27,200,27,200,-1,-1,-1,-1,-1,-1,-1,-1,-1,-1,-1,-1,-1,-1,-1,-1,-1,-1,-1,-1,-1,1,3,A,13674.50091681023,DISTID1,86
Spruce17-20-nothin,L,mineral,YC17_20,False,20,33,20,33,5,-1,-1,-1,-1,-1,-1,-1,-1,-1,-1,-1,-1,-1,-1,-1,-1,-1,-1,-1,-1,1,3,A,115.55421678540026,DISTID2,86
Spruce21-24-nothin,L,mineral,YC21_24,False,18,29,18,29,4,-1,-1,-1,-1,-1,-1,-1,-1,-1,-1,-1,-1,-1,-1,-1,-1,-1,-1,-1,-1,1,3,A,6200.536409214944,DISTID2,86
Spruce25-32-nothin,L,mineral,YC25_32,False,15,26,15,26,3,-1,-1,-1,-1,-1,-1,-1,-1,-1,-1,-1,-1,-1,-1,-1,-1,-1,-1,-1,-1,1,3,A,9189.37267044984,DISTID2,86
Spruce17-20-nothin,L,mineral,YC17_20,False,34,200,34,200,-1,-1,-1,-1,-1,-1,-1,-1,-1,-1,-1,-1,-1,-1,-1,-1,-1,-1,-1,-1,-1,1,3,A,200.99519265303422,DISTID1,87
Spruce21-24-nothin,L,mineral,YC21_24,False,30,200,30,200,-1,-1,-1,-1,-1,-1,-1,-1,-1,-1,-1,-1,-1,-1,-1,-1,-1,-1,-1,-1,-1,1,3,A,19653.36373227998,DISTID1,87
Spruce25-32-nothin,L,mineral,YC25_32,False,27,200,27,200,-1,-1,-1,-1,-1,-1,-1,-1,-1,-1,-1,-1,-1,-1,-1,-1,-1,-1,-1,-1,-1,1,3,A,12667.063957867027,DISTID1,87
Spruce17-20-nothin,L,mineral,YC17_20,False,20,33,20,33,5,-1,-1,-1,-1,-1,-1,-1,-1,-1,-1,-1,-1,-1,-1,-1,-1,-1,-1,-1,-1,1,3,A,111.03351489909849,DISTID2,87
Spruce21-24-nothin,L,mineral,YC21_24,False,18,29,18,29,4,-1,-1,-1,-1,-1,-1,-1,-1,-1,-1,-1,-1,-1,-1,-1,-1,-1,-1,-1,-1,1,3,A,5678.818606235495,DISTID2,87
Spruce25-32-nothin,L,mineral,YC25_32,False,15,26,15,26,3,-1,-1,-1,-1,-1,-1,-1,-1,-1,-1,-1,-1,-1,-1,-1,-1,-1,-1,-1,-1,1,3,A,9611.193087160229,DISTID2,87
Spruce17-20-nothin,L,mineral,YC17_20,False,34,200,34,200,-1,-1,-1,-1,-1,-1,-1,-1,-1,-1,-1,-1,-1,-1,-1,-1,-1,-1,-1,-1,-1,1,3,A,205.97378714348156,DISTID1,88
Spruce21-24-nothin,L,mineral,YC21_24,False,30,200,30,200,-1,-1,-1,-1,-1,-1,-1,-1,-1,-1,-1,-1,-1,-1,-1,-1,-1,-1,-1,-1,-1,1,3,A,19759.645661931623,DISTID1,88
Spruce25-32-nothin,L,mineral,YC25_32,False,27,200,27,200,-1,-1,-1,-1,-1,-1,-1,-1,-1,-1,-1,-1,-1,-1,-1,-1,-1,-1,-1,-1,-1,1,3,A,11844.639461597786,DISTID1,88
Spruce17-20-nothin,L,mineral,YC17_20,False,20,33,20,33,5,-1,-1,-1,-1,-1,-1,-1,-1,-1,-1,-1,-1,-1,-1,-1,-1,-1,-1,-1,-1,1,3,A,107.43902945041326,DISTID2,88
Spruce21-24-nothin,L,mineral,YC21_24,False,18,29,18,29,4,-1,-1,-1,-1,-1,-1,-1,-1,-1,-1,-1,-1,-1,-1,-1,-1,-1,-1,-1,-1,1,3,A,5444.169507298145,DISTID2,88
Spruce25-32-nothin,L,mineral,YC25_32,False,15,26,15,26,3,-1,-1,-1,-1,-1,-1,-1,-1,-1,-1,-1,-1,-1,-1,-1,-1,-1,-1,-1,-1,1,3,A,10031.603180460359,DISTID2,88
Spruce17-20-nothin,L,mineral,YC17_20,False,34,200,34,200,-1,-1,-1,-1,-1,-1,-1,-1,-1,-1,-1,-1,-1,-1,-1,-1,-1,-1,-1,-1,-1,1,3,A,210.21620686701775,DISTID1,89
Spruce21-24-nothin,L,mineral,YC21_24,False,30,200,30,200,-1,-1,-1,-1,-1,-1,-1,-1,-1,-1,-1,-1,-1,-1,-1,-1,-1,-1,-1,-1,-1,1,3,A,19848.47136303445,DISTID1,89
Spruce25-32-nothin,L,mineral,YC25_32,False,27,200,27,200,-1,-1,-1,-1,-1,-1,-1,-1,-1,-1,-1,-1,-1,-1,-1,-1,-1,-1,-1,-1,-1,1,3,A,11241.439565659803,DISTID1,89
Spruce17-20-nothin,L,mineral,YC17_20,False,20,33,20,33,5,-1,-1,-1,-1,-1,-1,-1,-1,-1,-1,-1,-1,-1,-1,-1,-1,-1,-1,-1,-1,1,3,A,95.28603120436088,DISTID2,89
Spruce21-24-nothin,L,mineral,YC21_24,False,18,29,18,29,4,-1,-1,-1,-1,-1,-1,-1,-1,-1,-1,-1,-1,-1,-1,-1,-1,-1,-1,-1,-1,1,3,A,5402.630342905231,DISTID2,89
Spruce25-32-nothin,L,mineral,YC25_32,False,15,26,15,26,3,-1,-1,-1,-1,-1,-1,-1,-1,-1,-1,-1,-1,-1,-1,-1,-1,-1,-1,-1,-1,1,3,A,10434.294263045918,DISTID2,89
Spruce17-20-nothin,L,mineral,YC17_20,False,34,200,34,200,-1,-1,-1,-1,-1,-1,-1,-1,-1,-1,-1,-1,-1,-1,-1,-1,-1,-1,-1,-1,-1,1,3,A,213.81777795078932,DISTID1,90
Spruce21-24-nothin,L,mineral,YC21_24,False,30,200,30,200,-1,-1,-1,-1,-1,-1,-1,-1,-1,-1,-1,-1,-1,-1,-1,-1,-1,-1,-1,-1,-1,1,3,A,19113.30755939658,DISTID1,90
Spruce25-32-nothin,L,mineral,YC25_32,False,27,200,27,200,-1,-1,-1,-1,-1,-1,-1,-1,-1,-1,-1,-1,-1,-1,-1,-1,-1,-1,-1,-1,-1,1,3,A,10857.00712526667,DISTID1,90
Spruce17-20-nothin,L,mineral,YC17_20,False,20,33,20,33,5,-1,-1,-1,-1,-1,-1,-1,-1,-1,-1,-1,-1,-1,-1,-1,-1,-1,-1,-1,-1,1,3,A,85.57776128614692,DISTID2,90
Spruce21-24-nothin,L,mineral,YC21_24,False,18,29,18,29,4,-1,-1,-1,-1,-1,-1,-1,-1,-1,-1,-1,-1,-1,-1,-1,-1,-1,-1,-1,-1,1,3,A,5486.343103196476,DISTID2,90
Spruce25-32-nothin,L,mineral,YC25_32,False,15,26,15,26,3,-1,-1,-1,-1,-1,-1,-1,-1,-1,-1,-1,-1,-1,-1,-1,-1,-1,-1,-1,-1,1,3,A,10809.537535470727,DISTID2,90
Spruce17-20-nothin,L,mineral,YC17_20,False,34,200,34,200,-1,-1,-1,-1,-1,-1,-1,-1,-1,-1,-1,-1,-1,-1,-1,-1,-1,-1,-1,-1,-1,1,3,A,216.8651430617607,DISTID1,91
Spruce21-24-nothin,L,mineral,YC21_24,False,30,200,30,200,-1,-1,-1,-1,-1,-1,-1,-1,-1,-1,-1,-1,-1,-1,-1,-1,-1,-1,-1,-1,-1,1,3,A,17881.738306612348,DISTID1,91
Spruce25-32-nothin,L,mineral,YC25_32,False,27,200,27,200,-1,-1,-1,-1,-1,-1,-1,-1,-1,-1,-1,-1,-1,-1,-1,-1,-1,-1,-1,-1,-1,1,3,A,10671.431726434223,DISTID1,91
Spruce17-20-nothin,L,mineral,YC17_20,False,20,33,20,33,5,-1,-1,-1,-1,-1,-1,-1,-1,-1,-1,-1,-1,-1,-1,-1,-1,-1,-1,-1,-1,1,3,A,77.82244829447811,DISTID2,91
Spruce21-24-nothin,L,mineral,YC21_24,False,18,29,18,29,4,-1,-1,-1,-1,-1,-1,-1,-1,-1,-1,-1,-1,-1,-1,-1,-1,-1,-1,-1,-1,1,3,A,5807.180201216835,DISTID2,91
Spruce25-32-nothin,L,mineral,YC25_32,False,15,26,15,26,3,-1,-1,-1,-1,-1,-1,-1,-1,-1,-1,-1,-1,-1,-1,-1,-1,-1,-1,-1,-1,1,3,A,11152.204478495665,DISTID2,91
Spruce17-20-nothin,L,mineral,YC17_20,False,34,200,34,200,-1,-1,-1,-1,-1,-1,-1,-1,-1,-1,-1,-1,-1,-1,-1,-1,-1,-1,-1,-1,-1,1,3,A,219.4359217457011,DISTID1,92
Spruce21-24-nothin,L,mineral,YC21_24,False,30,200,30,200,-1,-1,-1,-1,-1,-1,-1,-1,-1,-1,-1,-1,-1,-1,-1,-1,-1,-1,-1,-1,-1,1,3,A,16382.965361879538,DISTID1,92
Spruce25-32-nothin,L,mineral,YC25_32,False,27,200,27,200,-1,-1,-1,-1,-1,-1,-1,-1,-1,-1,-1,-1,-1,-1,-1,-1,-1,-1,-1,-1,-1,1,3,A,10655.32270807092,DISTID1,92
Spruce17-20-nothin,L,mineral,YC17_20,False,20,33,20,33,5,-1,-1,-1,-1,-1,-1,-1,-1,-1,-1,-1,-1,-1,-1,-1,-1,-1,-1,-1,-1,1,3,A,71.62724025546495,DISTID2,92
Spruce21-24-nothin,L,mineral,YC21_24,False,18,29,18,29,4,-1,-1,-1,-1,-1,-1,-1,-1,-1,-1,-1,-1,-1,-1,-1,-1,-1,-1,-1,-1,1,3,A,6266.9433914630135,DISTID2,92
Spruce25-32-nothin,L,mineral,YC25_32,False,15,26,15,26,3,-1,-1,-1,-1,-1,-1,-1,-1,-1,-1,-1,-1,-1,-1,-1,-1,-1,-1,-1,-1,1,3,A,11460.31589298369,DISTID2,92
Spruce17-20-nothin,L,mineral,YC17_20,False,34,200,34,200,-1,-1,-1,-1,-1,-1,-1,-1,-1,-1,-1,-1,-1,-1,-1,-1,-1,-1,-1,-1,-1,1,3,A,221.5988539689841,DISTID1,93
Spruce21-24-nothin,L,mineral,YC21_24,False,30,200,30,200,-1,-1,-1,-1,-1,-1,-1,-1,-1,-1,-1,-1,-1,-1,-1,-1,-1,-1,-1,-1,-1,1,3,A,14774.119392403934,DISTID1,93
Spruce25-32-nothin,L,mineral,YC25_32,False,27,200,27,200,-1,-1,-1,-1,-1,-1,-1,-1,-1,-1,-1,-1,-1,-1,-1,-1,-1,-1,-1,-1,-1,1,3,A,10776.136420276009,DISTID1,93
Spruce17-20-nothin,L,mineral,YC17_20,False,20,33,20,33,5,-1,-1,-1,-1,-1,-1,-1,-1,-1,-1,-1,-1,-1,-1,-1,-1,-1,-1,-1,-1,1,3,A,68.53732185478978,DISTID2,93
Spruce21-24-nothin,L,mineral,YC21_24,False,18,29,18,29,4,-1,-1,-1,-1,-1,-1,-1,-1,-1,-1,-1,-1,-1,-1,-1,-1,-1,-1,-1,-1,1,3,A,6797.22875312387,DISTID2,93
Spruce25-32-nothin,L,mineral,YC25_32,False,15,26,15,26,3,-1,-1,-1,-1,-1,-1,-1,-1,-1,-1,-1,-1,-1,-1,-1,-1,-1,-1,-1,-1,1,3,A,11733.987312628566,DISTID2,93
Spruce17-20-nothin,L,mineral,YC17_20,False,34,200,34,200,-1,-1,-1,-1,-1,-1,-1,-1,-1,-1,-1,-1,-1,-1,-1,-1,-1,-1,-1,-1,-1,1,3,A,223.41424716851498,DISTID1,94
Spruce21-24-nothin,L,mineral,YC21_24,False,30,200,30,200,-1,-1,-1,-1,-1,-1,-1,-1,-1,-1,-1,-1,-1,-1,-1,-1,-1,-1,-1,-1,-1,1,3,A,13159.969662123955,DISTID1,94
Spruce25-32-nothin,L,mineral,YC25_32,False,27,200,27,200,-1,-1,-1,-1,-1,-1,-1,-1,-1,-1,-1,-1,-1,-1,-1,-1,-1,-1,-1,-1,-1,1,3,A,11002.00404062355,DISTID1,94
Spruce17-20-nothin,L,mineral,YC17_20,False,20,33,20,33,5,-1,-1,-1,-1,-1,-1,-1,-1,-1,-1,-1,-1,-1,-1,-1,-1,-1,-1,-1,-1,1,3,A,58.26331482328875,DISTID2,94
Spruce21-24-nothin,L,mineral,YC21_24,False,18,29,18,29,4,-1,-1,-1,-1,-1,-1,-1,-1,-1,-1,-1,-1,-1,-1,-1,-1,-1,-1,-1,-1,1,3,A,7351.436890023686,DISTID2,94
Spruce25-32-nothin,L,mineral,YC25_32,False,15,26,15,26,3,-1,-1,-1,-1,-1,-1,-1,-1,-1,-1,-1,-1,-1,-1,-1,-1,-1,-1,-1,-1,1,3,A,11974.670278788035,DISTID2,94
Spruce17-20-nothin,L,mineral,YC17_20,False,34,200,34,200,-1,-1,-1,-1,-1,-1,-1,-1,-1,-1,-1,-1,-1,-1,-1,-1,-1,-1,-1,-1,-1,1,3,A,224.93459966486327,DISTID1,95
Spruce21-24-nothin,L,mineral,YC21_24,False,30,200,30,200,-1,-1,-1,-1,-1,-1,-1,-1,-1,-1,-1,-1,-1,-1,-1,-1,-1,-1,-1,-1,-1,1,3,A,11767.934439484869,DISTID1,95
Spruce25-32-nothin,L,mineral,YC25_32,False,27,200,27,200,-1,-1,-1,-1,-1,-1,-1,-1,-1,-1,-1,-1,-1,-1,-1,-1,-1,-1,-1,-1,-1,1,3,A,11303.876184621866,DISTID1,95
Spruce17-20-nothin,L,mineral,YC17_20,False,20,33,20,33,5,-1,-1,-1,-1,-1,-1,-1,-1,-1,-1,-1,-1,-1,-1,-1,-1,-1,-1,-1,-1,1,3,A,51.23850793763056,DISTID2,95
Spruce21-24-nothin,L,mineral,YC21_24,False,18,29,18,29,4,-1,-1,-1,-1,-1,-1,-1,-1,-1,-1,-1,-1,-1,-1,-1,-1,-1,-1,-1,-1,1,3,A,7898.787277600442,DISTID2,95
Spruce25-32-nothin,L,mineral,YC25_32,False,15,26,15,26,3,-1,-1,-1,-1,-1,-1,-1,-1,-1,-1,-1,-1,-1,-1,-1,-1,-1,-1,-1,-1,1,3,A,12184.613316070461,DISTID2,95
Spruce17-20-nothin,L,mineral,YC17_20,False,34,200,34,200,-1,-1,-1,-1,-1,-1,-1,-1,-1,-1,-1,-1,-1,-1,-1,-1,-1,-1,-1,-1,-1,1,3,A,226.2053120113208,DISTID1,96
Spruce21-24-nothin,L,mineral,YC21_24,False,30,200,30,200,-1,-1,-1,-1,-1,-1,-1,-1,-1,-1,-1,-1,-1,-1,-1,-1,-1,-1,-1,-1,-1,1,3,A,10702.488250917113,DISTID1,96
Spruce25-32-nothin,L,mineral,YC25_32,False,27,200,27,200,-1,-1,-1,-1,-1,-1,-1,-1,-1,-1,-1,-1,-1,-1,-1,-1,-1,-1,-1,-1,-1,1,3,A,11656.56011979955,DISTID1,96
Spruce17-20-nothin,L,mineral,YC17_20,False,20,33,20,33,5,-1,-1,-1,-1,-1,-1,-1,-1,-1,-1,-1,-1,-1,-1,-1,-1,-1,-1,-1,-1,1,3,A,46.57418142073809,DISTID2,96
Spruce21-24-nothin,L,mineral,YC21_24,False,18,29,18,29,4,-1,-1,-1,-1,-1,-1,-1,-1,-1,-1,-1,-1,-1,-1,-1,-1,-1,-1,-1,-1,1,3,A,8419.854690107371,DISTID2,96
Spruce25-32-nothin,L,mineral,YC25_32,False,15,26,15,26,3,-1,-1,-1,-1,-1,-1,-1,-1,-1,-1,-1,-1,-1,-1,-1,-1,-1,-1,-1,-1,1,3,A,12366.802673797012,DISTID2,96
Spruce17-20-nothin,L,mineral,YC17_20,False,34,200,34,200,-1,-1,-1,-1,-1,-1,-1,-1,-1,-1,-1,-1,-1,-1,-1,-1,-1,-1,-1,-1,-1,1,3,A,227.26542616798994,DISTID1,97
Spruce21-24-nothin,L,mineral,YC21_24,False,30,200,30,200,-1,-1,-1,-1,-1,-1,-1,-1,-1,-1,-1,-1,-1,-1,-1,-1,-1,-1,-1,-1,-1,1,3,A,9991.680363918196,DISTID1,97
Spruce25-32-nothin,L,mineral,YC25_32,False,27,200,27,200,-1,-1,-1,-1,-1,-1,-1,-1,-1,-1,-1,-1,-1,-1,-1,-1,-1,-1,-1,-1,-1,1,3,A,12039.051269367168,DISTID1,97
Spruce17-20-nothin,L,mineral,YC17_20,False,20,33,20,33,5,-1,-1,-1,-1,-1,-1,-1,-1,-1,-1,-1,-1,-1,-1,-1,-1,-1,-1,-1,-1,1,3,A,43.6071354005314,DISTID2,97
Spruce21-24-nothin,L,mineral,YC21_24,False,18,29,18,29,4,-1,-1,-1,-1,-1,-1,-1,-1,-1,-1,-1,-1,-1,-1,-1,-1,-1,-1,-1,-1,1,3,A,8903.258302069333,DISTID2,97
Spruce25-32-nothin,L,mineral,YC25_32,False,15,26,15,26,3,-1,-1,-1,-1,-1,-1,-1,-1,-1,-1,-1,-1,-1,-1,-1,-1,-1,-1,-1,-1,1,3,A,12524.196179432121,DISTID2,97
Spruce17-20-nothin,L,mineral,YC17_20,False,34,200,34,200,-1,-1,-1,-1,-1,-1,-1,-1,-1,-1,-1,-1,-1,-1,-1,-1,-1,-1,-1,-1,-1,1,3,A,218.8532821815386,DISTID1,98
Spruce21-24-nothin,L,mineral,YC21_24,False,30,200,30,200,-1,-1,-1,-1,-1,-1,-1,-1,-1,-1,-1,-1,-1,-1,-1,-1,-1,-1,-1,-1,-1,1,3,A,9618.676083179673,DISTID1,98
Spruce25-32-nothin,L,mineral,YC25_32,False,27,200,27,200,-1,-1,-1,-1,-1,-1,-1,-1,-1,-1,-1,-1,-1,-1,-1,-1,-1,-1,-1,-1,-1,1,3,A,12434.435410515436,DISTID1,98
Spruce17-20-nothin,L,mineral,YC17_20,False,20,33,20,33,5,-1,-1,-1,-1,-1,-1,-1,-1,-1,-1,-1,-1,-1,-1,-1,-1,-1,-1,-1,-1,1,3,A,43.70404488608969,DISTID2,98
Spruce21-24-nothin,L,mineral,YC21_24,False,18,29,18,29,4,-1,-1,-1,-1,-1,-1,-1,-1,-1,-1,-1,-1,-1,-1,-1,-1,-1,-1,-1,-1,1,3,A,9343.220937204038,DISTID2,98
Spruce25-32-nothin,L,mineral,YC25_32,False,15,26,15,26,3,-1,-1,-1,-1,-1,-1,-1,-1,-1,-1,-1,-1,-1,-1,-1,-1,-1,-1,-1,-1,1,3,A,12659.627861210009,DISTID2,98
Spruce17-20-nothin,L,mineral,YC17_20,False,34,200,34,200,-1,-1,-1,-1,-1,-1,-1,-1,-1,-1,-1,-1,-1,-1,-1,-1,-1,-1,-1,-1,-1,1,3,A,204.7153787429482,DISTID1,99
Spruce21-24-nothin,L,mineral,YC21_24,False,30,200,30,200,-1,-1,-1,-1,-1,-1,-1,-1,-1,-1,-1,-1,-1,-1,-1,-1,-1,-1,-1,-1,-1,1,3,A,9542.70850389845,DISTID1,99
Spruce25-32-nothin,L,mineral,YC25_32,False,27,200,27,200,-1,-1,-1,-1,-1,-1,-1,-1,-1,-1,-1,-1,-1,-1,-1,-1,-1,-1,-1,-1,-1,1,3,A,12829.548516912424,DISTID1,99
Spruce17-20-nothin,L,mineral,YC17_20,False,20,33,20,33,5,-1,-1,-1,-1,-1,-1,-1,-1,-1,-1,-1,-1,-1,-1,-1,-1,-1,-1,-1,-1,1,3,A,45.75800951591525,DISTID2,99
Spruce21-24-nothin,L,mineral,YC21_24,False,18,29,18,29,4,-1,-1,-1,-1,-1,-1,-1,-1,-1,-1,-1,-1,-1,-1,-1,-1,-1,-1,-1,-1,1,3,A,9737.782841763912,DISTID2,99
Spruce25-32-nothin,L,mineral,YC25_32,False,15,26,15,26,3,-1,-1,-1,-1,-1,-1,-1,-1,-1,-1,-1,-1,-1,-1,-1,-1,-1,-1,-1,-1,1,3,A,12642.343726707275,DISTID2,99
Spruce17-20-nothin,L,mineral,YC17_20,False,34,200,34,200,-1,-1,-1,-1,-1,-1,-1,-1,-1,-1,-1,-1,-1,-1,-1,-1,-1,-1,-1,-1,-1,1,3,A,187.4785053925324,DISTID1,100
Spruce21-24-nothin,L,mineral,YC21_24,False,30,200,30,200,-1,-1,-1,-1,-1,-1,-1,-1,-1,-1,-1,-1,-1,-1,-1,-1,-1,-1,-1,-1,-1,1,3,A,9712.620894498028,DISTID1,100
Spruce25-32-nothin,L,mineral,YC25_32,False,27,200,27,200,-1,-1,-1,-1,-1,-1,-1,-1,-1,-1,-1,-1,-1,-1,-1,-1,-1,-1,-1,-1,-1,1,3,A,13214.517889839144,DISTID1,100
Spruce17-20-nothin,L,mineral,YC17_20,False,20,33,20,33,5,-1,-1,-1,-1,-1,-1,-1,-1,-1,-1,-1,-1,-1,-1,-1,-1,-1,-1,-1,-1,1,3,A,48.982330852878825,DISTID2,100
Spruce21-24-nothin,L,mineral,YC21_24,False,18,29,18,29,4,-1,-1,-1,-1,-1,-1,-1,-1,-1,-1,-1,-1,-1,-1,-1,-1,-1,-1,-1,-1,1,3,A,10087.505802573494,DISTID2,100
Spruce25-32-nothin,L,mineral,YC25_32,False,15,26,15,26,3,-1,-1,-1,-1,-1,-1,-1,-1,-1,-1,-1,-1,-1,-1,-1,-1,-1,-1,-1,-1,1,3,A,12528.396999790726,DISTID2,100
?,?,?,?,False,0,210,0,210,-1,-1,-1,-1,-1,-1,-1,-1,-1,-1,-1,-1,-1,-1,-1,-1,-1,-1,-1,-1,-1,1,6,A,0.3381246007871326,DISTID3,1
?,?,?,?,False,0,210,0,210,-1,-1,-1,-1,-1,-1,-1,-1,-1,-1,-1,-1,-1,-1,-1,-1,-1,-1,-1,-1,-1,1,6,A,0.6762492015742652,DISTID3,2
?,?,?,?,False,0,210,0,210,-1,-1,-1,-1,-1,-1,-1,-1,-1,-1,-1,-1,-1,-1,-1,-1,-1,-1,-1,-1,-1,1,6,A,1.0143738023613977,DISTID3,3
?,?,?,?,False,0,210,0,210,-1,-1,-1,-1,-1,-1,-1,-1,-1,-1,-1,-1,-1,-1,-1,-1,-1,-1,-1,-1,-1,1,6,A,1.3524984031485303,DISTID3,4
?,?,?,?,False,0,210,0,210,-1,-1,-1,-1,-1,-1,-1,-1,-1,-1,-1,-1,-1,-1,-1,-1,-1,-1,-1,-1,-1,1,6,A,1.690623003935663,DISTID3,5
?,?,?,?,False,0,210,0,210,-1,-1,-1,-1,-1,-1,-1,-1,-1,-1,-1,-1,-1,-1,-1,-1,-1,-1,-1,-1,-1,1,6,A,30.163928756720473,DISTID3,6
?,?,?,?,False,0,210,0,210,-1,-1,-1,-1,-1,-1,-1,-1,-1,-1,-1,-1,-1,-1,-1,-1,-1,-1,-1,-1,-1,1,6,A,58.637234509505284,DISTID3,7
?,?,?,?,False,0,210,0,210,-1,-1,-1,-1,-1,-1,-1,-1,-1,-1,-1,-1,-1,-1,-1,-1,-1,-1,-1,-1,-1,1,6,A,87.11054026229009,DISTID3,8
?,?,?,?,False,0,210,0,210,-1,-1,-1,-1,-1,-1,-1,-1,-1,-1,-1,-1,-1,-1,-1,-1,-1,-1,-1,-1,-1,1,6,A,115.5838460150749,DISTID3,9
?,?,?,?,False,0,210,0,210,-1,-1,-1,-1,-1,-1,-1,-1,-1,-1,-1,-1,-1,-1,-1,-1,-1,-1,-1,-1,-1,1,6,A,144.05715176785972,DISTID3,10
?,?,?,?,False,0,210,0,210,-1,-1,-1,-1,-1,-1,-1,-1,-1,-1,-1,-1,-1,-1,-1,-1,-1,-1,-1,-1,-1,1,6,A,172.53045752064452,DISTID3,11
?,?,?,?,False,0,210,0,210,-1,-1,-1,-1,-1,-1,-1,-1,-1,-1,-1,-1,-1,-1,-1,-1,-1,-1,-1,-1,-1,1,6,A,201.00376327342934,DISTID3,12
?,?,?,?,False,0,210,0,210,-1,-1,-1,-1,-1,-1,-1,-1,-1,-1,-1,-1,-1,-1,-1,-1,-1,-1,-1,-1,-1,1,6,A,229.47706902621414,DISTID3,13
?,?,?,?,False,0,210,0,210,-1,-1,-1,-1,-1,-1,-1,-1,-1,-1,-1,-1,-1,-1,-1,-1,-1,-1,-1,-1,-1,1,6,A,257.95037477899893,DISTID3,14
?,?,?,?,False,0,210,0,210,-1,-1,-1,-1,-1,-1,-1,-1,-1,-1,-1,-1,-1,-1,-1,-1,-1,-1,-1,-1,-1,1,6,A,286.4236805317837,DISTID3,15
?,?,?,?,False,0,210,0,210,-1,-1,-1,-1,-1,-1,-1,-1,-1,-1,-1,-1,-1,-1,-1,-1,-1,-1,-1,-1,-1,1,6,A,314.8969862845685,DISTID3,16
?,?,?,?,False,0,210,0,210,-1,-1,-1,-1,-1,-1,-1,-1,-1,-1,-1,-1,-1,-1,-1,-1,-1,-1,-1,-1,-1,1,6,A,343.3702920373533,DISTID3,17
?,?,?,?,False,0,210,0,210,-1,-1,-1,-1,-1,-1,-1,-1,-1,-1,-1,-1,-1,-1,-1,-1,-1,-1,-1,-1,-1,1,6,A,371.8435977901381,DISTID3,18
?,?,?,?,False,0,210,0,210,-1,-1,-1,-1,-1,-1,-1,-1,-1,-1,-1,-1,-1,-1,-1,-1,-1,-1,-1,-1,-1,1,6,A,400.3169035429229,DISTID3,19
?,?,?,?,False,0,210,0,210,-1,-1,-1,-1,-1,-1,-1,-1,-1,-1,-1,-1,-1,-1,-1,-1,-1,-1,-1,-1,-1,1,6,A,428.7902092957077,DISTID3,20
?,?,?,?,False,0,210,0,210,-1,-1,-1,-1,-1,-1,-1,-1,-1,-1,-1,-1,-1,-1,-1,-1,-1,-1,-1,-1,-1,1,6,A,457.2635150484925,DISTID3,21
?,?,?,?,False,0,210,0,210,-1,-1,-1,-1,-1,-1,-1,-1,-1,-1,-1,-1,-1,-1,-1,-1,-1,-1,-1,-1,-1,1,6,A,485.73682080127725,DISTID3,22
?,?,?,?,False,0,210,0,210,-1,-1,-1,-1,-1,-1,-1,-1,-1,-1,-1,-1,-1,-1,-1,-1,-1,-1,-1,-1,-1,1,6,A,514.2101265540621,DISTID3,23
?,?,?,?,False,0,210,0,210,-1,-1,-1,-1,-1,-1,-1,-1,-1,-1,-1,-1,-1,-1,-1,-1,-1,-1,-1,-1,-1,1,6,A,542.6834323068468,DISTID3,24
?,?,?,?,False,0,210,0,210,-1,-1,-1,-1,-1,-1,-1,-1,-1,-1,-1,-1,-1,-1,-1,-1,-1,-1,-1,-1,-1,1,6,A,571.1567380596316,DISTID3,25
?,?,?,?,False,0,210,0,210,-1,-1,-1,-1,-1,-1,-1,-1,-1,-1,-1,-1,-1,-1,-1,-1,-1,-1,-1,-1,-1,1,6,A,599.6300438124165,DISTID3,26
?,?,?,?,False,0,210,0,210,-1,-1,-1,-1,-1,-1,-1,-1,-1,-1,-1,-1,-1,-1,-1,-1,-1,-1,-1,-1,-1,1,6,A,628.1033495652013,DISTID3,27
?,?,?,?,False,0,210,0,210,-1,-1,-1,-1,-1,-1,-1,-1,-1,-1,-1,-1,-1,-1,-1,-1,-1,-1,-1,-1,-1,1,6,A,656.576655317986,DISTID3,28
?,?,?,?,False,0,210,0,210,-1,-1,-1,-1,-1,-1,-1,-1,-1,-1,-1,-1,-1,-1,-1,-1,-1,-1,-1,-1,-1,1,6,A,685.0499610707708,DISTID3,29
?,?,?,?,False,0,210,0,210,-1,-1,-1,-1,-1,-1,-1,-1,-1,-1,-1,-1,-1,-1,-1,-1,-1,-1,-1,-1,-1,1,6,A,713.5232668235557,DISTID3,30
?,?,?,?,False,0,210,0,210,-1,-1,-1,-1,-1,-1,-1,-1,-1,-1,-1,-1,-1,-1,-1,-1,-1,-1,-1,-1,-1,1,6,A,713.5232668235557,DISTID3,31
?,?,?,?,False,0,210,0,210,-1,-1,-1,-1,-1,-1,-1,-1,-1,-1,-1,-1,-1,-1,-1,-1,-1,-1,-1,-1,-1,1,6,A,713.5232668235557,DISTID3,32
?,?,?,?,False,0,210,0,210,-1,-1,-1,-1,-1,-1,-1,-1,-1,-1,-1,-1,-1,-1,-1,-1,-1,-1,-1,-1,-1,1,6,A,713.5232668235557,DISTID3,33
?,?,?,?,False,0,210,0,210,-1,-1,-1,-1,-1,-1,-1,-1,-1,-1,-1,-1,-1,-1,-1,-1,-1,-1,-1,-1,-1,1,6,A,713.5232668235557,DISTID3,34
?,?,?,?,False,0,210,0,210,-1,-1,-1,-1,-1,-1,-1,-1,-1,-1,-1,-1,-1,-1,-1,-1,-1,-1,-1,-1,-1,1,6,A,713.5232668235557,DISTID3,35
?,?,?,?,False,0,210,0,210,-1,-1,-1,-1,-1,-1,-1,-1,-1,-1,-1,-1,-1,-1,-1,-1,-1,-1,-1,-1,-1,1,6,A,713.5232668235557,DISTID3,36
?,?,?,?,False,0,210,0,210,-1,-1,-1,-1,-1,-1,-1,-1,-1,-1,-1,-1,-1,-1,-1,-1,-1,-1,-1,-1,-1,1,6,A,713.5232668235557,DISTID3,37
?,?,?,?,False,0,210,0,210,-1,-1,-1,-1,-1,-1,-1,-1,-1,-1,-1,-1,-1,-1,-1,-1,-1,-1,-1,-1,-1,1,6,A,713.5232668235557,DISTID3,38
?,?,?,?,False,0,210,0,210,-1,-1,-1,-1,-1,-1,-1,-1,-1,-1,-1,-1,-1,-1,-1,-1,-1,-1,-1,-1,-1,1,6,A,713.5232668235557,DISTID3,39
?,?,?,?,False,0,210,0,210,-1,-1,-1,-1,-1,-1,-1,-1,-1,-1,-1,-1,-1,-1,-1,-1,-1,-1,-1,-1,-1,1,6,A,713.5232668235557,DISTID3,40
?,?,?,?,False,0,210,0,210,-1,-1,-1,-1,-1,-1,-1,-1,-1,-1,-1,-1,-1,-1,-1,-1,-1,-1,-1,-1,-1,1,6,A,713.5232668235557,DISTID3,41
?,?,?,?,False,0,210,0,210,-1,-1,-1,-1,-1,-1,-1,-1,-1,-1,-1,-1,-1,-1,-1,-1,-1,-1,-1,-1,-1,1,6,A,713.5232668235557,DISTID3,42
?,?,?,?,False,0,210,0,210,-1,-1,-1,-1,-1,-1,-1,-1,-1,-1,-1,-1,-1,-1,-1,-1,-1,-1,-1,-1,-1,1,6,A,713.5232668235557,DISTID3,43
?,?,?,?,False,0,210,0,210,-1,-1,-1,-1,-1,-1,-1,-1,-1,-1,-1,-1,-1,-1,-1,-1,-1,-1,-1,-1,-1,1,6,A,713.5232668235557,DISTID3,44
?,?,?,?,False,0,210,0,210,-1,-1,-1,-1,-1,-1,-1,-1,-1,-1,-1,-1,-1,-1,-1,-1,-1,-1,-1,-1,-1,1,6,A,713.5232668235557,DISTID3,45
?,?,?,?,False,0,210,0,210,-1,-1,-1,-1,-1,-1,-1,-1,-1,-1,-1,-1,-1,-1,-1,-1,-1,-1,-1,-1,-1,1,6,A,713.5232668235557,DISTID3,46
?,?,?,?,False,0,210,0,210,-1,-1,-1,-1,-1,-1,-1,-1,-1,-1,-1,-1,-1,-1,-1,-1,-1,-1,-1,-1,-1,1,6,A,713.5232668235557,DISTID3,47
?,?,?,?,False,0,210,0,210,-1,-1,-1,-1,-1,-1,-1,-1,-1,-1,-1,-1,-1,-1,-1,-1,-1,-1,-1,-1,-1,1,6,A,713.5232668235557,DISTID3,48
?,?,?,?,False,0,210,0,210,-1,-1,-1,-1,-1,-1,-1,-1,-1,-1,-1,-1,-1,-1,-1,-1,-1,-1,-1,-1,-1,1,6,A,713.5232668235557,DISTID3,49
?,?,?,?,False,0,210,0,210,-1,-1,-1,-1,-1,-1,-1,-1,-1,-1,-1,-1,-1,-1,-1,-1,-1,-1,-1,-1,-1,1,6,A,713.5232668235557,DISTID3,50
?,?,?,?,False,0,210,0,210,-1,-1,-1,-1,-1,-1,-1,-1,-1,-1,-1,-1,-1,-1,-1,-1,-1,-1,-1,-1,-1,1,6,A,713.5232668235557,DISTID3,51
?,?,?,?,False,0,210,0,210,-1,-1,-1,-1,-1,-1,-1,-1,-1,-1,-1,-1,-1,-1,-1,-1,-1,-1,-1,-1,-1,1,6,A,713.5232668235557,DISTID3,52
?,?,?,?,False,0,210,0,210,-1,-1,-1,-1,-1,-1,-1,-1,-1,-1,-1,-1,-1,-1,-1,-1,-1,-1,-1,-1,-1,1,6,A,713.5232668235557,DISTID3,53
?,?,?,?,False,0,210,0,210,-1,-1,-1,-1,-1,-1,-1,-1,-1,-1,-1,-1,-1,-1,-1,-1,-1,-1,-1,-1,-1,1,6,A,713.5232668235557,DISTID3,54
?,?,?,?,False,0,210,0,210,-1,-1,-1,-1,-1,-1,-1,-1,-1,-1,-1,-1,-1,-1,-1,-1,-1,-1,-1,-1,-1,1,6,A,713.5232668235557,DISTID3,55
?,?,?,?,False,0,210,0,210,-1,-1,-1,-1,-1,-1,-1,-1,-1,-1,-1,-1,-1,-1,-1,-1,-1,-1,-1,-1,-1,1,6,A,713.5232668235557,DISTID3,56
?,?,?,?,False,0,210,0,210,-1,-1,-1,-1,-1,-1,-1,-1,-1,-1,-1,-1,-1,-1,-1,-1,-1,-1,-1,-1,-1,1,6,A,713.5232668235557,DISTID3,57
?,?,?,?,False,0,210,0,210,-1,-1,-1,-1,-1,-1,-1,-1,-1,-1,-1,-1,-1,-1,-1,-1,-1,-1,-1,-1,-1,1,6,A,713.5232668235557,DISTID3,58
?,?,?,?,False,0,210,0,210,-1,-1,-1,-1,-1,-1,-1,-1,-1,-1,-1,-1,-1,-1,-1,-1,-1,-1,-1,-1,-1,1,6,A,713.5232668235557,DISTID3,59
?,?,?,?,False,0,210,0,210,-1,-1,-1,-1,-1,-1,-1,-1,-1,-1,-1,-1,-1,-1,-1,-1,-1,-1,-1,-1,-1,1,6,A,713.5232668235557,DISTID3,60
?,?,?,?,False,0,210,0,210,-1,-1,-1,-1,-1,-1,-1,-1,-1,-1,-1,-1,-1,-1,-1,-1,-1,-1,-1,-1,-1,1,6,A,713.5232668235557,DISTID3,61
?,?,?,?,False,0,210,0,210,-1,-1,-1,-1,-1,-1,-1,-1,-1,-1,-1,-1,-1,-1,-1,-1,-1,-1,-1,-1,-1,1,6,A,713.5232668235557,DISTID3,62
?,?,?,?,False,0,210,0,210,-1,-1,-1,-1,-1,-1,-1,-1,-1,-1,-1,-1,-1,-1,-1,-1,-1,-1,-1,-1,-1,1,6,A,713.5232668235557,DISTID3,63
?,?,?,?,False,0,210,0,210,-1,-1,-1,-1,-1,-1,-1,-1,-1,-1,-1,-1,-1,-1,-1,-1,-1,-1,-1,-1,-1,1,6,A,713.5232668235557,DISTID3,64
?,?,?,?,False,0,210,0,210,-1,-1,-1,-1,-1,-1,-1,-1,-1,-1,-1,-1,-1,-1,-1,-1,-1,-1,-1,-1,-1,1,6,A,713.5232668235557,DISTID3,65
?,?,?,?,False,0,210,0,210,-1,-1,-1,-1,-1,-1,-1,-1,-1,-1,-1,-1,-1,-1,-1,-1,-1,-1,-1,-1,-1,1,6,A,713.5232668235557,DISTID3,66
?,?,?,?,False,0,210,0,210,-1,-1,-1,-1,-1,-1,-1,-1,-1,-1,-1,-1,-1,-1,-1,-1,-1,-1,-1,-1,-1,1,6,A,713.5232668235557,DISTID3,67
?,?,?,?,False,0,210,0,210,-1,-1,-1,-1,-1,-1,-1,-1,-1,-1,-1,-1,-1,-1,-1,-1,-1,-1,-1,-1,-1,1,6,A,713.5232668235557,DISTID3,68
?,?,?,?,False,0,210,0,210,-1,-1,-1,-1,-1,-1,-1,-1,-1,-1,-1,-1,-1,-1,-1,-1,-1,-1,-1,-1,-1,1,6,A,713.5232668235557,DISTID3,69
?,?,?,?,False,0,210,0,210,-1,-1,-1,-1,-1,-1,-1,-1,-1,-1,-1,-1,-1,-1,-1,-1,-1,-1,-1,-1,-1,1,6,A,713.5232668235557,DISTID3,70
?,?,?,?,False,0,210,0,210,-1,-1,-1,-1,-1,-1,-1,-1,-1,-1,-1,-1,-1,-1,-1,-1,-1,-1,-1,-1,-1,1,6,A,713.5232668235557,DISTID3,71
?,?,?,?,False,0,210,0,210,-1,-1,-1,-1,-1,-1,-1,-1,-1,-1,-1,-1,-1,-1,-1,-1,-1,-1,-1,-1,-1,1,6,A,713.5232668235557,DISTID3,72
?,?,?,?,False,0,210,0,210,-1,-1,-1,-1,-1,-1,-1,-1,-1,-1,-1,-1,-1,-1,-1,-1,-1,-1,-1,-1,-1,1,6,A,713.5232668235557,DISTID3,73
?,?,?,?,False,0,210,0,210,-1,-1,-1,-1,-1,-1,-1,-1,-1,-1,-1,-1,-1,-1,-1,-1,-1,-1,-1,-1,-1,1,6,A,713.5232668235557,DISTID3,74
?,?,?,?,False,0,210,0,210,-1,-1,-1,-1,-1,-1,-1,-1,-1,-1,-1,-1,-1,-1,-1,-1,-1,-1,-1,-1,-1,1,6,A,713.5232668235557,DISTID3,75
?,?,?,?,False,0,210,0,210,-1,-1,-1,-1,-1,-1,-1,-1,-1,-1,-1,-1,-1,-1,-1,-1,-1,-1,-1,-1,-1,1,6,A,713.5232668235557,DISTID3,76
?,?,?,?,False,0,210,0,210,-1,-1,-1,-1,-1,-1,-1,-1,-1,-1,-1,-1,-1,-1,-1,-1,-1,-1,-1,-1,-1,1,6,A,713.5232668235557,DISTID3,77
?,?,?,?,False,0,210,0,210,-1,-1,-1,-1,-1,-1,-1,-1,-1,-1,-1,-1,-1,-1,-1,-1,-1,-1,-1,-1,-1,1,6,A,713.5232668235557,DISTID3,78
?,?,?,?,False,0,210,0,210,-1,-1,-1,-1,-1,-1,-1,-1,-1,-1,-1,-1,-1,-1,-1,-1,-1,-1,-1,-1,-1,1,6,A,713.5232668235557,DISTID3,79
?,?,?,?,False,0,210,0,210,-1,-1,-1,-1,-1,-1,-1,-1,-1,-1,-1,-1,-1,-1,-1,-1,-1,-1,-1,-1,-1,1,6,A,713.5232668235557,DISTID3,80
?,?,?,?,False,0,210,0,210,-1,-1,-1,-1,-1,-1,-1,-1,-1,-1,-1,-1,-1,-1,-1,-1,-1,-1,-1,-1,-1,1,6,A,713.5232668235557,DISTID3,81
?,?,?,?,False,0,210,0,210,-1,-1,-1,-1,-1,-1,-1,-1,-1,-1,-1,-1,-1,-1,-1,-1,-1,-1,-1,-1,-1,1,6,A,713.5232668235557,DISTID3,82
?,?,?,?,False,0,210,0,210,-1,-1,-1,-1,-1,-1,-1,-1,-1,-1,-1,-1,-1,-1,-1,-1,-1,-1,-1,-1,-1,1,6,A,713.5232668235557,DISTID3,83
?,?,?,?,False,0,210,0,210,-1,-1,-1,-1,-1,-1,-1,-1,-1,-1,-1,-1,-1,-1,-1,-1,-1,-1,-1,-1,-1,1,6,A,713.5232668235557,DISTID3,84
?,?,?,?,False,0,210,0,210,-1,-1,-1,-1,-1,-1,-1,-1,-1,-1,-1,-1,-1,-1,-1,-1,-1,-1,-1,-1,-1,1,6,A,713.5232668235557,DISTID3,85
?,?,?,?,False,0,210,0,210,-1,-1,-1,-1,-1,-1,-1,-1,-1,-1,-1,-1,-1,-1,-1,-1,-1,-1,-1,-1,-1,1,6,A,713.5232668235557,DISTID3,86
?,?,?,?,False,0,210,0,210,-1,-1,-1,-1,-1,-1,-1,-1,-1,-1,-1,-1,-1,-1,-1,-1,-1,-1,-1,-1,-1,1,6,A,713.5232668235557,DISTID3,87
?,?,?,?,False,0,210,0,210,-1,-1,-1,-1,-1,-1,-1,-1,-1,-1,-1,-1,-1,-1,-1,-1,-1,-1,-1,-1,-1,1,6,A,713.5232668235557,DISTID3,88
?,?,?,?,False,0,210,0,210,-1,-1,-1,-1,-1,-1,-1,-1,-1,-1,-1,-1,-1,-1,-1,-1,-1,-1,-1,-1,-1,1,6,A,713.5232668235557,DISTID3,89
?,?,?,?,False,0,210,0,210,-1,-1,-1,-1,-1,-1,-1,-1,-1,-1,-1,-1,-1,-1,-1,-1,-1,-1,-1,-1,-1,1,6,A,713.5232668235557,DISTID3,90
?,?,?,?,False,0,210,0,210,-1,-1,-1,-1,-1,-1,-1,-1,-1,-1,-1,-1,-1,-1,-1,-1,-1,-1,-1,-1,-1,1,6,A,713.5232668235557,DISTID3,91
?,?,?,?,False,0,210,0,210,-1,-1,-1,-1,-1,-1,-1,-1,-1,-1,-1,-1,-1,-1,-1,-1,-1,-1,-1,-1,-1,1,6,A,713.5232668235557,DISTID3,92
?,?,?,?,False,0,210,0,210,-1,-1,-1,-1,-1,-1,-1,-1,-1,-1,-1,-1,-1,-1,-1,-1,-1,-1,-1,-1,-1,1,6,A,713.5232668235557,DISTID3,93
?,?,?,?,False,0,210,0,210,-1,-1,-1,-1,-1,-1,-1,-1,-1,-1,-1,-1,-1,-1,-1,-1,-1,-1,-1,-1,-1,1,6,A,713.5232668235557,DISTID3,94
?,?,?,?,False,0,210,0,210,-1,-1,-1,-1,-1,-1,-1,-1,-1,-1,-1,-1,-1,-1,-1,-1,-1,-1,-1,-1,-1,1,6,A,713.5232668235557,DISTID3,95
?,?,?,?,False,0,210,0,210,-1,-1,-1,-1,-1,-1,-1,-1,-1,-1,-1,-1,-1,-1,-1,-1,-1,-1,-1,-1,-1,1,6,A,713.5232668235557,DISTID3,96
?,?,?,?,False,0,210,0,210,-1,-1,-1,-1,-1,-1,-1,-1,-1,-1,-1,-1,-1,-1,-1,-1,-1,-1,-1,-1,-1,1,6,A,713.5232668235557,DISTID3,97
?,?,?,?,False,0,210,0,210,-1,-1,-1,-1,-1,-1,-1,-1,-1,-1,-1,-1,-1,-1,-1,-1,-1,-1,-1,-1,-1,1,6,A,713.5232668235557,DISTID3,98
?,?,?,?,False,0,210,0,210,-1,-1,-1,-1,-1,-1,-1,-1,-1,-1,-1,-1,-1,-1,-1,-1,-1,-1,-1,-1,-1,1,6,A,713.5232668235557,DISTID3,99
?,?,?,?,False,0,210,0,210,-1,-1,-1,-1,-1,-1,-1,-1,-1,-1,-1,-1,-1,-1,-1,-1,-1,-1,-1,-1,-1,1,6,A,713.5232668235557,DISTID3,100
